"Make","Model","Variant","Color","Year","Status","Base","Additional","Total","Notes","URL"
"Subaru","Impreza Meaneye","WRX STi","Yellow","2009","parked","6","3","9","TE37","https://www.google.dk/maps/@35.5207566,139.5863336,3a,33.2y,52.96h,79.63t/data=!3m8!1e1!3m6!1s8TdwKRfnokPWoAJPLTlUyg!2e0!5s20090701T000000!6shttps:%2F%2Fstreetviewpixels-pa.googleapis.com%2Fv1%2Fthumbnail%3Fcb_client%3Dmaps_sv.tactile%26w%3D900%26h%3D600%26pitch%3D10.366591670075849%26panoid%3D8TdwKRfnokPWoAJPLTlUyg%26yaw%3D52.96134967466106!7i13312!8i6656?hl=da&entry=ttu&g_ep=EgoyMDI2MDMyNC4wIKXMDSoASAFQAw%3D%3D"
"Toyota","Supra A80","Series I","Orange","2014","parked","7","5","12","","https://www.google.dk/maps/@35.5298135,139.594924,3a,46.3y,57.51h,76.88t/data=!3m8!1e1!3m6!1sx53Ulm8XCTgtQnsfdtHFYA!2e0!5s20140201T000000!6shttps:%2F%2Fstreetviewpixels-pa.googleapis.com%2Fv1%2Fthumbnail%3Fcb_client%3Dmaps_sv.tactile%26w%3D900%26h%3D600%26pitch%3D13.124002623560088%26panoid%3Dx53Ulm8XCTgtQnsfdtHFYA%26yaw%3D57.51065987086375!7i13312!8i6656?hl=da&entry=ttu&g_ep=EgoyMDI2MDMyNC4wIKXMDSoASAFQAw%3D%3D"
"Subaru","Impreza Hawkeye","WRX STi","White","2009","driving","6","4","10","","https://www.google.dk/maps/@35.5343065,139.5833582,3a,40.5y,62.56h,72.31t/data=!3m8!1e1!3m6!1s5H27uCq_MO0DrpQAFtJfDg!2e0!5s20090901T000000!6shttps:%2F%2Fstreetviewpixels-pa.googleapis.com%2Fv1%2Fthumbnail%3Fcb_client%3Dmaps_sv.tactile%26w%3D900%26h%3D600%26pitch%3D17.69114558308955%26panoid%3D5H27uCq_MO0DrpQAFtJfDg%26yaw%3D62.556710490789655!7i13312!8i6656?hl=da&entry=ttu&g_ep=EgoyMDI2MDMyNC4wIKXMDSoASAFQAw%3D%3D"
"Toyota","Corolla AE86","Trueno","White","2016","parked","6","3","9","TE37","https://www.google.dk/maps/@35.5481017,139.5901758,3a,18.9y,255.16h,81.14t/data=!3m8!1e1!3m6!1s8D86ax-Zp66h9bVUiriKVg!2e0!5s20160401T000000!6shttps:%2F%2Fstreetviewpixels-pa.googleapis.com%2Fv1%2Fthumbnail%3Fcb_client%3Dmaps_sv.tactile%26w%3D900%26h%3D600%26pitch%3D8.859565022512825%26panoid%3D8D86ax-Zp66h9bVUiriKVg%26yaw%3D255.1624759460409!7i13312!8i6656?hl=da&entry=ttu&g_ep=EgoyMDI2MDMyNC4wIKXMDSoASAFQAw%3D%3D"
"Nissan","GT-R","R35","White","2016","parked","7","0","7","","https://www.google.dk/maps/@35.6006696,139.5999995,3a,25.2y,152.11h,85.06t/data=!3m8!1e1!3m6!1shljwaXUIkNCgTABCXW_szA!2e0!5s20161101T000000!6shttps:%2F%2Fstreetviewpixels-pa.googleapis.com%2Fv1%2Fthumbnail%3Fcb_client%3Dmaps_sv.tactile%26w%3D900%26h%3D600%26pitch%3D4.935883392059381%26panoid%3DhljwaXUIkNCgTABCXW_szA%26yaw%3D152.11385832455576!7i13312!8i6656?hl=da&entry=ttu&g_ep=EgoyMDI2MDMyNC4wIKXMDSoASAFQAw%3D%3D"
"Toyota","Corolla AE86","Trueno","White","2009","parked","6","1","7","","https://www.google.dk/maps/place/Minamiota+Police+Box/@35.4126665,139.5852525,3a,34.9y,37.02h,79.03t/data=!3m8!1e1!3m6!1sa4i00TqgIegIktzGjW0pMA!2e0!5s20090901T000000!6shttps:%2F%2Fstreetviewpixels-pa.googleapis.com%2Fv1%2Fthumbnail%3Fcb_client%3Dmaps_sv.tactile%26w%3D900%26h%3D600%26pitch%3D10.968339688528715%26panoid%3Da4i00TqgIegIktzGjW0pMA%26yaw%3D37.01738712232218!7i13312!8i6656!4m6!3m5!1s0x60185c817f7ac77b:0xbabf45e02d8369a8!8m2!3d35.4359635!4d139.6121168!16s%2Fg%2F12xqpwc95?hl=da&entry=ttu&g_ep=EgoyMDI2MDMyNC4wIKXMDSoASAFQAw%3D%3D"
"Honda","Civic EP","EP3 Type R","White","2020","parked","7","0","7","","https://www.google.dk/maps/place/Minamiota+Police+Box/@35.4130075,139.5855871,3a,28.6y,43.55h,80.04t/data=!3m8!1e1!3m6!1s-x8qLGfPrIhPtacFTv1S4w!2e0!5s20201101T000000!6shttps:%2F%2Fstreetviewpixels-pa.googleapis.com%2Fv1%2Fthumbnail%3Fcb_client%3Dmaps_sv.tactile%26w%3D900%26h%3D600%26pitch%3D9.958049898051456%26panoid%3D-x8qLGfPrIhPtacFTv1S4w%26yaw%3D43.54660133718204!7i16384!8i8192!4m6!3m5!1s0x60185c817f7ac77b:0xbabf45e02d8369a8!8m2!3d35.4359635!4d139.6121168!16s%2Fg%2F12xqpwc95?hl=da&entry=ttu&g_ep=EgoyMDI2MDMyNC4wIKXMDSoASAFQAw%3D%3D"
"Toyota","Altezza","Base","Green","2024","parked","3","6","9","Car has stickers from all over the world.","https://www.google.dk/maps/place/Minamiota+Police+Box/@35.4207225,139.585755,3a,30.7y,210.2h,75.54t/data=!3m8!1e1!3m6!1sQeWG3DqnoM87GOxxdFRkVw!2e0!5s20240801T000000!6shttps:%2F%2Fstreetviewpixels-pa.googleapis.com%2Fv1%2Fthumbnail%3Fcb_client%3Dmaps_sv.tactile%26w%3D900%26h%3D600%26pitch%3D14.463292505701205%26panoid%3DQeWG3DqnoM87GOxxdFRkVw%26yaw%3D210.20186313697437!7i16384!8i8192!4m6!3m5!1s0x60185c817f7ac77b:0xbabf45e02d8369a8!8m2!3d35.4359635!4d139.6121168!16s%2Fg%2F12xqpwc95?hl=da&entry=ttu&g_ep=EgoyMDI2MDMyNC4wIKXMDSoASAFQAw%3D%3D"
"Honda","Civic EF","EF8 CR-X","Black","2009","parked","5","0","5","","https://www.google.dk/maps/place/Minamiota+Police+Box/@35.4247865,139.5993675,3a,37.9y,62.09h,80.3t/data=!3m8!1e1!3m6!1soTAumVAcDm7OPgqcX_IUOQ!2e0!5s20090901T000000!6shttps:%2F%2Fstreetviewpixels-pa.googleapis.com%2Fv1%2Fthumbnail%3Fcb_client%3Dmaps_sv.tactile%26w%3D900%26h%3D600%26pitch%3D9.703368445898533%26panoid%3DoTAumVAcDm7OPgqcX_IUOQ%26yaw%3D62.090997695084575!7i13312!8i6656!4m6!3m5!1s0x60185c817f7ac77b:0xbabf45e02d8369a8!8m2!3d35.4359635!4d139.6121168!16s%2Fg%2F12xqpwc95?hl=da&entry=ttu&g_ep=EgoyMDI2MDMyNC4wIKXMDSoASAFQAw%3D%3D"
"Mazda","RX-7 FD3S","Base","White","2014","parked","6","2","8","","https://www.google.dk/maps/@35.5232229,139.6347525,3a,39.4y,302.7h,72.85t/data=!3m8!1e1!3m6!1s7ki1HLZSluspGF7F8HtuWw!2e0!5s20140401T000000!6shttps:%2F%2Fstreetviewpixels-pa.googleapis.com%2Fv1%2Fthumbnail%3Fcb_client%3Dmaps_sv.tactile%26w%3D900%26h%3D600%26pitch%3D17.15397644601498%26panoid%3D7ki1HLZSluspGF7F8HtuWw%26yaw%3D302.70300570377754!7i13312!8i6656?hl=da&entry=ttu&g_ep=EgoyMDI2MDMyMy4xIKXMDSoASAFQAw%3D%3D"
"Mazda","RX-7 FC3S","Base","White","2019","parked","4","2","6","","https://www.google.dk/maps/place/Okudo+Central+Pharmacy/@35.7283061,139.8388899,3a,60.4y,339.21h,74.29t/data=!3m8!1e1!3m6!1sLQwLmoxLqe8TCsr5t0Gv6Q!2e0!5s20190201T000000!6shttps:%2F%2Fstreetviewpixels-pa.googleapis.com%2Fv1%2Fthumbnail%3Fcb_client%3Dmaps_sv.tactile%26w%3D900%26h%3D600%26pitch%3D15.705885705893095%26panoid%3DLQwLmoxLqe8TCsr5t0Gv6Q%26yaw%3D339.20705414508996!7i16384!8i8192!4m6!3m5!1s0x601885f676de179d:0xfaefc7c251c04518!8m2!3d35.7357574!4d139.8564417!16s%2Fg%2F1q64jk081?hl=da&entry=ttu&g_ep=EgoyMDI2MDMyMy4xIKXMDSoASAFQAw%3D%3D"
"Nissan","Skyline R33","Autech 4-door GT-R","Purple","2016","parked","9","8","17","","https://www.google.dk/maps/@35.6520781,139.6679839,3a,34.3y,238.9h,73.9t/data=!3m8!1e1!3m6!1swnelPRxkqO6tfzJGQ0Eh9g!2e0!5s20160301T000000!6shttps:%2F%2Fstreetviewpixels-pa.googleapis.com%2Fv1%2Fthumbnail%3Fcb_client%3Dmaps_sv.tactile%26w%3D900%26h%3D600%26pitch%3D16.09610534153218%26panoid%3DwnelPRxkqO6tfzJGQ0Eh9g%26yaw%3D238.89817214896595!7i13312!8i6656?hl=da&entry=ttu&g_ep=EgoyMDI2MDMyMy4xIKXMDSoASAFQAw%3D%3D"
"Honda","Civic FD","FD2 Type R","White","2010","driving","5","1","6","","https://www.google.dk/maps/@35.4149802,139.498836,3a,41.2y,342.64h,73.43t/data=!3m8!1e1!3m6!1sbziNjp9XUGpaCgYHdgTgmQ!2e0!5s20100901T000000!6shttps:%2F%2Fstreetviewpixels-pa.googleapis.com%2Fv1%2Fthumbnail%3Fcb_client%3Dmaps_sv.tactile%26w%3D900%26h%3D600%26pitch%3D16.56871543968795%26panoid%3DbziNjp9XUGpaCgYHdgTgmQ%26yaw%3D342.642542854537!7i13312!8i6656?hl=da&entry=ttu&g_ep=EgoyMDI2MDMyMi4wIKXMDSoASAFQAw%3D%3D"
"Nissan","350Z","Base","Black","2017","driving","3","2","5","","https://www.google.dk/maps/@35.4445251,139.6318062,3a,28.4y,282.85h,81.33t/data=!3m8!1e1!3m6!1sQzT4XTcG-VvcstfejDDitg!2e0!5s20170801T000000!6shttps:%2F%2Fstreetviewpixels-pa.googleapis.com%2Fv1%2Fthumbnail%3Fcb_client%3Dmaps_sv.tactile%26w%3D900%26h%3D600%26pitch%3D8.670057574841294%26panoid%3DQzT4XTcG-VvcstfejDDitg%26yaw%3D282.85491135310195!7i13312!8i6656?hl=da&entry=ttu&g_ep=EgoyMDI2MDMxOC4xIKXMDSoASAFQAw%3D%3D"
"Nissan","Silvia S13","K's","Gold","2009","parked","6","1","7","","https://www.google.dk/maps/@35.5956823,139.5865443,3a,34.3y,231.14h,81.93t/data=!3m8!1e1!3m6!1s5b575doN6oqVVJQdeScO-Q!2e0!5s20090801T000000!6shttps:%2F%2Fstreetviewpixels-pa.googleapis.com%2Fv1%2Fthumbnail%3Fcb_client%3Dmaps_sv.tactile%26w%3D900%26h%3D600%26pitch%3D8.066931328935937%26panoid%3D5b575doN6oqVVJQdeScO-Q%26yaw%3D231.1404563475751!7i13312!8i6656?hl=da&entry=ttu&g_ep=EgoyMDI2MDMxOC4xIKXMDSoASAFQAw%3D%3D"
"Volkswagen","Golf III","VR6","Black","2015","parked","6","0","6","","https://www.google.dk/maps/@35.6586207,139.6292149,3a,37.9y,157.02h,74.82t/data=!3m8!1e1!3m6!1sihDoyMDbFCucMlnK91gV3A!2e0!5s20150401T000000!6shttps:%2F%2Fstreetviewpixels-pa.googleapis.com%2Fv1%2Fthumbnail%3Fcb_client%3Dmaps_sv.tactile%26w%3D900%26h%3D600%26pitch%3D15.176963551458996%26panoid%3DihDoyMDbFCucMlnK91gV3A%26yaw%3D157.01741029865312!7i13312!8i6656?hl=da&entry=ttu&g_ep=EgoyMDI2MDMxNy4wIKXMDSoASAFQAw%3D%3D"
"Nissan","Skyline R32","GT-R","White","2019","parked","7","1","8","","https://www.google.dk/maps/@35.6605929,139.6309572,3a,36.7y,210.21h,73.41t/data=!3m8!1e1!3m6!1s7GJs8osGSrOd3YHAXEGDlQ!2e0!5s20190301T000000!6shttps:%2F%2Fstreetviewpixels-pa.googleapis.com%2Fv1%2Fthumbnail%3Fcb_client%3Dmaps_sv.tactile%26w%3D900%26h%3D600%26pitch%3D16.59179836021758%26panoid%3D7GJs8osGSrOd3YHAXEGDlQ%26yaw%3D210.20533624517853!7i16384!8i8192?hl=da&entry=ttu&g_ep=EgoyMDI2MDMxNy4wIKXMDSoASAFQAw%3D%3D"
"BMW","E60","M5","White","2009","driving","6","0","6","","https://www.google.dk/maps/@35.5682722,139.7378949,3a,72.2y,311.97h,67.53t/data=!3m8!1e1!3m6!1sdl13Ug_1eonj0htKmRFqHA!2e0!5s20091201T000000!6shttps:%2F%2Fstreetviewpixels-pa.googleapis.com%2Fv1%2Fthumbnail%3Fcb_client%3Dmaps_sv.tactile%26w%3D900%26h%3D600%26pitch%3D22.467818043468043%26panoid%3Ddl13Ug_1eonj0htKmRFqHA%26yaw%3D311.97288929354147!7i13312!8i6656?hl=da&entry=ttu&g_ep=EgoyMDI2MDMxNS4wIKXMDSoASAFQAw%3D%3D"
"Hummer","H1","Base","Beige","2022","parked","7","0","7","","https://www.google.dk/maps/@35.5728575,139.7280717,3a,68.1y,123.68h,81.48t/data=!3m7!1e1!3m5!1sziybTFtw_PSZJMlgasjoFg!2e0!6shttps:%2F%2Fstreetviewpixels-pa.googleapis.com%2Fv1%2Fthumbnail%3Fcb_client%3Dmaps_sv.tactile%26w%3D900%26h%3D600%26pitch%3D8.516673407366241%26panoid%3DziybTFtw_PSZJMlgasjoFg%26yaw%3D123.68486652355008!7i16384!8i8192?hl=da&entry=ttu&g_ep=EgoyMDI2MDMxNS4wIKXMDSoASAFQAw%3D%3D"
"Mazda","RX-7 FD3S","Base","Silver","2016","driving","6","4","10","","https://www.google.dk/maps/@35.4376031,139.620593,3a,15.1y,71.67h,86.26t/data=!3m8!1e1!3m6!1sTmxCoC8TcB8LmvwfKjc0Mw!2e0!5s20160501T000000!6shttps:%2F%2Fstreetviewpixels-pa.googleapis.com%2Fv1%2Fthumbnail%3Fcb_client%3Dmaps_sv.tactile%26w%3D900%26h%3D600%26pitch%3D3.74408281290016%26panoid%3DTmxCoC8TcB8LmvwfKjc0Mw%26yaw%3D71.66638031627534!7i13312!8i6656?hl=da&entry=ttu&g_ep=EgoyMDI2MDMxNS4wIKXMDSoASAFQAw%3D%3D"
"Toyota","JZX100","Mk. IV","Red","2018","parked","2","5","7","","https://www.google.dk/maps/@35.3903154,139.4651446,3a,22.1y,31.92h,84.46t/data=!3m8!1e1!3m6!1scb7vjBYKVopUvYrsJVEWrA!2e0!5s20181001T000000!6shttps:%2F%2Fstreetviewpixels-pa.googleapis.com%2Fv1%2Fthumbnail%3Fcb_client%3Dmaps_sv.tactile%26w%3D900%26h%3D600%26pitch%3D5.5366176341778015%26panoid%3Dcb7vjBYKVopUvYrsJVEWrA%26yaw%3D31.91868507764715!7i13312!8i6656?hl=da&entry=ttu&g_ep=EgoyMDI2MDMxNS4wIKXMDSoASAFQAw%3D%3D"
"Mazda","RX-7 FD3S","Base","Black","2025","parked","6","0","6","","https://www.google.dk/maps/@35.3937518,139.466403,3a,32.1y,219.67h,83.62t/data=!3m8!1e1!3m6!1sRp8yRPrR8muWPGpSx1VY5A!2e0!5s20251101T000000!6shttps:%2F%2Fstreetviewpixels-pa.googleapis.com%2Fv1%2Fthumbnail%3Fcb_client%3Dmaps_sv.tactile%26w%3D900%26h%3D600%26pitch%3D6.3795918305462465%26panoid%3DRp8yRPrR8muWPGpSx1VY5A%26yaw%3D219.67356281407902!7i16384!8i8192?hl=da&entry=ttu&g_ep=EgoyMDI2MDMxNS4wIKXMDSoASAFQAw%3D%3D"
"Nissan","Skyline R32","GT-R","Silver","2009","parked","7","2","9","","https://www.google.dk/maps/@35.6552519,139.6096139,3a,48.9y,230.52h,67.48t/data=!3m8!1e1!3m6!1snEj7sObGgnzbmbAsHwtKNg!2e0!5s20090701T000000!6shttps:%2F%2Fstreetviewpixels-pa.googleapis.com%2Fv1%2Fthumbnail%3Fcb_client%3Dmaps_sv.tactile%26w%3D900%26h%3D600%26pitch%3D22.519883072126902%26panoid%3DnEj7sObGgnzbmbAsHwtKNg%26yaw%3D230.51981649588896!7i13312!8i6656?hl=da&entry=ttu&g_ep=EgoyMDI2MDMxMS4wIKXMDSoASAFQAw%3D%3D"
"Toyota","Supra A80","Series I","White","2009","parked","7","11","18","VeilSide Combat C1 bodykit","https://www.google.dk/maps/@35.7522048,139.9191973,3a,40.5y,243.84h,79.87t/data=!3m8!1e1!3m6!1sLI27BN6V6_aBFCMMhpdXog!2e0!5s20090701T000000!6shttps:%2F%2Fstreetviewpixels-pa.googleapis.com%2Fv1%2Fthumbnail%3Fcb_client%3Dmaps_sv.tactile%26w%3D900%26h%3D600%26pitch%3D10.132089294930964%26panoid%3DLI27BN6V6_aBFCMMhpdXog%26yaw%3D243.8406607419481!7i13312!8i6656?hl=da&entry=ttu&g_ep=EgoyMDI2MDMxMS4wIKXMDSoASAFQAw%3D%3D"
"Honda","Civic FK","FK8 Type R","Black","2022","parked","5","0","5","","https://www.google.dk/maps/@35.7598264,139.9140804,3a,43.1y,328.37h,78.23t/data=!3m8!1e1!3m6!1sbyZKK495SmKjXiQC8iceqw!2e0!5s20220801T000000!6shttps:%2F%2Fstreetviewpixels-pa.googleapis.com%2Fv1%2Fthumbnail%3Fcb_client%3Dmaps_sv.tactile%26w%3D900%26h%3D600%26pitch%3D11.768025075502848%26panoid%3DbyZKK495SmKjXiQC8iceqw%26yaw%3D328.37249840888995!7i16384!8i8192?hl=da&entry=ttu&g_ep=EgoyMDI2MDMxMS4wIKXMDSoASAFQAw%3D%3D"
"Mitsubishi","3000 GT","VR4","Blue","2009","parked","5","4","9","","https://www.google.dk/maps/@35.7618283,139.9147072,3a,33.8y,304.51h,88.05t/data=!3m8!1e1!3m6!1sOHbT6a8rl4QXg8gt7FPs_A!2e0!5s20090701T000000!6shttps:%2F%2Fstreetviewpixels-pa.googleapis.com%2Fv1%2Fthumbnail%3Fcb_client%3Dmaps_sv.tactile%26w%3D900%26h%3D600%26pitch%3D1.9546896420872173%26panoid%3DOHbT6a8rl4QXg8gt7FPs_A%26yaw%3D304.5149060818631!7i13312!8i6656?hl=da&entry=ttu&g_ep=EgoyMDI2MDMxMS4wIKXMDSoASAFQAw%3D%3D"
"Nissan","Skyline R34","GT-R","Black","2015","parked","8","0","8","","https://www.google.dk/maps/@35.696939,139.9971783,3a,15.4y,178.28h,86.48t/data=!3m8!1e1!3m6!1slqcG0qILQ8NgvFcyRVsXJQ!2e0!5s20150501T000000!6shttps:%2F%2Fstreetviewpixels-pa.googleapis.com%2Fv1%2Fthumbnail%3Fcb_client%3Dmaps_sv.tactile%26w%3D900%26h%3D600%26pitch%3D3.523083357868387%26panoid%3DlqcG0qILQ8NgvFcyRVsXJQ%26yaw%3D178.2799336426068!7i13312!8i6656?hl=da&entry=ttu&g_ep=EgoyMDI2MDMxMS4wIKXMDSoASAFQAw%3D%3D"
"Toyota","Supra A80","Series II","White","2010","parked","7","1","8","","https://www.google.dk/maps/@35.6957588,140.0080341,3a,38.6y,174.43h,83.22t/data=!3m8!1e1!3m6!1s4W_LFgz34og-SS3oUXngbg!2e0!5s20100201T000000!6shttps:%2F%2Fstreetviewpixels-pa.googleapis.com%2Fv1%2Fthumbnail%3Fcb_client%3Dmaps_sv.tactile%26w%3D900%26h%3D600%26pitch%3D6.775682751506494%26panoid%3D4W_LFgz34og-SS3oUXngbg%26yaw%3D174.4287115603524!7i13312!8i6656?hl=da&entry=ttu&g_ep=EgoyMDI2MDMxMS4wIKXMDSoASAFQAw%3D%3D"
"Honda","Civic EG","EG6 SiR","Blue","2025","parked","5","2","7","","https://www.google.dk/maps/@35.6959458,140.0307693,3a,15y,25.05h,83.7t/data=!3m8!1e1!3m6!1sVTt9JE_6v6VRBzpLDadb3g!2e0!5s20250601T000000!6shttps:%2F%2Fstreetviewpixels-pa.googleapis.com%2Fv1%2Fthumbnail%3Fcb_client%3Dmaps_sv.tactile%26w%3D900%26h%3D600%26pitch%3D6.295118607207982%26panoid%3DVTt9JE_6v6VRBzpLDadb3g%26yaw%3D25.047707650683233!7i16384!8i8192?hl=da&entry=ttu&g_ep=EgoyMDI2MDMxMS4wIKXMDSoASAFQAw%3D%3D"
"Mazda","RX-7 FD3S","Spirit R","Blue","2019","parked","7","1","8","","https://www.google.dk/maps/@35.517426,139.4787459,3a,27.2y,285.45h,90.47t/data=!3m8!1e1!3m6!1sM7WYkEIY4Q9_8LBGFqRhxw!2e0!5s20190801T000000!6shttps:%2F%2Fstreetviewpixels-pa.googleapis.com%2Fv1%2Fthumbnail%3Fcb_client%3Dmaps_sv.tactile%26w%3D900%26h%3D600%26pitch%3D-0.47026473224821075%26panoid%3DM7WYkEIY4Q9_8LBGFqRhxw%26yaw%3D285.4454360961604!7i16384!8i8192?hl=da&entry=ttu&g_ep=EgoyMDI2MDMxMS4wIKXMDSoASAFQAw%3D%3D"
"Toyota","Corolla AE86","Levin","Gold","2022","parked","6","3","9","","https://www.google.dk/maps/@35.5396273,139.502623,3a,25.1y,292.6h,85.6t/data=!3m7!1e1!3m5!1sk5KCwEFltbkzwP427Onmvw!2e0!6shttps:%2F%2Fstreetviewpixels-pa.googleapis.com%2Fv1%2Fthumbnail%3Fcb_client%3Dmaps_sv.tactile%26w%3D900%26h%3D600%26pitch%3D4.399436448004579%26panoid%3Dk5KCwEFltbkzwP427Onmvw%26yaw%3D292.59925871999025!7i16384!8i8192?hl=da&entry=ttu&g_ep=EgoyMDI2MDIyNS4wIKXMDSoASAFQAw%3D%3D"
"Honda","Civic FK","FK8 Type R","White","2020","parked","5","0","5","","https://www.google.dk/maps/@35.5350387,139.4943144,3a,22.7y,78.83h,86.08t/data=!3m8!1e1!3m6!1s8pd_gAYfyJsY-5Tz7azALQ!2e0!5s20201201T000000!6shttps:%2F%2Fstreetviewpixels-pa.googleapis.com%2Fv1%2Fthumbnail%3Fcb_client%3Dmaps_sv.tactile%26w%3D900%26h%3D600%26pitch%3D3.9233837897957216%26panoid%3D8pd_gAYfyJsY-5Tz7azALQ%26yaw%3D78.82657068078295!7i16384!8i8192?hl=da&entry=ttu&g_ep=EgoyMDI2MDIyNS4wIKXMDSoASAFQAw%3D%3D"
"Toyota","Supra A80","Series II","Blue","2010","parked","7","0","7","","https://www.google.dk/maps/@35.5350558,139.4943506,3a,20.4y,30.25h,84.4t/data=!3m8!1e1!3m6!1s_F7LvkQdylDB7A-gF_v6cg!2e0!5s20100201T000000!6shttps:%2F%2Fstreetviewpixels-pa.googleapis.com%2Fv1%2Fthumbnail%3Fcb_client%3Dmaps_sv.tactile%26w%3D900%26h%3D600%26pitch%3D5.597970905462091%26panoid%3D_F7LvkQdylDB7A-gF_v6cg%26yaw%3D30.25269220955838!7i13312!8i6656?hl=da&entry=ttu&g_ep=EgoyMDI2MDIyNS4wIKXMDSoASAFQAw%3D%3D"
"Honda","Civic FN","FN2 Type R","White","2015","parked","6","1","7","","https://www.google.dk/maps/@35.5333835,139.4911056,3a,30y,253.75h,78.82t/data=!3m8!1e1!3m6!1sC2klDJXwy5V9UOTSUIyI9w!2e0!5s20150501T000000!6shttps:%2F%2Fstreetviewpixels-pa.googleapis.com%2Fv1%2Fthumbnail%3Fcb_client%3Dmaps_sv.tactile%26w%3D900%26h%3D600%26pitch%3D11.17534176385199%26panoid%3DC2klDJXwy5V9UOTSUIyI9w%26yaw%3D253.74734791779275!7i13312!8i6656?hl=da&entry=ttu&g_ep=EgoyMDI2MDIyNS4wIKXMDSoASAFQAw%3D%3D"
"Toyota","Corolla AE86","Levin","Yellow","2020","parked","6","4","10","","https://www.google.dk/maps/@35.5599482,139.5640016,3a,23y,266h,85.9t/data=!3m8!1e1!3m6!1stEfNIlZNpVC507v-PsvFbQ!2e0!5s20200701T000000!6shttps:%2F%2Fstreetviewpixels-pa.googleapis.com%2Fv1%2Fthumbnail%3Fcb_client%3Dmaps_sv.tactile%26w%3D900%26h%3D600%26pitch%3D4.104882431233449%26panoid%3DtEfNIlZNpVC507v-PsvFbQ%26yaw%3D266.0016952811257!7i16384!8i8192?hl=da&entry=ttu&g_ep=EgoyMDI2MDIyNS4wIKXMDSoASAFQAw%3D%3D"
"Mitsubishi","3000 GT","VR4","Red","2009","parked","5","0","5","","https://www.google.dk/maps/@35.685866,139.6584276,3a,50.5y,197.06h,74.89t/data=!3m8!1e1!3m6!1suXTUeQKc9c9y_4Uls2UpNg!2e0!5s20091201T000000!6shttps:%2F%2Fstreetviewpixels-pa.googleapis.com%2Fv1%2Fthumbnail%3Fcb_client%3Dmaps_sv.tactile%26w%3D900%26h%3D600%26pitch%3D15.105730547313101%26panoid%3DuXTUeQKc9c9y_4Uls2UpNg%26yaw%3D197.05689564316356!7i13312!8i6656?hl=da&entry=ttu&g_ep=EgoyMDI2MDIyNS4wIKXMDSoASAFQAw%3D%3D"
"Toyota","Corolla AE86","Levin","White","2013","parked","6","2","8","","https://www.google.com/maps/@35.6238285,139.635352,3a,24.4y,172.57h,83.96t/data=!3m8!1e1!3m6!1sLX8KTFYcBzYpQWtC1snXKQ!2e0!5s20130701T000000!6shttps:%2F%2Fstreetviewpixels-pa.googleapis.com%2Fv1%2Fthumbnail%3Fcb_client%3Dmaps_sv.tactile%26w%3D900%26h%3D600%26pitch%3D6.039335440001025%26panoid%3DLX8KTFYcBzYpQWtC1snXKQ%26yaw%3D172.57272245846448!7i13312!8i6656?entry=ttu&g_ep=EgoyMDI2MDIxNy4wIKXMDSoASAFQAw%3D%3D"
"Nissan","Skyline R33","GT-R","Purple","2014","parked","7","1","8","","https://www.google.com/maps/@35.6239232,139.6348684,3a,15y,166.71h,88.25t/data=!3m8!1e1!3m6!1sBuRjlqBJky7SGwrliRQqwg!2e0!5s20140401T000000!6shttps:%2F%2Fstreetviewpixels-pa.googleapis.com%2Fv1%2Fthumbnail%3Fcb_client%3Dmaps_sv.tactile%26w%3D900%26h%3D600%26pitch%3D1.745613941632385%26panoid%3DBuRjlqBJky7SGwrliRQqwg%26yaw%3D166.7117908287869!7i13312!8i6656?entry=ttu&g_ep=EgoyMDI2MDIxNy4wIKXMDSoASAFQAw%3D%3D"
"Toyota","Celica","TA22","Black","2018","parked","4","1","5","","https://www.google.com/maps/@35.6243998,139.6350108,3a,49.6y,256.45h,73.92t/data=!3m8!1e1!3m6!1sNPIcqKt2XOZX0w3V6jc9pg!2e0!5s20180501T000000!6shttps:%2F%2Fstreetviewpixels-pa.googleapis.com%2Fv1%2Fthumbnail%3Fcb_client%3Dmaps_sv.tactile%26w%3D900%26h%3D600%26pitch%3D16.07979782214322%26panoid%3DNPIcqKt2XOZX0w3V6jc9pg%26yaw%3D256.4516708103689!7i16384!8i8192?entry=ttu&g_ep=EgoyMDI2MDIxNy4wIKXMDSoASAFQAw%3D%3D"
"Nissan","370Z","Base","Silver","2015","parked","3","1","4","","https://www.google.com/maps/place/Fukuoka,+Japan/@33.550025,130.3193543,3a,75y,188.11h,76.8t/data=!3m8!1e1!3m6!1skKLrxgnBkgP7Fodsm4GXUA!2e0!5s20221001T000000!6shttps:%2F%2Fstreetviewpixels-pa.googleapis.com%2Fv1%2Fthumbnail%3Fcb_client%3Dmaps_sv.tactile%26w%3D900%26h%3D600%26pitch%3D13.201417660754913%26panoid%3DkKLrxgnBkgP7Fodsm4GXUA%26yaw%3D188.10609663144265!7i16384!8i8192!4m6!3m5!1s0x3541eda1e9848429:0xf60a729936398783!8m2!3d33.5901838!4d130.4016888!16zL20vMGdxa2Q?entry=ttu&g_ep=EgoyMDI2MDIxMS4wIKXMDSoASAFQAw%3D%3D"
"Subaru","Impreza Hawkeye","WRX STi","White","2012","driving","6","1","7","","https://www.google.com/maps/place/Fukuoka,+Japan/@33.526369,130.3036267,3a,75y,135.56h,73.75t/data=!3m8!1e1!3m6!1sXTmRhZvrLJGvlSSd_b8vBA!2e0!5s20120101T000000!6shttps:%2F%2Fstreetviewpixels-pa.googleapis.com%2Fv1%2Fthumbnail%3Fcb_client%3Dmaps_sv.tactile%26w%3D900%26h%3D600%26pitch%3D16.248784456111864%26panoid%3DXTmRhZvrLJGvlSSd_b8vBA%26yaw%3D135.55634406894882!7i13312!8i6656!4m6!3m5!1s0x3541eda1e9848429:0xf60a729936398783!8m2!3d33.5901838!4d130.4016888!16zL20vMGdxa2Q?entry=ttu&g_ep=EgoyMDI2MDIxMS4wIKXMDSoASAFQAw%3D%3D"
"Nissan","Silvia S14","Kouki","Black","2016","parked","4","1","5","","google.com/maps/place/Fukuoka,+Japan/@33.5263666,130.3036179,3a,30.1y,132.56h,83t/data=!3m8!1e1!3m6!1sBaGftFq2gRuyO8LrRh35Fw!2e0!5s20160801T000000!6shttps:%2F%2Fstreetviewpixels-pa.googleapis.com%2Fv1%2Fthumbnail%3Fcb_client%3Dmaps_sv.tactile%26w%3D900%26h%3D600%26pitch%3D7.002386057887577%26panoid%3DBaGftFq2gRuyO8LrRh35Fw%26yaw%3D132.55749988683868!7i13312!8i6656!4m6!3m5!1s0x3541eda1e9848429:0xf60a729936398783!8m2!3d33.5901838!4d130.4016888!16zL20vMGdxa2Q?entry=ttu&g_ep=EgoyMDI2MDIxMS4wIKXMDSoASAFQAw%3D%3D"
"Honda","Civic EK","EK9 Type R","White","2018","parked","6","1","7","","https://www.google.com/maps/@35.6280485,139.6409845,3a,17y,97.55h,83.18t/data=!3m8!1e1!3m6!1sIjDMm7GK5e_hCmFXYApSsA!2e0!5s20180501T000000!6shttps:%2F%2Fstreetviewpixels-pa.googleapis.com%2Fv1%2Fthumbnail%3Fcb_client%3Dmaps_sv.tactile%26w%3D900%26h%3D600%26pitch%3D6.8183697278279%26panoid%3DIjDMm7GK5e_hCmFXYApSsA%26yaw%3D97.55429723221313!7i16384!8i8192?entry=ttu&g_ep=EgoyMDI2MDIxNy4wIKXMDSoASAFQAw%3D%3D"
"BMW","E46","M3","Silver","2018","parked","6","1","7","","https://www.google.com/maps/@35.6328701,139.6479319,3a,38.2y,253.35h,78.33t/data=!3m8!1e1!3m6!1sx9rtulEwXrxilXRk-XVoDA!2e0!5s20180501T000000!6shttps:%2F%2Fstreetviewpixels-pa.googleapis.com%2Fv1%2Fthumbnail%3Fcb_client%3Dmaps_sv.tactile%26w%3D900%26h%3D600%26pitch%3D11.671535337069486%26panoid%3Dx9rtulEwXrxilXRk-XVoDA%26yaw%3D253.3450470892829!7i16384!8i8192?entry=ttu&g_ep=EgoyMDI2MDIxNy4wIKXMDSoASAFQAw%3D%3D"
"Ferrari","F430","Base","Red","2017","driving","6","0","6","Rolls Royce in the background","https://www.google.dk/maps/@35.689732,139.6134505,3a,59.2y,320.05h,74.46t/data=!3m8!1e1!3m6!1ssDBZfn3nSN9tvuiXD8RQTg!2e0!5s20170601T000000!6shttps:%2F%2Fstreetviewpixels-pa.googleapis.com%2Fv1%2Fthumbnail%3Fcb_client%3Dmaps_sv.tactile%26w%3D900%26h%3D600%26pitch%3D15.54229740581765%26panoid%3DsDBZfn3nSN9tvuiXD8RQTg%26yaw%3D320.0491029783739!7i13312!8i6656?hl=da&entry=ttu&g_ep=EgoyMDI2MDIxNy4wIKXMDSoASAFQAw%3D%3D"
"Lamborghini","Huracan","Base","Red","2025","parked","6","0","6","","https://www.google.dk/maps/@34.6446463,135.5977846,3a,19.2y,224.01h,87.65t/data=!3m8!1e1!3m6!1sy9Iy-Cu2zvlemqkpae4G1g!2e0!5s20250201T000000!6shttps:%2F%2Fstreetviewpixels-pa.googleapis.com%2Fv1%2Fthumbnail%3Fcb_client%3Dmaps_sv.tactile%26w%3D900%26h%3D600%26pitch%3D2.3549352871064713%26panoid%3Dy9Iy-Cu2zvlemqkpae4G1g%26yaw%3D224.00717138039568!7i16384!8i8192?hl=da&entry=ttu&g_ep=EgoyMDI2MDIxNy4wIKXMDSoASAFQAw%3D%3D"
"Toyota","Celica","ST165 GT-Four","White","2017","parked","6","0","6","","https://www.google.dk/maps/@34.9226429,135.6986708,3a,39.4y,293.52h,73.62t/data=!3m8!1e1!3m6!1s0BUick09pD1J0x6TxTYevw!2e0!5s20171101T000000!6shttps:%2F%2Fstreetviewpixels-pa.googleapis.com%2Fv1%2Fthumbnail%3Fcb_client%3Dmaps_sv.tactile%26w%3D900%26h%3D600%26pitch%3D16.383633727115352%26panoid%3D0BUick09pD1J0x6TxTYevw%26yaw%3D293.52037508361803!7i13312!8i6656?hl=da&entry=ttu&g_ep=EgoyMDI2MDIxMS4wIKXMDSoASAFQAw%3D%3D"
"Bentley","Continental","GT","Black","2022","parked","5","2","7","Big ass donkey rims","https://www.google.dk/maps/@34.7231976,135.6203894,3a,34.3y,230.95h,81.36t/data=!3m8!1e1!3m6!1sL6bkwRDWvS1Xeogtf7tmjw!2e0!5s20221201T000000!6shttps:%2F%2Fstreetviewpixels-pa.googleapis.com%2Fv1%2Fthumbnail%3Fcb_client%3Dmaps_sv.tactile%26w%3D900%26h%3D600%26pitch%3D8.64281487036071%26panoid%3DL6bkwRDWvS1Xeogtf7tmjw%26yaw%3D230.94938072283594!7i16384!8i8192?hl=da&entry=ttu&g_ep=EgoyMDI2MDIxMS4wIKXMDSoASAFQAw%3D%3D"
"Nissan","Silvia S15","Base","Grey","2019","parked","4","1","5","Nismo LMGT4","https://www.google.dk/maps/place/Masuya+Liquor+Store/@35.7383093,139.6342276,3a,47.3y,203.24h,79.19t/data=!3m8!1e1!3m6!1sX1q1eBR46lbPIcw-g8DCSw!2e0!5s20190301T000000!6shttps:%2F%2Fstreetviewpixels-pa.googleapis.com%2Fv1%2Fthumbnail%3Fcb_client%3Dmaps_sv.tactile%26w%3D900%26h%3D600%26pitch%3D10.81443320036216%26panoid%3DX1q1eBR46lbPIcw-g8DCSw%26yaw%3D203.24163005136955!7i16384!8i8192!4m6!3m5!1s0x6018ec48ccf5dfb3:0x8fd1845dd6ead6ac!8m2!3d35.7509919!4d139.6348584!16s%2Fg%2F1tj4yr5h?hl=da&entry=ttu&g_ep=EgoyMDI2MDIxMS4wIKXMDSoASAFQAw%3D%3D"
"Nissan","GT-R","R35","Grey","2013","parked","7","0","7","","https://www.google.dk/maps/place/Masuya+Liquor+Store/@35.7462328,139.6401118,3a,60.8y,176.38h,77.88t/data=!3m8!1e1!3m6!1sHQulwwQkJ5lDaRhlC6kicg!2e0!5s20130601T000000!6shttps:%2F%2Fstreetviewpixels-pa.googleapis.com%2Fv1%2Fthumbnail%3Fcb_client%3Dmaps_sv.tactile%26w%3D900%26h%3D600%26pitch%3D12.11685891415354%26panoid%3DHQulwwQkJ5lDaRhlC6kicg%26yaw%3D176.37510331658612!7i13312!8i6656!4m6!3m5!1s0x6018ec48ccf5dfb3:0x8fd1845dd6ead6ac!8m2!3d35.7509919!4d139.6348584!16s%2Fg%2F1tj4yr5h?hl=da&entry=ttu&g_ep=EgoyMDI2MDIxMS4wIKXMDSoASAFQAw%3D%3D"
"Toyota","MR2","W20","Grey","2017","parked","4","0","4","","https://www.google.dk/maps/place/Masuya+Liquor+Store/@35.7511458,139.6444717,3a,68.1y,279.27h,67.42t/data=!3m8!1e1!3m6!1sUHK6wAfMb9iF_pz9U7BpHA!2e0!5s20170901T000000!6shttps:%2F%2Fstreetviewpixels-pa.googleapis.com%2Fv1%2Fthumbnail%3Fcb_client%3Dmaps_sv.tactile%26w%3D900%26h%3D600%26pitch%3D22.58184403259237%26panoid%3DUHK6wAfMb9iF_pz9U7BpHA%26yaw%3D279.2701024665071!7i13312!8i6656!4m6!3m5!1s0x6018ec48ccf5dfb3:0x8fd1845dd6ead6ac!8m2!3d35.7509919!4d139.6348584!16s%2Fg%2F1tj4yr5h?hl=da&entry=ttu&g_ep=EgoyMDI2MDIxMS4wIKXMDSoASAFQAw%3D%3D"
"Nissan","350Z","Base","Silver","2013","parked","3","2","5","Nismo Bodykit","https://www.google.dk/maps/place/Masuya+Liquor+Store/@35.7513914,139.6444269,3a,53.1y,53.87h,71.8t/data=!3m8!1e1!3m6!1sTe0ctDZL75kxOWDiZOnxzw!2e0!5s20130601T000000!6shttps:%2F%2Fstreetviewpixels-pa.googleapis.com%2Fv1%2Fthumbnail%3Fcb_client%3Dmaps_sv.tactile%26w%3D900%26h%3D600%26pitch%3D18.195461388704345%26panoid%3DTe0ctDZL75kxOWDiZOnxzw%26yaw%3D53.86613918558716!7i13312!8i6656!4m6!3m5!1s0x6018ec48ccf5dfb3:0x8fd1845dd6ead6ac!8m2!3d35.7509919!4d139.6348584!16s%2Fg%2F1tj4yr5h?hl=da&entry=ttu&g_ep=EgoyMDI2MDIxMS4wIKXMDSoASAFQAw%3D%3D"
"Nissan","Vintage","Skyline C110 Sedan","Red","2015","parked","6","0","6","","https://www.google.dk/maps/@35.7556133,139.6390075,3a,35.5y,174.44h,78.45t/data=!3m8!1e1!3m6!1sdK5HUG_iYTRwBP_5H3i5Bg!2e0!5s20150401T000000!6shttps:%2F%2Fstreetviewpixels-pa.googleapis.com%2Fv1%2Fthumbnail%3Fcb_client%3Dmaps_sv.tactile%26w%3D900%26h%3D600%26pitch%3D11.552632559416097%26panoid%3DdK5HUG_iYTRwBP_5H3i5Bg%26yaw%3D174.43770669896531!7i13312!8i6656?hl=da&entry=ttu&g_ep=EgoyMDI2MDIxMS4wIKXMDSoASAFQAw%3D%3D"
"Toyota","Supra A80","Series II","Grey","2020","parked","7","0","7","","https://www.google.dk/maps/@35.7565371,139.6375263,3a,15.1y,30.68h,84.77t/data=!3m8!1e1!3m6!1sk2JtzogNajzpmMJmMkk0jA!2e0!5s20201101T000000!6shttps:%2F%2Fstreetviewpixels-pa.googleapis.com%2Fv1%2Fthumbnail%3Fcb_client%3Dmaps_sv.tactile%26w%3D900%26h%3D600%26pitch%3D5.227782355444177%26panoid%3Dk2JtzogNajzpmMJmMkk0jA%26yaw%3D30.679329786160565!7i16384!8i8192?hl=da&entry=ttu&g_ep=EgoyMDI2MDIxMS4wIKXMDSoASAFQAw%3D%3D"
"Toyota","Corolla AE86","Levin","Red","2014","parked","6","0","6","","https://www.google.dk/maps/@35.7530167,139.6305358,3a,36.7y,298.07h,79.02t/data=!3m8!1e1!3m6!1smDmHnJBLa_SlpypG2zypHw!2e0!5s20140401T000000!6shttps:%2F%2Fstreetviewpixels-pa.googleapis.com%2Fv1%2Fthumbnail%3Fcb_client%3Dmaps_sv.tactile%26w%3D900%26h%3D600%26pitch%3D10.9767462920354%26panoid%3DmDmHnJBLa_SlpypG2zypHw%26yaw%3D298.06603389924453!7i13312!8i6656?hl=da&entry=ttu&g_ep=EgoyMDI2MDIxMS4wIKXMDSoASAFQAw%3D%3D"
"Subaru","SVX","Base","Silver","2018","parked","4","0","4","","https://www.google.dk/maps/@35.7604677,139.6316974,3a,20.7y,77.44h,84.04t/data=!3m8!1e1!3m6!1sK9j93-LJKmhMQ6zlD0ORmw!2e0!5s20180501T000000!6shttps:%2F%2Fstreetviewpixels-pa.googleapis.com%2Fv1%2Fthumbnail%3Fcb_client%3Dmaps_sv.tactile%26w%3D900%26h%3D600%26pitch%3D5.96122874837674%26panoid%3DK9j93-LJKmhMQ6zlD0ORmw%26yaw%3D77.43601953353648!7i16384!8i8192?hl=da&entry=ttu&g_ep=EgoyMDI2MDIxMS4wIKXMDSoASAFQAw%3D%3D"
"Nissan","Silvia S13","Base","White","2015","parked","5","0","5","","https://www.google.dk/maps/@35.7723144,139.6558521,3a,22.5y,9.08h,85.64t/data=!3m8!1e1!3m6!1se2Lv5bXkHQWL4srZQ7f4AA!2e0!5s20150301T000000!6shttps:%2F%2Fstreetviewpixels-pa.googleapis.com%2Fv1%2Fthumbnail%3Fcb_client%3Dmaps_sv.tactile%26w%3D900%26h%3D600%26pitch%3D4.360370425552375%26panoid%3De2Lv5bXkHQWL4srZQ7f4AA%26yaw%3D9.07778192755568!7i13312!8i6656?hl=da&entry=ttu&g_ep=EgoyMDI2MDIxMS4wIKXMDSoASAFQAw%3D%3D"
"Honda","Integra","DC5 Type R","Blue","2018","parked","6","0","6","","https://www.google.dk/maps/@35.8829125,139.518985,3a,34.3y,347.72h,77.23t/data=!3m8!1e1!3m6!1sxSd89am54hGqJ3oq_CZ9_A!2e0!5s20180901T000000!6shttps:%2F%2Fstreetviewpixels-pa.googleapis.com%2Fv1%2Fthumbnail%3Fcb_client%3Dmaps_sv.tactile%26w%3D900%26h%3D600%26pitch%3D12.772654501749955%26panoid%3DxSd89am54hGqJ3oq_CZ9_A%26yaw%3D347.7166616219443!7i16384!8i8192?hl=da&entry=ttu&g_ep=EgoyMDI2MDIxMS4wIKXMDSoASAFQAw%3D%3D"
"Nissan","Skyline R33","GT-R","White","2015","parked","7","0","7","","https://www.google.com/maps/@35.4282114,139.6699093,3a,29.6y,285.85h,77.68t/data=!3m8!1e1!3m6!1sNBd4uJwcO5wWKOWl5S97Xw!2e0!5s20090901T000000!6shttps:%2F%2Fstreetviewpixels-pa.googleapis.com%2Fv1%2Fthumbnail%3Fcb_client%3Dmaps_sv.tactile%26w%3D900%26h%3D600%26pitch%3D12.316548812458294%26panoid%3DNBd4uJwcO5wWKOWl5S97Xw%26yaw%3D285.8541358610337!7i13312!8i6656?entry=ttu&g_ep=EgoyMDI2MDIxMS4wIKXMDSoASAFQAw%3D%3D"
"Nissan","Silvia S13","K's","Blue","2009","parked","6","0","6","","https://www.google.com/maps/@35.4282114,139.6699093,3a,29.6y,285.85h,77.68t/data=!3m8!1e1!3m6!1sNBd4uJwcO5wWKOWl5S97Xw!2e0!5s20090901T000000!6shttps:%2F%2Fstreetviewpixels-pa.googleapis.com%2Fv1%2Fthumbnail%3Fcb_client%3Dmaps_sv.tactile%26w%3D900%26h%3D600%26pitch%3D12.316548812458294%26panoid%3DNBd4uJwcO5wWKOWl5S97Xw%26yaw%3D285.8541358610337!7i13312!8i6656?entry=ttu&g_ep=EgoyMDI2MDIxMS4wIKXMDSoASAFQAw%3D%3D"
"Honda","Civic EG","EG6 SiR","Red","2022","parked","5","1","6","Mugen rims","https://www.google.dk/maps/@35.7961453,139.7325518,3a,30.6y,337.6h,86.37t/data=!3m8!1e1!3m6!1sP-OtPl2-hPpT8JVsZXDKzw!2e0!5s20221001T000000!6shttps:%2F%2Fstreetviewpixels-pa.googleapis.com%2Fv1%2Fthumbnail%3Fcb_client%3Dmaps_sv.tactile%26w%3D900%26h%3D600%26pitch%3D3.630222859814495%26panoid%3DP-OtPl2-hPpT8JVsZXDKzw%26yaw%3D337.59582222626733!7i16384!8i8192?hl=da&entry=ttu&g_ep=EgoyMDI2MDIxMS4wIKXMDSoASAFQAw%3D%3D"
"Nissan","Skyline R30","2000 RS-X Turbo","White","2015","parked","7","0","7","","https://www.google.com/maps/place/Tokyo,+Japan/@35.7330496,139.2858964,3a,30.6y,335.16h,83.88t/data=!3m8!1e1!3m6!1spCVIe8CWn70BGHve4zUM1w!2e0!5s20150501T000000!6shttps:%2F%2Fstreetviewpixels-pa.googleapis.com%2Fv1%2Fthumbnail%3Fcb_client%3Dmaps_sv.tactile%26w%3D900%26h%3D600%26pitch%3D6.1166760246067895%26panoid%3DpCVIe8CWn70BGHve4zUM1w%26yaw%3D335.1630247379005!7i13312!8i6656!4m7!3m6!1s0x605d1b87f02e57e7:0x2e01618b22571b89!8m2!3d35.6764225!4d139.650027!10e5!16zL20vMDdkZms?entry=ttu&g_ep=EgoyMDI2MDIxMS4wIKXMDSoASAFQAw%3D%3D"
"Honda","Civic EK","EK9 Type R","Yellow","2010","parked","6","0","6","","https://www.google.dk/maps/@35.8161183,139.7102749,3a,29.3y,311.6h,82.07t/data=!3m8!1e1!3m6!1sg3dms-8h1GWm_4_YRHiq4A!2e0!5s20101201T000000!6shttps:%2F%2Fstreetviewpixels-pa.googleapis.com%2Fv1%2Fthumbnail%3Fcb_client%3Dmaps_sv.tactile%26w%3D900%26h%3D600%26pitch%3D7.931285828341416%26panoid%3Dg3dms-8h1GWm_4_YRHiq4A%26yaw%3D311.59658015329427!7i13312!8i6656?hl=da&entry=ttu&g_ep=EgoyMDI2MDIxMS4wIKXMDSoASAFQAw%3D%3D"
"Nissan","Silvia S13","K's","Green","2025","parked","6","2","8","","https://www.google.com/maps/place/Tokyo,+Japan/@35.730317,139.2833039,3a,23.1y,251.79h,86.65t/data=!3m7!1e1!3m5!1s_e6wZCMnzWyICDlkrR1DyQ!2e0!6shttps:%2F%2Fstreetviewpixels-pa.googleapis.com%2Fv1%2Fthumbnail%3Fcb_client%3Dmaps_sv.tactile%26w%3D900%26h%3D600%26pitch%3D3.3484792939888166%26panoid%3D_e6wZCMnzWyICDlkrR1DyQ%26yaw%3D251.7852444277869!7i16384!8i8192!4m7!3m6!1s0x605d1b87f02e57e7:0x2e01618b22571b89!8m2!3d35.6764225!4d139.650027!10e5!16zL20vMDdkZms?entry=ttu&g_ep=EgoyMDI2MDIxMS4wIKXMDSoASAFQAw%3D%3D"
"Nissan","GT-R","R35","Orange","2020","parked","7","0","7","","https://www.google.dk/maps/@35.8183681,139.7121634,3a,15y,154.48h,88.66t/data=!3m8!1e1!3m6!1sb0aHhlRcWH0YyrSL-73_6g!2e0!5s20201101T000000!6shttps:%2F%2Fstreetviewpixels-pa.googleapis.com%2Fv1%2Fthumbnail%3Fcb_client%3Dmaps_sv.tactile%26w%3D900%26h%3D600%26pitch%3D1.343590246268974%26panoid%3Db0aHhlRcWH0YyrSL-73_6g%26yaw%3D154.47520920388817!7i16384!8i8192?hl=da&entry=ttu&g_ep=EgoyMDI2MDIxMS4wIKXMDSoASAFQAw%3D%3D"
"Mazda","RX-7 FD3S","Base","Blue","2024","parked","6","0","6","","https://www.google.dk/maps/@35.6437802,139.7165011,3a,63.6y,313.06h,70.59t/data=!3m8!1e1!3m6!1sdD0Cuw4so--w_60Xv5TbCw!2e0!5s20240901T000000!6shttps:%2F%2Fstreetviewpixels-pa.googleapis.com%2Fv1%2Fthumbnail%3Fcb_client%3Dmaps_sv.tactile%26w%3D900%26h%3D600%26pitch%3D19.41111379793297%26panoid%3DdD0Cuw4so--w_60Xv5TbCw%26yaw%3D313.0643547965477!7i16384!8i8192?hl=da&entry=ttu&g_ep=EgoyMDI2MDIxMS4wIKXMDSoASAFQAw%3D%3D"
"Honda","Civic EK","EK4 SiR","Yellow","2009","parked","6","1","7","","https://www.google.dk/maps/@35.7709399,139.8087301,3a,15y,251.12h,85.71t/data=!3m8!1e1!3m6!1sLOHL1kGE_NOzD6w7rNVqXg!2e0!5s20091201T000000!6shttps:%2F%2Fstreetviewpixels-pa.googleapis.com%2Fv1%2Fthumbnail%3Fcb_client%3Dmaps_sv.tactile%26w%3D900%26h%3D600%26pitch%3D4.2930058201335015%26panoid%3DLOHL1kGE_NOzD6w7rNVqXg%26yaw%3D251.12218742598156!7i13312!8i6656?hl=da&entry=ttu&g_ep=EgoyMDI2MDIxMC4wIKXMDSoASAFQAw%3D%3D"
"Nissan","Skyline R32","GT-R","Grey","2014","parked","7","3","10","Two R32 GT-R's hanging out in random parking lot","https://www.google.dk/maps/@35.7713565,139.8140152,3a,59.8y,143.71h,80.89t/data=!3m8!1e1!3m6!1sVEbqyZfDTKDzgTup9-arpg!2e0!5s20140501T000000!6shttps:%2F%2Fstreetviewpixels-pa.googleapis.com%2Fv1%2Fthumbnail%3Fcb_client%3Dmaps_sv.tactile%26w%3D900%26h%3D600%26pitch%3D9.11441719229677%26panoid%3DVEbqyZfDTKDzgTup9-arpg%26yaw%3D143.70738891473033!7i13312!8i6656?hl=da&entry=ttu&g_ep=EgoyMDI2MDIxMC4wIKXMDSoASAFQAw%3D%3D"
"Nissan","350Z","Base","White","2025","parked","3","3","6","","https://www.google.dk/maps/@35.723028,139.5028919,3a,41.4y,156.65h,81.18t/data=!3m8!1e1!3m6!1sqbrH5kVZGIJ4LdZ5ZuBD2g!2e0!5s20250101T000000!6shttps:%2F%2Fstreetviewpixels-pa.googleapis.com%2Fv1%2Fthumbnail%3Fcb_client%3Dmaps_sv.tactile%26w%3D900%26h%3D600%26pitch%3D8.82346434097336%26panoid%3DqbrH5kVZGIJ4LdZ5ZuBD2g%26yaw%3D156.64749813245308!7i16384!8i8192?hl=da&entry=ttu&g_ep=EgoyMDI2MDIxMC4wIKXMDSoASAFQAw%3D%3D"
"Nissan","Vintage","GT-R KPGC10","Silver","2023","parked","9","1","10","","https://www.google.dk/maps/@35.7230372,139.5030171,3a,15.1y,140.77h,85.93t/data=!3m8!1e1!3m6!1sC8q7cE1Kpr0YRKHP3V8iiQ!2e0!5s20230901T000000!6shttps:%2F%2Fstreetviewpixels-pa.googleapis.com%2Fv1%2Fthumbnail%3Fcb_client%3Dmaps_sv.tactile%26w%3D900%26h%3D600%26pitch%3D4.074143457388885%26panoid%3DC8q7cE1Kpr0YRKHP3V8iiQ%26yaw%3D140.76532589143497!7i16384!8i8192?hl=da&entry=ttu&g_ep=EgoyMDI2MDIxMC4wIKXMDSoASAFQAw%3D%3D"
"Nissan","Silvia S13","Base","Black","2009","parked","5","0","5","","https://www.google.dk/maps/@35.7237811,139.5028478,3a,17.6y,46.85h,83.48t/data=!3m8!1e1!3m6!1sEFDD8_2S4JV_FH37gIwp7w!2e0!5s20090801T000000!6shttps:%2F%2Fstreetviewpixels-pa.googleapis.com%2Fv1%2Fthumbnail%3Fcb_client%3Dmaps_sv.tactile%26w%3D900%26h%3D600%26pitch%3D6.521072771463025%26panoid%3DEFDD8_2S4JV_FH37gIwp7w%26yaw%3D46.85181337955716!7i13312!8i6656?hl=da&entry=ttu&g_ep=EgoyMDI2MDIxMC4wIKXMDSoASAFQAw%3D%3D"
"Toyota","Corolla AE86","Levin","White","2017","parked","6","0","6","","https://www.google.dk/maps/@35.7255329,139.504364,3a,15.6y,95.99h,87.18t/data=!3m7!1e1!3m5!1squ97tOC_tiso4UExxThldA!2e0!6shttps:%2F%2Fstreetviewpixels-pa.googleapis.com%2Fv1%2Fthumbnail%3Fcb_client%3Dmaps_sv.tactile%26w%3D900%26h%3D600%26pitch%3D2.8151601656717844%26panoid%3Dqu97tOC_tiso4UExxThldA%26yaw%3D95.98899545007474!7i13312!8i6656?hl=da&entry=ttu&g_ep=EgoyMDI2MDIxMC4wIKXMDSoASAFQAw%3D%3D"
"Honda","Civic EK","EK9 Type R","Silver","2009","parked","6","0","6","","https://www.google.dk/maps/@35.72548,139.504883,3a,16.8y,252.7h,83.45t/data=!3m8!1e1!3m6!1sMSon7ch4Ta_imM2uV2f6ig!2e0!5s20090801T000000!6shttps:%2F%2Fstreetviewpixels-pa.googleapis.com%2Fv1%2Fthumbnail%3Fcb_client%3Dmaps_sv.tactile%26w%3D900%26h%3D600%26pitch%3D6.549603263287267%26panoid%3DMSon7ch4Ta_imM2uV2f6ig%26yaw%3D252.69676583642743!7i13312!8i6656?hl=da&entry=ttu&g_ep=EgoyMDI2MDIxMC4wIKXMDSoASAFQAw%3D%3D"
"Honda","Civic EK","EK9 Type R","Brown","2014","parked","6","0","6","","https://www.google.dk/maps/@35.7363863,139.5168919,3a,75y,138.83h,77.99t/data=!3m8!1e1!3m6!1sw20hOmzp52aZ-ZdtHqDM0g!2e0!5s20140201T000000!6shttps:%2F%2Fstreetviewpixels-pa.googleapis.com%2Fv1%2Fthumbnail%3Fcb_client%3Dmaps_sv.tactile%26w%3D900%26h%3D600%26pitch%3D12.009949583292013%26panoid%3Dw20hOmzp52aZ-ZdtHqDM0g%26yaw%3D138.83428241424627!7i13312!8i6656?hl=da&entry=ttu&g_ep=EgoyMDI2MDIxMC4wIKXMDSoASAFQAw%3D%3D"
"Toyota","Soarer","Z20","Silver","2015","parked","5","0","5","","https://www.google.dk/maps/@35.7360667,139.5168591,3a,41.5y,306.05h,77.82t/data=!3m8!1e1!3m6!1sd3e5DMPF_mpXk818Cksc0A!2e0!5s20150301T000000!6shttps:%2F%2Fstreetviewpixels-pa.googleapis.com%2Fv1%2Fthumbnail%3Fcb_client%3Dmaps_sv.tactile%26w%3D900%26h%3D600%26pitch%3D12.175501630647545%26panoid%3Dd3e5DMPF_mpXk818Cksc0A%26yaw%3D306.05494614110813!7i13312!8i6656?hl=da&entry=ttu&g_ep=EgoyMDI2MDIxMC4wIKXMDSoASAFQAw%3D%3D"
"Subaru","Impreza Blobeye","WRX STi","White","2018","parked","6","0","6","","https://www.google.dk/maps/@35.7264089,139.5243433,3a,41.1y,216.85h,71.35t/data=!3m8!1e1!3m6!1sUM_EsCNEHpQUYRlHYJkGHA!2e0!5s20180701T000000!6shttps:%2F%2Fstreetviewpixels-pa.googleapis.com%2Fv1%2Fthumbnail%3Fcb_client%3Dmaps_sv.tactile%26w%3D900%26h%3D600%26pitch%3D18.647316550849354%26panoid%3DUM_EsCNEHpQUYRlHYJkGHA%26yaw%3D216.8481192578549!7i16384!8i8192?hl=da&entry=ttu&g_ep=EgoyMDI2MDIxMC4wIKXMDSoASAFQAw%3D%3D"
"Toyota","JZX100","Mk. IV","White","2019","parked","2","4","6","","https://www.google.dk/maps/@35.7261645,139.5246436,3a,37.6y,321.17h,68.84t/data=!3m8!1e1!3m6!1s3JMDYxctROY9y74Mx8a2dw!2e0!5s20190401T000000!6shttps:%2F%2Fstreetviewpixels-pa.googleapis.com%2Fv1%2Fthumbnail%3Fcb_client%3Dmaps_sv.tactile%26w%3D900%26h%3D600%26pitch%3D21.15893976658475%26panoid%3D3JMDYxctROY9y74Mx8a2dw%26yaw%3D321.16752536903954!7i16384!8i8192?hl=da&entry=ttu&g_ep=EgoyMDI2MDIxMC4wIKXMDSoASAFQAw%3D%3D"
"Mitsubishi","3000 GT","VR4","Red","2023","parked","5","0","5","","https://www.google.dk/maps/@35.7330433,139.5390918,3a,35.9y,65.87h,82.47t/data=!3m8!1e1!3m6!1sjMeAiBzA1tn_fbeAg-nD4g!2e0!5s20230301T000000!6shttps:%2F%2Fstreetviewpixels-pa.googleapis.com%2Fv1%2Fthumbnail%3Fcb_client%3Dmaps_sv.tactile%26w%3D900%26h%3D600%26pitch%3D7.527687508941753%26panoid%3DjMeAiBzA1tn_fbeAg-nD4g%26yaw%3D65.87207343828854!7i16384!8i8192?hl=da&entry=ttu&g_ep=EgoyMDI2MDIxMC4wIKXMDSoASAFQAw%3D%3D"
"Subaru","Impreza Bugeye","WRX STi","Blue","2024","parked","6","1","7","With roof scoop","https://www.google.dk/maps/@35.7323666,139.5398894,3a,33.2y,63.01h,95.36t/data=!3m8!1e1!3m6!1skvGiSwo_DzAEtlhqnJgZUQ!2e0!5s20240901T000000!6shttps:%2F%2Fstreetviewpixels-pa.googleapis.com%2Fv1%2Fthumbnail%3Fcb_client%3Dmaps_sv.tactile%26w%3D900%26h%3D600%26pitch%3D-5.361338694735082%26panoid%3DkvGiSwo_DzAEtlhqnJgZUQ%26yaw%3D63.013458136669264!7i16384!8i8192?hl=da&entry=ttu&g_ep=EgoyMDI2MDIxMC4wIKXMDSoASAFQAw%3D%3D"
"Toyota","JZX100","Mk. II","Black","2025","driving","1","5","6","","https://www.google.dk/maps/@35.7293751,139.5406631,3a,31.3y,250.67h,77.99t/data=!3m8!1e1!3m6!1sZAZlgDIXf3isQfrK34DMSQ!2e0!5s20250701T000000!6shttps:%2F%2Fstreetviewpixels-pa.googleapis.com%2Fv1%2Fthumbnail%3Fcb_client%3Dmaps_sv.tactile%26w%3D900%26h%3D600%26pitch%3D12.009509448805233%26panoid%3DZAZlgDIXf3isQfrK34DMSQ%26yaw%3D250.6734250946685!7i16384!8i8192?hl=da&entry=ttu&g_ep=EgoyMDI2MDIxMC4wIKXMDSoASAFQAw%3D%3D"
"Honda","Civic FD","FD2 Type R","White","2014","parked","5","0","5","","https://www.google.dk/maps/@35.8635808,139.8016603,3a,37.6y,21.27h,77.89t/data=!3m8!1e1!3m6!1sJ5_Fm60rGGYIJxFd8lNkZQ!2e0!5s20140301T000000!6shttps:%2F%2Fstreetviewpixels-pa.googleapis.com%2Fv1%2Fthumbnail%3Fcb_client%3Dmaps_sv.tactile%26w%3D900%26h%3D600%26pitch%3D12.113317058727262%26panoid%3DJ5_Fm60rGGYIJxFd8lNkZQ%26yaw%3D21.270681469238973!7i13312!8i6656?hl=da&entry=ttu&g_ep=EgoyMDI2MDIwOS4wIKXMDSoASAFQAw%3D%3D"
"Mitsubishi","Lancer Evolution","V","Silver","2018","parked","5","0","5","","https://www.google.dk/maps/@35.8619891,139.8042401,3a,51.6y,32.35h,76.33t/data=!3m8!1e1!3m6!1sDK_3_Du7IVP2o0J2fSVzmg!2e0!5s20180801T000000!6shttps:%2F%2Fstreetviewpixels-pa.googleapis.com%2Fv1%2Fthumbnail%3Fcb_client%3Dmaps_sv.tactile%26w%3D900%26h%3D600%26pitch%3D13.665637546265586%26panoid%3DDK_3_Du7IVP2o0J2fSVzmg%26yaw%3D32.34650849261573!7i16384!8i8192?hl=da&entry=ttu&g_ep=EgoyMDI2MDIwOS4wIKXMDSoASAFQAw%3D%3D"
"Mazda","RX-7 FD3S","ɛ̃fini","Red","2014","parked","6","1","7","","https://www.google.dk/maps/@35.8609365,139.8040161,3a,42.6y,9.92h,77.44t/data=!3m8!1e1!3m6!1smRKoDTvAjuBiFifJW0NamQ!2e0!5s20140301T000000!6shttps:%2F%2Fstreetviewpixels-pa.googleapis.com%2Fv1%2Fthumbnail%3Fcb_client%3Dmaps_sv.tactile%26w%3D900%26h%3D600%26pitch%3D12.55574981767623%26panoid%3DmRKoDTvAjuBiFifJW0NamQ%26yaw%3D9.920486951240845!7i13312!8i6656?hl=da&entry=ttu&g_ep=EgoyMDI2MDIwOS4wIKXMDSoASAFQAw%3D%3D"
"Nissan","Skyline R32","GT-R","Silver","2014","parked","7","0","7","","https://www.google.dk/maps/@35.6966647,139.676073,3a,37.6y,77.89h,75.34t/data=!3m8!1e1!3m6!1sC_fQ_quXftX5DH5X-fvxww!2e0!5s20140701T000000!6shttps:%2F%2Fstreetviewpixels-pa.googleapis.com%2Fv1%2Fthumbnail%3Fcb_client%3Dmaps_sv.tactile%26w%3D900%26h%3D600%26pitch%3D14.659467777795768%26panoid%3DC_fQ_quXftX5DH5X-fvxww%26yaw%3D77.88809794075475!7i13312!8i6656?hl=da&entry=ttu&g_ep=EgoyMDI2MDIwOS4wIKXMDSoASAFQAw%3D%3D"
"Nissan","GT-R","R35","Grey","2019","parked","7","0","7","","https://www.google.dk/maps/@35.7004364,139.7167373,3a,16.5y,34.08h,87.95t/data=!3m8!1e1!3m6!1sJpuxSEWThMvO50n_7PEjYw!2e0!5s20190701T000000!6shttps:%2F%2Fstreetviewpixels-pa.googleapis.com%2Fv1%2Fthumbnail%3Fcb_client%3Dmaps_sv.tactile%26w%3D900%26h%3D600%26pitch%3D2.049594584476793%26panoid%3DJpuxSEWThMvO50n_7PEjYw%26yaw%3D34.0756926665285!7i16384!8i8192?hl=da&entry=ttu&g_ep=EgoyMDI2MDIwOS4wIKXMDSoASAFQAw%3D%3D"
"Subaru","Impreza Meaneye","WRX STi","Yellow","2016","parked","6","0","6","","https://www.google.dk/maps/@35.70887,139.7252965,3a,52.1y,308.04h,73.25t/data=!3m7!1e1!3m5!1sz7fk-JQ44FguEaJgd6eDaw!2e0!6shttps:%2F%2Fstreetviewpixels-pa.googleapis.com%2Fv1%2Fthumbnail%3Fcb_client%3Dmaps_sv.tactile%26w%3D900%26h%3D600%26pitch%3D16.75480355625986%26panoid%3Dz7fk-JQ44FguEaJgd6eDaw%26yaw%3D308.0392362931336!7i13312!8i6656?hl=da&entry=ttu&g_ep=EgoyMDI2MDIwOC4wIKXMDSoASAFQAw%3D%3D"
"Mazda","RX-8","Base","Grey","2016","parked","2","6","8","Abflug bodykit","https://www.google.dk/maps/@35.9047062,139.6425723,3a,37y,29.2h,75.28t/data=!3m8!1e1!3m6!1s_eheLwNGyPmrogCJpDi5fA!2e0!5s20160701T000000!6shttps:%2F%2Fstreetviewpixels-pa.googleapis.com%2Fv1%2Fthumbnail%3Fcb_client%3Dmaps_sv.tactile%26w%3D900%26h%3D600%26pitch%3D14.722118018043616%26panoid%3D_eheLwNGyPmrogCJpDi5fA%26yaw%3D29.201021406547852!7i13312!8i6656?hl=da&entry=ttu&g_ep=EgoyMDI2MDIwOC4wIKXMDSoASAFQAw%3D%3D"
"Honda","Civic EK","EK4 SiR","Yellow","2018","parked","6","0","6","","https://www.google.dk/maps/@35.9003103,139.6434866,3a,24.9y,196.78h,76.77t/data=!3m8!1e1!3m6!1sn92ePw9jEQVPzzJqNGlbZA!2e0!5s20180801T000000!6shttps:%2F%2Fstreetviewpixels-pa.googleapis.com%2Fv1%2Fthumbnail%3Fcb_client%3Dmaps_sv.tactile%26w%3D900%26h%3D600%26pitch%3D13.230479705793641%26panoid%3Dn92ePw9jEQVPzzJqNGlbZA%26yaw%3D196.7812378836599!7i16384!8i8192?hl=da&entry=ttu&g_ep=EgoyMDI2MDIwOC4wIKXMDSoASAFQAw%3D%3D"
"Mitsubishi","Lancer Evolution","VII","Blue","2022","parked","6","0","6","TE37","https://www.google.dk/maps/@35.9007458,139.6422684,3a,46.6y,233.56h,74.29t/data=!3m8!1e1!3m6!1sv2FNDHUTHAbyT5oAfCBotQ!2e0!5s20221101T000000!6shttps:%2F%2Fstreetviewpixels-pa.googleapis.com%2Fv1%2Fthumbnail%3Fcb_client%3Dmaps_sv.tactile%26w%3D900%26h%3D600%26pitch%3D15.70568237972185%26panoid%3Dv2FNDHUTHAbyT5oAfCBotQ%26yaw%3D233.5626352164176!7i16384!8i8192?hl=da&entry=ttu&g_ep=EgoyMDI2MDIwOC4wIKXMDSoASAFQAw%3D%3D"
"Nissan","180SX","Base","White","2009","parked","4","1","5","","https://www.google.dk/maps/@35.7361995,139.9046882,3a,38.9y,312.21h,79.85t/data=!3m8!1e1!3m6!1sEoeXq3VeqLkT3GDayXbKhw!2e0!5s20090901T000000!6shttps:%2F%2Fstreetviewpixels-pa.googleapis.com%2Fv1%2Fthumbnail%3Fcb_client%3Dmaps_sv.tactile%26w%3D900%26h%3D600%26pitch%3D10.149155590024762%26panoid%3DEoeXq3VeqLkT3GDayXbKhw%26yaw%3D312.2099550482105!7i13312!8i6656?hl=da&entry=ttu&g_ep=EgoyMDI2MDIwOC4wIKXMDSoASAFQAw%3D%3D"
"Subaru","Impreza Hawkeye","WRX STi","White","2018","parked","6","1","7","","https://www.google.dk/maps/@35.8039902,139.6476127,3a,31.3y,83.64h,79.31t/data=!3m7!1e1!3m5!1sehWuNwFDL4zGJ4xNTR0QkQ!2e0!6shttps:%2F%2Fstreetviewpixels-pa.googleapis.com%2Fv1%2Fthumbnail%3Fcb_client%3Dmaps_sv.tactile%26w%3D900%26h%3D600%26pitch%3D10.685999957050527%26panoid%3DehWuNwFDL4zGJ4xNTR0QkQ%26yaw%3D83.64029760410097!7i16384!8i8192?hl=da&entry=ttu&g_ep=EgoyMDI2MDIwOC4wIKXMDSoASAFQAw%3D%3D"
"Mazda","Autozam","AZ-1","Red","2012","parked","5","1","6","TE37","https://www.google.dk/maps/@35.804227,139.6459695,3a,41.3y,41.99h,77.97t/data=!3m8!1e1!3m6!1sqs7BEyXRLislZD6FcUxnzw!2e0!5s20120401T000000!6shttps:%2F%2Fstreetviewpixels-pa.googleapis.com%2Fv1%2Fthumbnail%3Fcb_client%3Dmaps_sv.tactile%26w%3D900%26h%3D600%26pitch%3D12.02801549934604%26panoid%3Dqs7BEyXRLislZD6FcUxnzw%26yaw%3D41.99372014821387!7i13312!8i6656?hl=da&entry=ttu&g_ep=EgoyMDI2MDIwNC4wIKXMDSoASAFQAw%3D%3D"
"Nissan","Skyline R33","GT-R","Silver","2021","parked","7","1","8","","https://www.google.dk/maps/@35.8053692,139.6461923,3a,44.9y,3.91h,68.8t/data=!3m8!1e1!3m6!1sSy6suKXOHsJav6T7lPusyg!2e0!5s20210101T000000!6shttps:%2F%2Fstreetviewpixels-pa.googleapis.com%2Fv1%2Fthumbnail%3Fcb_client%3Dmaps_sv.tactile%26w%3D900%26h%3D600%26pitch%3D21.20413180748909%26panoid%3DSy6suKXOHsJav6T7lPusyg%26yaw%3D3.9067790611624353!7i16384!8i8192?hl=da&entry=ttu&g_ep=EgoyMDI2MDIwNC4wIKXMDSoASAFQAw%3D%3D"
"Nissan","Skyline R30","2000 RS-X Turbo","Grey","2014","parked","7","0","7","","https://www.google.dk/maps/@35.6888109,139.4915817,3a,30y,157.71h,82.91t/data=!3m8!1e1!3m6!1skIBnz-qmyKVOPFIrAlOeYg!2e0!5s20140601T000000!6shttps:%2F%2Fstreetviewpixels-pa.googleapis.com%2Fv1%2Fthumbnail%3Fcb_client%3Dmaps_sv.tactile%26w%3D900%26h%3D600%26pitch%3D7.090125443431887%26panoid%3DkIBnz-qmyKVOPFIrAlOeYg%26yaw%3D157.70975814844778!7i13312!8i6656?hl=da&entry=ttu&g_ep=EgoyMDI2MDIwNC4wIKXMDSoKLDEwMDc5MjA2OUgBUAM%3D"
"Honda","Civic FN","FN2 Type R","Red","2024","parked","6","0","6","","https://www.google.dk/maps/@35.6894472,139.492021,3a,15y,144.74h,87.14t/data=!3m8!1e1!3m6!1soASlXwiJpWapIusvcLe9kQ!2e0!5s20240701T000000!6shttps:%2F%2Fstreetviewpixels-pa.googleapis.com%2Fv1%2Fthumbnail%3Fcb_client%3Dmaps_sv.tactile%26w%3D900%26h%3D600%26pitch%3D2.8590133416408747%26panoid%3DoASlXwiJpWapIusvcLe9kQ%26yaw%3D144.738227695422!7i16384!8i8192?hl=da&entry=ttu&g_ep=EgoyMDI2MDIwNC4wIKXMDSoKLDEwMDc5MjA2OUgBUAM%3D"
"Honda","Civic FK","FK8 Type R","Black","2025","parked","5","0","5","","https://www.google.dk/maps/@35.6894338,139.4920312,3a,15y,140.43h,87.27t/data=!3m8!1e1!3m6!1sjV1CEFwaxXuAEz2AlrO6cQ!2e0!5s20250701T000000!6shttps:%2F%2Fstreetviewpixels-pa.googleapis.com%2Fv1%2Fthumbnail%3Fcb_client%3Dmaps_sv.tactile%26w%3D900%26h%3D600%26pitch%3D2.7311467461041303%26panoid%3DjV1CEFwaxXuAEz2AlrO6cQ%26yaw%3D140.42716751166842!7i16384!8i8192?hl=da&entry=ttu&g_ep=EgoyMDI2MDIwNC4wIKXMDSoKLDEwMDc5MjA2OUgBUAM%3D"
"Toyota","Corolla AE86","Levin","Blue","2025","parked","6","2","8","","https://www.google.dk/maps/@35.6900896,139.4925429,3a,29.6y,184.2h,82.12t/data=!3m7!1e1!3m5!1sVByaxVv8AKB6Ptx6SdwuUw!2e0!6shttps:%2F%2Fstreetviewpixels-pa.googleapis.com%2Fv1%2Fthumbnail%3Fcb_client%3Dmaps_sv.tactile%26w%3D900%26h%3D600%26pitch%3D7.877667571814229%26panoid%3DVByaxVv8AKB6Ptx6SdwuUw%26yaw%3D184.19998878048898!7i16384!8i8192?hl=da&entry=ttu&g_ep=EgoyMDI2MDIwNC4wIKXMDSoKLDEwMDc5MjA2OUgBUAM%3D"
"Nissan","180SX","Base","White","2021","parked","4","1","5","","https://www.google.dk/maps/@35.6925452,139.4961341,3a,15y,218.87h,85.57t/data=!3m8!1e1!3m6!1sB9wzpngmiKSFrVFczeEk_w!2e0!5s20210201T000000!6shttps:%2F%2Fstreetviewpixels-pa.googleapis.com%2Fv1%2Fthumbnail%3Fcb_client%3Dmaps_sv.tactile%26w%3D900%26h%3D600%26pitch%3D4.434916289920793%26panoid%3DB9wzpngmiKSFrVFczeEk_w%26yaw%3D218.86524627489965!7i16384!8i8192?hl=da&entry=ttu&g_ep=EgoyMDI2MDIwNC4wIKXMDSoKLDEwMDc5MjA2OUgBUAM%3D"
"Honda","NSX","NA1","Red","2021","parked","8","0","8","","https://www.google.com/maps/@34.2777101,133.2111089,3a,41.6y,234.08h,80.79t/data=!3m7!1e1!3m5!1s_2N8ekDsw-lrX1DahMFRnA!2e0!6shttps:%2F%2Fstreetviewpixels-pa.googleapis.com%2Fv1%2Fthumbnail%3Fcb_client%3Dmaps_sv.tactile%26w%3D900%26h%3D600%26pitch%3D9.207499897265166%26panoid%3D_2N8ekDsw-lrX1DahMFRnA%26yaw%3D234.07645555838764!7i16384!8i8192?entry=ttu&g_ep=EgoyMDI2MDIwNC4wIKXMDSoKLDEwMDc5MjA2OUgBUAM%3D"
"Nissan","GT-R","R35","Red","2018","parked","7","2","9","Crazy aero mods","https://www.google.dk/maps/@35.6767738,139.5125579,3a,25.3y,162.75h,82.61t/data=!3m8!1e1!3m6!1svajCxyWVjqNdtfLzPjDKAQ!2e0!5s20180601T000000!6shttps:%2F%2Fstreetviewpixels-pa.googleapis.com%2Fv1%2Fthumbnail%3Fcb_client%3Dmaps_sv.tactile%26w%3D900%26h%3D600%26pitch%3D7.393229720759194%26panoid%3DvajCxyWVjqNdtfLzPjDKAQ%26yaw%3D162.74873191746383!7i16384!8i8192?hl=da&entry=ttu&g_ep=EgoyMDI2MDIwNC4wIKXMDSoKLDEwMDc5MjA2OUgBUAM%3D"
"Subaru","Impreza Blobeye","WRX STi","Blue","2020","parked","6","1","7","","https://www.google.dk/maps/@35.6763789,139.5164645,3a,15.2y,191.87h,83.48t/data=!3m8!1e1!3m6!1sB2gpL3HurL462uIf3mURBw!2e0!5s20201001T000000!6shttps:%2F%2Fstreetviewpixels-pa.googleapis.com%2Fv1%2Fthumbnail%3Fcb_client%3Dmaps_sv.tactile%26w%3D900%26h%3D600%26pitch%3D6.519268390286072%26panoid%3DB2gpL3HurL462uIf3mURBw%26yaw%3D191.8671292608192!7i16384!8i8192?hl=da&entry=ttu&g_ep=EgoyMDI2MDIwNC4wIKXMDSoKLDEwMDc5MjA2OUgBUAM%3D"
"Mazda","RX-7 FC3S","Base","Red","2009","parked","4","2","6","","https://www.google.dk/maps/@35.6775066,139.5161247,3a,51.5y,178.52h,67.89t/data=!3m8!1e1!3m6!1s68VuMLtMvaltMrYDFWihCA!2e0!5s20090701T000000!6shttps:%2F%2Fstreetviewpixels-pa.googleapis.com%2Fv1%2Fthumbnail%3Fcb_client%3Dmaps_sv.tactile%26w%3D900%26h%3D600%26pitch%3D22.106306434949317%26panoid%3D68VuMLtMvaltMrYDFWihCA%26yaw%3D178.51644234256332!7i13312!8i6656?hl=da&entry=ttu&g_ep=EgoyMDI2MDIwNC4wIKXMDSoKLDEwMDc5MjA2OUgBUAM%3D"
"Honda","Integra","DC2 Type R","White","2022","parked","7","1","8","4-door","https://www.google.dk/maps/@35.6726523,139.5163083,3a,33.8y,120.24h,76.38t/data=!3m8!1e1!3m6!1suckUiYo12fu82M6JwKLJmw!2e0!5s20221201T000000!6shttps:%2F%2Fstreetviewpixels-pa.googleapis.com%2Fv1%2Fthumbnail%3Fcb_client%3Dmaps_sv.tactile%26w%3D900%26h%3D600%26pitch%3D13.61527948023135%26panoid%3DuckUiYo12fu82M6JwKLJmw%26yaw%3D120.23942917390075!7i16384!8i8192?hl=da&entry=ttu&g_ep=EgoyMDI2MDIwNC4wIKXMDSoKLDEwMDc5MjA2OUgBUAM%3D"
"BMW","E90","M3","White","2017","parked","4","2","6","","https://www.google.dk/maps/@35.6635467,139.5149153,3a,36.7y,357.26h,73.02t/data=!3m8!1e1!3m6!1sybvSRbhmxobVhdmv2uGazw!2e0!5s20170301T000000!6shttps:%2F%2Fstreetviewpixels-pa.googleapis.com%2Fv1%2Fthumbnail%3Fcb_client%3Dmaps_sv.tactile%26w%3D900%26h%3D600%26pitch%3D16.977412754632525%26panoid%3DybvSRbhmxobVhdmv2uGazw%26yaw%3D357.25973693882054!7i13312!8i6656?hl=da&entry=ttu&g_ep=EgoyMDI2MDIwNC4wIKXMDSoKLDEwMDc5MjA2OUgBUAM%3D"
"Nissan","Vintage","GT-R KPGC10","Black","2009","parked","9","0","9","","https://www.google.dk/maps/@35.6823199,139.5200622,3a,15y,121.2h,86.9t/data=!3m8!1e1!3m6!1s5aKUzTfCkqqJEfxupuCdTw!2e0!5s20090701T000000!6shttps:%2F%2Fstreetviewpixels-pa.googleapis.com%2Fv1%2Fthumbnail%3Fcb_client%3Dmaps_sv.tactile%26w%3D900%26h%3D600%26pitch%3D3.1013282691480413%26panoid%3D5aKUzTfCkqqJEfxupuCdTw%26yaw%3D121.20069277590953!7i13312!8i6656?hl=da&entry=ttu&g_ep=EgoyMDI2MDIwNC4wIKXMDSoKLDEwMDc5MjA2OUgBUAM%3D"
"Nissan","Skyline R32","GT-R","White","2009","parked","7","0","7","TE37","https://www.google.dk/maps/@35.6816388,139.5206174,3a,39.2y,238.51h,76.83t/data=!3m8!1e1!3m6!1srwRlRxvhMa3i2fwZ70WEgA!2e0!5s20090701T000000!6shttps:%2F%2Fstreetviewpixels-pa.googleapis.com%2Fv1%2Fthumbnail%3Fcb_client%3Dmaps_sv.tactile%26w%3D900%26h%3D600%26pitch%3D13.174280439876213%26panoid%3DrwRlRxvhMa3i2fwZ70WEgA%26yaw%3D238.51377727245733!7i13312!8i6656?hl=da&entry=ttu&g_ep=EgoyMDI2MDIwNC4wIKXMDSoKLDEwMDc5MjA2OUgBUAM%3D"
"Honda","Civic EP","EP3 Type R","White","2015","parked","7","1","8","","https://www.google.dk/maps/@35.6816607,139.5206216,3a,32.1y,255.27h,78.12t/data=!3m8!1e1!3m6!1soKcwvj1eQ8KYP0bBU7SMow!2e0!5s20150301T000000!6shttps:%2F%2Fstreetviewpixels-pa.googleapis.com%2Fv1%2Fthumbnail%3Fcb_client%3Dmaps_sv.tactile%26w%3D900%26h%3D600%26pitch%3D11.877295089049284%26panoid%3DoKcwvj1eQ8KYP0bBU7SMow%26yaw%3D255.2713655429512!7i13312!8i6656?hl=da&entry=ttu&g_ep=EgoyMDI2MDIwNC4wIKXMDSoKLDEwMDc5MjA2OUgBUAM%3D"
"Nissan","Silvia S13","K's","Black","2011","parked","6","0","6","","https://www.google.dk/maps/@35.8835241,139.5287045,3a,33.2y,351.03h,75.37t/data=!3m8!1e1!3m6!1s92Xxl3Hs2gWAuyml1bC4mA!2e0!5s20110301T000000!6shttps:%2F%2Fstreetviewpixels-pa.googleapis.com%2Fv1%2Fthumbnail%3Fcb_client%3Dmaps_sv.tactile%26w%3D900%26h%3D600%26pitch%3D14.62576394301766%26panoid%3D92Xxl3Hs2gWAuyml1bC4mA%26yaw%3D351.0345418363458!7i13312!8i6656?hl=da&entry=ttu&g_ep=EgoyMDI2MDIwNC4wIKXMDSoKLDEwMDc5MjA2OUgBUAM%3D"
"Subaru","Impreza Blobeye","WRX STi","Blue","2015","parked","6","1","7","","https://www.google.dk/maps/@35.4043174,139.5041381,3a,44.9y,121.96h,68.13t/data=!3m8!1e1!3m6!1sZfdQFxR0hqNouU73Lzh8tg!2e0!5s20150801T000000!6shttps:%2F%2Fstreetviewpixels-pa.googleapis.com%2Fv1%2Fthumbnail%3Fcb_client%3Dmaps_sv.tactile%26w%3D900%26h%3D600%26pitch%3D21.87005484262565%26panoid%3DZfdQFxR0hqNouU73Lzh8tg%26yaw%3D121.96218862604486!7i13312!8i6656?hl=da&entry=ttu&g_ep=EgoyMDI2MDEyOC4wIKXMDSoKLDEwMDc5MjA2OUgBUAM%3D"
"Mazda","RX-7 FD3S","Base","White","2016","parked","6","1","7","","https://www.google.dk/maps/@35.5660422,139.5912158,3a,28.1y,2.15h,77.63t/data=!3m8!1e1!3m6!1sKH997upnBMvMqgoCQoCgSg!2e0!5s20160401T000000!6shttps:%2F%2Fstreetviewpixels-pa.googleapis.com%2Fv1%2Fthumbnail%3Fcb_client%3Dmaps_sv.tactile%26w%3D900%26h%3D600%26pitch%3D12.36814184698001%26panoid%3DKH997upnBMvMqgoCQoCgSg%26yaw%3D2.1526968522235848!7i13312!8i6656?hl=da&entry=ttu&g_ep=EgoyMDI2MDEwNy4wIKXMDSoKLDEwMDc5MjA2OUgBUAM%3D"
"Nissan","Silvia S14","Kouki","Red","2024","parked","4","2","6","","https://www.google.dk/maps/@35.450429,139.3879566,3a,16.1y,8.2h,84.2t/data=!3m8!1e1!3m6!1soo2mtHoq9xfsIka_xPwAJA!2e0!5s20240501T000000!6shttps:%2F%2Fstreetviewpixels-pa.googleapis.com%2Fv1%2Fthumbnail%3Fcb_client%3Dmaps_sv.tactile%26w%3D900%26h%3D600%26pitch%3D5.796134923627605%26panoid%3Doo2mtHoq9xfsIka_xPwAJA%26yaw%3D8.204372096613978!7i16384!8i8192?hl=da&entry=ttu&g_ep=EgoyMDI1MTIwOS4wIKXMDSoKLDEwMDc5MjA2OUgBUAM%3D"
"Honda","City","Turbo II","Red","2010","parked","8","0","8","Convertible","https://www.google.dk/maps/@35.7110279,139.9545693,3a,35.9y,157.84h,75.82t/data=!3m8!1e1!3m6!1ssQ0iLMFGpvJ4PmjRpWoQ4Q!2e0!5s20100801T000000!6shttps:%2F%2Fstreetviewpixels-pa.googleapis.com%2Fv1%2Fthumbnail%3Fcb_client%3Dmaps_sv.tactile%26w%3D900%26h%3D600%26pitch%3D14.182604432406023%26panoid%3DsQ0iLMFGpvJ4PmjRpWoQ4Q%26yaw%3D157.8386556353401!7i13312!8i6656?hl=da&entry=ttu&g_ep=EgoyMDI1MTIwOS4wIKXMDSoKLDEwMDc5MjA2OUgBUAM%3D"
"Toyota","Supra A80","Series I","Red","2009","parked","7","0","7","","https://www.google.dk/maps/@35.4873113,139.6276223,3a,15y,136.77h,83.86t/data=!3m7!1e1!3m5!1sSDLYcxDsHCEZmZA4J9cHQg!2e0!6shttps:%2F%2Fstreetviewpixels-pa.googleapis.com%2Fv1%2Fthumbnail%3Fcb_client%3Dmaps_sv.tactile%26w%3D900%26h%3D600%26pitch%3D6.142280074836506%26panoid%3DSDLYcxDsHCEZmZA4J9cHQg%26yaw%3D136.76608979547987!7i13312!8i6656?hl=da&entry=ttu&g_ep=EgoyMDI1MTIwOS4wIKXMDSoKLDEwMDc5MjA2OUgBUAM%3D"
"Toyota","Supra A80","Series II","Black","2021","parked","7","0","7","","https://www.google.dk/maps/@35.7335386,139.4753653,3a,48.9y,252.9h,77.93t/data=!3m8!1e1!3m6!1sd9xT57HAa_PKLlPVI2zqyw!2e0!5s20211001T000000!6shttps:%2F%2Fstreetviewpixels-pa.googleapis.com%2Fv1%2Fthumbnail%3Fcb_client%3Dmaps_sv.tactile%26w%3D900%26h%3D600%26pitch%3D12.06501457658581%26panoid%3Dd9xT57HAa_PKLlPVI2zqyw%26yaw%3D252.89984556601448!7i16384!8i8192?hl=da&entry=ttu&g_ep=EgoyMDI1MTIwMi4wIKXMDSoASAFQAw%3D%3D"
"Toyota","Supra A80","Series I","White","2010","parked","7","1","8","","https://www.google.dk/maps/@35.7297268,139.4765791,3a,34.3y,259.13h,76.64t/data=!3m8!1e1!3m6!1s1sBwWNk3x4EcqBtkRZTZTw!2e0!5s20100201T000000!6shttps:%2F%2Fstreetviewpixels-pa.googleapis.com%2Fv1%2Fthumbnail%3Fcb_client%3Dmaps_sv.tactile%26w%3D900%26h%3D600%26pitch%3D13.361806846174545%26panoid%3D1sBwWNk3x4EcqBtkRZTZTw%26yaw%3D259.1286772764496!7i13312!8i6656?hl=da&entry=ttu&g_ep=EgoyMDI1MTIwMi4wIKXMDSoASAFQAw%3D%3D"
"Honda","Integra","DC5 Type R","White","2015","parked","6","2","8","Full Mugen aero kit","https://www.google.dk/maps/@36.0627069,139.5194186,3a,20.9y,154.27h,85.98t/data=!3m8!1e1!3m6!1syI5EtbnyXEyOIxNT_SBFfw!2e0!5s20150701T000000!6shttps:%2F%2Fstreetviewpixels-pa.googleapis.com%2Fv1%2Fthumbnail%3Fcb_client%3Dmaps_sv.tactile%26w%3D900%26h%3D600%26pitch%3D4.024590026100896%26panoid%3DyI5EtbnyXEyOIxNT_SBFfw%26yaw%3D154.26692913845108!7i13312!8i6656?hl=da&entry=ttu&g_ep=EgoyMDI1MTEyMy4xIKXMDSoASAFQAw%3D%3D"
"Nissan","Skyline R32","GT-R","White","2019","parked","7","0","7","","https://www.google.dk/maps/@35.4090626,139.4973298,3a,15.5y,33.45h,86.17t/data=!3m8!1e1!3m6!1s456D2WoG8z0PPdMyVtEvIQ!2e0!5s20190601T000000!6shttps:%2F%2Fstreetviewpixels-pa.googleapis.com%2Fv1%2Fthumbnail%3Fcb_client%3Dmaps_sv.tactile%26w%3D900%26h%3D600%26pitch%3D3.825971489657391%26panoid%3D456D2WoG8z0PPdMyVtEvIQ%26yaw%3D33.45400187232067!7i16384!8i8192?hl=da&entry=ttu&g_ep=EgoyMDI1MTEyMy4xIKXMDSoASAFQAw%3D%3D"
"Nissan","Skyline R32","GT-R","Grey","2022","parked","7","0","7","","https://www.google.dk/maps/@35.4090677,139.497317,3a,57.4y,157.76h,75.34t/data=!3m8!1e1!3m6!1swdcsjZv05aWF3rljAuuDpw!2e0!5s20221101T000000!6shttps:%2F%2Fstreetviewpixels-pa.googleapis.com%2Fv1%2Fthumbnail%3Fcb_client%3Dmaps_sv.tactile%26w%3D900%26h%3D600%26pitch%3D14.660354733814643%26panoid%3DwdcsjZv05aWF3rljAuuDpw%26yaw%3D157.75623574310478!7i16384!8i8192?hl=da&entry=ttu&g_ep=EgoyMDI1MTEyMy4xIKXMDSoASAFQAw%3D%3D"
"Nissan","Skyline R32","GT-R","Grey","2010","parked","7","0","7","","https://www.google.dk/maps/@35.4091378,139.4963348,3a,39.3y,231.87h,79.53t/data=!3m8!1e1!3m6!1sEg6b5UMeaFuTuhp56XOZ5w!2e0!5s20100901T000000!6shttps:%2F%2Fstreetviewpixels-pa.googleapis.com%2Fv1%2Fthumbnail%3Fcb_client%3Dmaps_sv.tactile%26w%3D900%26h%3D600%26pitch%3D10.46685758484449%26panoid%3DEg6b5UMeaFuTuhp56XOZ5w%26yaw%3D231.8666917038187!7i13312!8i6656?hl=da&entry=ttu&g_ep=EgoyMDI1MTEyMy4xIKXMDSoASAFQAw%3D%3D"
"Honda","Civic EK","EK9 Type R","White","2013","parked","6","0","6","","https://www.google.dk/maps/@35.9076846,140.0563938,3a,47.5y,45.88h,74.02t/data=!3m7!1e1!3m5!1sxtHOuFED-Fv1FJtUhiDfQg!2e0!6shttps:%2F%2Fstreetviewpixels-pa.googleapis.com%2Fv1%2Fthumbnail%3Fcb_client%3Dmaps_sv.tactile%26w%3D900%26h%3D600%26pitch%3D15.978252836037711%26panoid%3DxtHOuFED-Fv1FJtUhiDfQg%26yaw%3D45.882505271541824!7i13312!8i6656?hl=da&entry=ttu&g_ep=EgoyMDI1MTExNy4wIKXMDSoASAFQAw%3D%3D"
"Nissan","GT-R","R35","White","2018","parked","7","0","7","","https://www.google.dk/maps/@35.5000163,139.5771791,3a,16.4y,147.31h,94.98t/data=!3m8!1e1!3m6!1s2lFKwmMOm-1k7SrHB7SXRw!2e0!5s20180701T000000!6shttps:%2F%2Fstreetviewpixels-pa.googleapis.com%2Fv1%2Fthumbnail%3Fcb_client%3Dmaps_sv.tactile%26w%3D900%26h%3D600%26pitch%3D-4.975264531173352%26panoid%3D2lFKwmMOm-1k7SrHB7SXRw%26yaw%3D147.31366034953305!7i16384!8i8192?hl=da&entry=ttu&g_ep=EgoyMDI1MTExNy4wIKXMDSoASAFQAw%3D%3D"
"Honda","Civic EG","EG6 SiR","Grey","2014","parked","5","0","5","","https://www.google.dk/maps/@35.5635379,139.6161959,3a,28.6y,193.81h,83.07t/data=!3m8!1e1!3m6!1sq4moNWaBRQ6p2QuQVN09Lg!2e0!5s20140401T000000!6shttps:%2F%2Fstreetviewpixels-pa.googleapis.com%2Fv1%2Fthumbnail%3Fcb_client%3Dmaps_sv.tactile%26w%3D900%26h%3D600%26pitch%3D6.925019326615981%26panoid%3Dq4moNWaBRQ6p2QuQVN09Lg%26yaw%3D193.8081209167034!7i13312!8i6656?hl=da&entry=ttu&g_ep=EgoyMDI1MTExNy4wIKXMDSoASAFQAw%3D%3D"
"Nissan","Skyline R34","GT-R","White","2022","parked","8","0","8","","https://www.google.dk/maps/@35.567769,139.6151581,3a,32.7y,181.25h,88.02t/data=!3m8!1e1!3m6!1sV1J8Tjs_C982C0HYk08KVg!2e0!5s20220901T000000!6shttps:%2F%2Fstreetviewpixels-pa.googleapis.com%2Fv1%2Fthumbnail%3Fcb_client%3Dmaps_sv.tactile%26w%3D900%26h%3D600%26pitch%3D1.9801954432264068%26panoid%3DV1J8Tjs_C982C0HYk08KVg%26yaw%3D181.24875579513727!7i16384!8i8192?hl=da&entry=ttu&g_ep=EgoyMDI1MTExNy4wIKXMDSoASAFQAw%3D%3D"
"Nissan","Silvia S15","Base","Blue","2009","parked","4","4","8","","https://www.google.dk/maps/@35.5576336,139.6007256,3a,37.6y,91.82h,80.67t/data=!3m8!1e1!3m6!1ssYT2_mEm0noPSFEoK4LVPg!2e0!5s20090801T000000!6shttps:%2F%2Fstreetviewpixels-pa.googleapis.com%2Fv1%2Fthumbnail%3Fcb_client%3Dmaps_sv.tactile%26w%3D900%26h%3D600%26pitch%3D9.33002992277956%26panoid%3DsYT2_mEm0noPSFEoK4LVPg%26yaw%3D91.82032381186298!7i13312!8i6656?hl=da&entry=ttu&g_ep=EgoyMDI1MTExNy4wIKXMDSoASAFQAw%3D%3D"
"BMW","E36","M3","Purple","2018","parked","5","0","5","","https://www.google.dk/maps/@35.5651365,139.6009693,3a,34.3y,169.03h,78.74t/data=!3m8!1e1!3m6!1sSoEDS5d2QYzVhV5ibX_Nww!2e0!5s20180801T000000!6shttps:%2F%2Fstreetviewpixels-pa.googleapis.com%2Fv1%2Fthumbnail%3Fcb_client%3Dmaps_sv.tactile%26w%3D900%26h%3D600%26pitch%3D11.25737352040764%26panoid%3DSoEDS5d2QYzVhV5ibX_Nww%26yaw%3D169.02918845736195!7i16384!8i8192?hl=da&entry=ttu&g_ep=EgoyMDI1MTExNy4wIKXMDSoASAFQAw%3D%3D"
"Combos","Other","Other","Other","2019","parked","1","0","1","R32 & R34 GT-R","https://www.google.dk/maps/@35.5146907,139.5550722,3a,35.9y,107.84h,82.95t/data=!3m8!1e1!3m6!1sD7FCY5ma4nnP00uDi_HszQ!2e0!5s20190401T000000!6shttps:%2F%2Fstreetviewpixels-pa.googleapis.com%2Fv1%2Fthumbnail%3Fcb_client%3Dmaps_sv.tactile%26w%3D900%26h%3D600%26pitch%3D7.0540771196165934%26panoid%3DD7FCY5ma4nnP00uDi_HszQ%26yaw%3D107.84045290312137!7i16384!8i8192?hl=da&entry=ttu&g_ep=EgoyMDI1MTExNy4wIKXMDSoASAFQAw%3D%3D"
"Toyota","Sports 800","Base","Blue","2009","parked","5","0","5","","https://www.google.dk/maps/@35.511538,139.5575241,3a,44.9y,225.67h,75.43t/data=!3m8!1e1!3m6!1s7QE3Qa42Ext2dMYe20NjfA!2e0!5s20090901T000000!6shttps:%2F%2Fstreetviewpixels-pa.googleapis.com%2Fv1%2Fthumbnail%3Fcb_client%3Dmaps_sv.tactile%26w%3D900%26h%3D600%26pitch%3D14.567400531424084%26panoid%3D7QE3Qa42Ext2dMYe20NjfA%26yaw%3D225.67211489703507!7i13312!8i6656?hl=da&entry=ttu&g_ep=EgoyMDI1MTExNy4wIKXMDSoASAFQAw%3D%3D"
"Honda","City","GA2","Red","2025","parked","3","4","7","","https://www.google.dk/maps/@35.5132039,139.5571868,3a,34.3y,223.55h,73.36t/data=!3m8!1e1!3m6!1sSx85XsP_yHdD76RtcpoZuQ!2e0!5s20250201T000000!6shttps:%2F%2Fstreetviewpixels-pa.googleapis.com%2Fv1%2Fthumbnail%3Fcb_client%3Dmaps_sv.tactile%26w%3D900%26h%3D600%26pitch%3D16.637462620505147%26panoid%3DSx85XsP_yHdD76RtcpoZuQ%26yaw%3D223.554641488588!7i16384!8i8192?hl=da&entry=ttu&g_ep=EgoyMDI1MTExNy4wIKXMDSoASAFQAw%3D%3D"
"Nissan","Skyline R33","GT-R","Purple","2009","parked","7","0","7","","https://www.google.dk/maps/@35.5156635,139.5588017,3a,29.9y,232.82h,84.59t/data=!3m8!1e1!3m6!1s6Nh77-hIhFkun0zSzJLF6g!2e0!5s20090901T000000!6shttps:%2F%2Fstreetviewpixels-pa.googleapis.com%2Fv1%2Fthumbnail%3Fcb_client%3Dmaps_sv.tactile%26w%3D900%26h%3D600%26pitch%3D5.408078777330587%26panoid%3D6Nh77-hIhFkun0zSzJLF6g%26yaw%3D232.823472369386!7i13312!8i6656?hl=da&entry=ttu&g_ep=EgoyMDI1MTExNy4wIKXMDSoASAFQAw%3D%3D"
"Toyota","Supra A80","Series II","Grey","2014","parked","7","0","7","","https://www.google.dk/maps/@35.5161456,139.5590296,3a,46.9y,245.22h,77.11t/data=!3m8!1e1!3m6!1sI76qbF-z9EA2DTPcHzZW2w!2e0!5s20140201T000000!6shttps:%2F%2Fstreetviewpixels-pa.googleapis.com%2Fv1%2Fthumbnail%3Fcb_client%3Dmaps_sv.tactile%26w%3D900%26h%3D600%26pitch%3D12.88982820253078%26panoid%3DI76qbF-z9EA2DTPcHzZW2w%26yaw%3D245.21797010899405!7i13312!8i6656?hl=da&entry=ttu&g_ep=EgoyMDI1MTExNy4wIKXMDSoASAFQAw%3D%3D"
"Toyota","Yaris","GR Sport","White","2025","parked","4","0","4","","https://www.google.dk/maps/@35.5167849,139.5590677,3a,34.3y,149.69h,78.18t/data=!3m8!1e1!3m6!1sI83HVzwlwTncytmY-GSFWw!2e0!5s20250501T000000!6shttps:%2F%2Fstreetviewpixels-pa.googleapis.com%2Fv1%2Fthumbnail%3Fcb_client%3Dmaps_sv.tactile%26w%3D900%26h%3D600%26pitch%3D11.815643977042356%26panoid%3DI83HVzwlwTncytmY-GSFWw%26yaw%3D149.6911732598289!7i16384!8i8192?hl=da&entry=ttu&g_ep=EgoyMDI1MTExNy4wIKXMDSoASAFQAw%3D%3D"
"Mitsubishi","Lancer Evolution","VI","White","2019","parked","5","1","6","","https://www.google.dk/maps/@35.8467974,139.8464006,3a,22.3y,38.62h,82.01t/data=!3m8!1e1!3m6!1sj5RuRvyX_YQxksazw3DqTg!2e0!5s20190501T000000!6shttps:%2F%2Fstreetviewpixels-pa.googleapis.com%2Fv1%2Fthumbnail%3Fcb_client%3Dmaps_sv.tactile%26w%3D900%26h%3D600%26pitch%3D7.986108290482676%26panoid%3Dj5RuRvyX_YQxksazw3DqTg%26yaw%3D38.62369501969992!7i16384!8i8192?hl=da&entry=ttu&g_ep=EgoyMDI1MTExMi4wIKXMDSoASAFQAw%3D%3D"
"Nissan","Vintage","GT-R KPGC10","Grey","2015","parked","9","0","9","","https://www.google.dk/maps/@35.8502976,139.8429288,3a,37.6y,22.36h,77.57t/data=!3m8!1e1!3m6!1syUR2bU_Glt3YbLwEf_-XKA!2e0!5s20150701T000000!6shttps:%2F%2Fstreetviewpixels-pa.googleapis.com%2Fv1%2Fthumbnail%3Fcb_client%3Dmaps_sv.tactile%26w%3D900%26h%3D600%26pitch%3D12.432094434134385%26panoid%3DyUR2bU_Glt3YbLwEf_-XKA%26yaw%3D22.360699624072883!7i13312!8i6656?hl=da&entry=ttu&g_ep=EgoyMDI1MTExMi4wIKXMDSoASAFQAw%3D%3D"
"Toyota","Corolla AE86","Levin","White","2022","parked","6","1","7","Rollcage!","https://www.google.dk/maps/@35.8659447,139.8433409,3a,26.1y,271.69h,84.51t/data=!3m8!1e1!3m6!1s3LXDL3-VPBKgoLofLO9Ptw!2e0!5s20221001T000000!6shttps:%2F%2Fstreetviewpixels-pa.googleapis.com%2Fv1%2Fthumbnail%3Fcb_client%3Dmaps_sv.tactile%26w%3D900%26h%3D600%26pitch%3D5.4917174987611475%26panoid%3D3LXDL3-VPBKgoLofLO9Ptw%26yaw%3D271.6938583508813!7i16384!8i8192?hl=da&entry=ttu&g_ep=EgoyMDI1MTExMi4wIKXMDSoASAFQAw%3D%3D"
"Nissan","Silvia S14","Zenki","Red","2010","parked","4","2","6","","https://www.google.dk/maps/@35.8690079,139.8419362,3a,34.3y,229.9h,82.72t/data=!3m8!1e1!3m6!1sfQDZFZWIbekFhrioIeRn5Q!2e0!5s20100201T000000!6shttps:%2F%2Fstreetviewpixels-pa.googleapis.com%2Fv1%2Fthumbnail%3Fcb_client%3Dmaps_sv.tactile%26w%3D900%26h%3D600%26pitch%3D7.2778080749639855%26panoid%3DfQDZFZWIbekFhrioIeRn5Q%26yaw%3D229.8999173606494!7i13312!8i6656?hl=da&entry=ttu&g_ep=EgoyMDI1MTExMi4wIKXMDSoASAFQAw%3D%3D"
"BMW","E46","M3","Blue","2010","parked","6","0","6","","https://www.google.dk/maps/@35.8718539,139.8429922,3a,28.6y,262.05h,82.24t/data=!3m8!1e1!3m6!1s0us6i1xWTjvrIzQob9T4zA!2e0!5s20100201T000000!6shttps:%2F%2Fstreetviewpixels-pa.googleapis.com%2Fv1%2Fthumbnail%3Fcb_client%3Dmaps_sv.tactile%26w%3D900%26h%3D600%26pitch%3D7.764838539732281%26panoid%3D0us6i1xWTjvrIzQob9T4zA%26yaw%3D262.0467519420581!7i13312!8i6656?hl=da&entry=ttu&g_ep=EgoyMDI1MTExMi4wIKXMDSoASAFQAw%3D%3D"
"Mazda","MX-5","NB","Black","2019","parked","2","0","2","Work Meister S1","https://www.google.dk/maps/@35.8799181,139.8409874,3a,24.3y,107.2h,82.38t/data=!3m8!1e1!3m6!1s4O-4AxYaRw3UHS-53PzpOg!2e0!5s20190801T000000!6shttps:%2F%2Fstreetviewpixels-pa.googleapis.com%2Fv1%2Fthumbnail%3Fcb_client%3Dmaps_sv.tactile%26w%3D900%26h%3D600%26pitch%3D7.623827625114956%26panoid%3D4O-4AxYaRw3UHS-53PzpOg%26yaw%3D107.19515872504431!7i16384!8i8192?hl=da&entry=ttu&g_ep=EgoyMDI1MTExMi4wIKXMDSoASAFQAw%3D%3D"
"Mazda","RX-7 FD3S","Base","Yellow","2021","parked","6","0","6","Mazdaspeed bumper","https://www.google.dk/maps/@35.5622959,139.5234857,3a,15y,177.36h,88.24t/data=!3m8!1e1!3m6!1s0EfdGnh5m_ekBkwGkkeErQ!2e0!5s20210301T000000!6shttps:%2F%2Fstreetviewpixels-pa.googleapis.com%2Fv1%2Fthumbnail%3Fcb_client%3Dmaps_sv.tactile%26w%3D900%26h%3D600%26pitch%3D1.7599064161524183%26panoid%3D0EfdGnh5m_ekBkwGkkeErQ%26yaw%3D177.35821965588767!7i16384!8i8192?hl=da&entry=ttu&g_ep=EgoyMDI1MTExMi4wIKXMDSoASAFQAw%3D%3D"
"Nissan","Skyline R33","GT-R","White","2014","parked","7","1","8","","https://www.google.dk/maps/@35.5616247,139.5241819,3a,29.9y,237.14h,77.2t/data=!3m8!1e1!3m6!1sYiuFz_l-JLfxKmyTUJS4Ww!2e0!5s20140201T000000!6shttps:%2F%2Fstreetviewpixels-pa.googleapis.com%2Fv1%2Fthumbnail%3Fcb_client%3Dmaps_sv.tactile%26w%3D900%26h%3D600%26pitch%3D12.80277878325198%26panoid%3DYiuFz_l-JLfxKmyTUJS4Ww%26yaw%3D237.13630932382367!7i13312!8i6656?hl=da&entry=ttu&g_ep=EgoyMDI1MTExMi4wIKXMDSoASAFQAw%3D%3D"
"Nissan","370Z","Nismo","Black","2023","parked","5","0","5","","https://www.google.dk/maps/@35.7627254,139.5178528,3a,41.1y,331.47h,84.9t/data=!3m7!1e1!3m5!1sCIHM0ogKEICAgIDZwuGDBQ!2e10!6shttps:%2F%2Flh3.googleusercontent.com%2Fgpms-cs-s%2FAPRy3c88D4FLpOvIjw-eyyvYdc6Iq6qY3pnc3ZZgyW96PTYlQm5IDuYYY81r6CiukHGmdN0xMhrRBe56pfHH-j89rW82ZjZ1dtD1Bw58wAX9_IlbJeRt2iw1okmr2RoaSvNjk0poPPP5%3Dw900-h600-k-no-pi5.100000144864268-ya247.57782656253266-ro0-fo100!7i7680!8i3840?hl=da&entry=ttu&g_ep=EgoyMDI1MTExMC4wIKXMDSoASAFQAw%3D%3D"
"Mazda","RX-8","Base","Grey","2019","parked","2","3","5","","https://www.google.dk/maps/@35.7055604,139.4814037,3a,32.7y,277.14h,79.12t/data=!3m8!1e1!3m6!1sT2QcJZ-2UccisRL1OApgtg!2e0!5s20190501T000000!6shttps:%2F%2Fstreetviewpixels-pa.googleapis.com%2Fv1%2Fthumbnail%3Fcb_client%3Dmaps_sv.tactile%26w%3D900%26h%3D600%26pitch%3D10.88278202834087%26panoid%3DT2QcJZ-2UccisRL1OApgtg%26yaw%3D277.1445746591958!7i16384!8i8192?hl=da&entry=ttu&g_ep=EgoyMDI1MTEwOS4wIKXMDSoASAFQAw%3D%3D"
"Honda","Civic EP","EP3 Type R","White","2014","parked","7","0","7","","https://www.google.dk/maps/@35.7072866,139.4824067,3a,19.3y,271.56h,86.47t/data=!3m8!1e1!3m6!1slWlmcXc39zRPSOFrYJYUmQ!2e0!5s20140401T000000!6shttps:%2F%2Fstreetviewpixels-pa.googleapis.com%2Fv1%2Fthumbnail%3Fcb_client%3Dmaps_sv.tactile%26w%3D900%26h%3D600%26pitch%3D3.5342991773888173%26panoid%3DlWlmcXc39zRPSOFrYJYUmQ%26yaw%3D271.5561149246718!7i13312!8i6656?hl=da&entry=ttu&g_ep=EgoyMDI1MTEwOS4wIKXMDSoASAFQAw%3D%3D"
"Nissan","Skyline R34","GT-R","Blue","2014","parked","8","0","8","","https://www.google.dk/maps/@35.7196231,139.4793361,3a,15y,143.36h,88.92t/data=!3m8!1e1!3m6!1syAUp9TBLpRikdcU29bMU0A!2e0!5s20140401T000000!6shttps:%2F%2Fstreetviewpixels-pa.googleapis.com%2Fv1%2Fthumbnail%3Fcb_client%3Dmaps_sv.tactile%26w%3D900%26h%3D600%26pitch%3D1.080855778095227%26panoid%3DyAUp9TBLpRikdcU29bMU0A%26yaw%3D143.35937235833387!7i13312!8i6656?hl=da&entry=ttu&g_ep=EgoyMDI1MTEwOS4wIKXMDSoASAFQAw%3D%3D"
"Combos","Other","Other","Other","2011","parked","1","5","6","JZX100 and S14 chillin'","https://www.google.dk/maps/@35.8056206,139.9021798,3a,19.3y,42.51h,83.63t/data=!3m8!1e1!3m6!1s6-cc51CTz7IYv9vYSJGdcw!2e0!5s20110201T000000!6shttps:%2F%2Fstreetviewpixels-pa.googleapis.com%2Fv1%2Fthumbnail%3Fcb_client%3Dmaps_sv.tactile%26w%3D900%26h%3D600%26pitch%3D6.371377987615915%26panoid%3D6-cc51CTz7IYv9vYSJGdcw%26yaw%3D42.51008891839202!7i13312!8i6656?hl=da&entry=ttu&g_ep=EgoyMDI1MTEwNS4wIKXMDSoASAFQAw%3D%3D"
"Nissan","400Z","Fairlady","Blue","2025","parked","5","0","5","","https://www.google.dk/maps/@35.806431,139.9006477,3a,19.2y,48.53h,84.68t/data=!3m8!1e1!3m6!1sC4DbFMKJxt6-5rfsTwaHEQ!2e0!5s20250701T000000!6shttps:%2F%2Fstreetviewpixels-pa.googleapis.com%2Fv1%2Fthumbnail%3Fcb_client%3Dmaps_sv.tactile%26w%3D900%26h%3D600%26pitch%3D5.324808539583145%26panoid%3DC4DbFMKJxt6-5rfsTwaHEQ%26yaw%3D48.5309253103092!7i16384!8i8192?hl=da&entry=ttu&g_ep=EgoyMDI1MTEwNS4wIKXMDSoASAFQAw%3D%3D"
"Honda","S2000","Base","Black","2017","parked","5","3","8","Souped up S2000","https://www.google.dk/maps/@35.3358237,139.4967018,3a,31.1y,266.51h,75.78t/data=!3m8!1e1!3m6!1ser11Ay2EeHQ7DXyt2qb8sw!2e0!5s20170201T000000!6shttps:%2F%2Fstreetviewpixels-pa.googleapis.com%2Fv1%2Fthumbnail%3Fcb_client%3Dmaps_sv.tactile%26w%3D900%26h%3D600%26pitch%3D14.22080075300947%26panoid%3Der11Ay2EeHQ7DXyt2qb8sw%26yaw%3D266.5111452655545!7i13312!8i6656?hl=da&entry=ttu&g_ep=EgoyMDI1MTEwNS4wIKXMDSoASAFQAw%3D%3D"
"Mitsubishi","Lancer Evolution","IX Wagon","White","2010","parked","7","0","7","","https://www.google.dk/maps/@35.3417515,139.4977485,3a,44.9y,99.27h,71t/data=!3m8!1e1!3m6!1sJNz2ySIiQxSc0QvVRHiUgQ!2e0!5s20101001T000000!6shttps:%2F%2Fstreetviewpixels-pa.googleapis.com%2Fv1%2Fthumbnail%3Fcb_client%3Dmaps_sv.tactile%26w%3D900%26h%3D600%26pitch%3D19.00317813149968%26panoid%3DJNz2ySIiQxSc0QvVRHiUgQ%26yaw%3D99.2709006780519!7i13312!8i6656?hl=da&entry=ttu&g_ep=EgoyMDI1MTEwNS4wIKXMDSoASAFQAw%3D%3D"
"Mazda","RX-7 FD3S","Base","White","2024","parked","6","0","6","Trackday spec","https://www.google.dk/maps/@35.7774201,139.9368618,3a,28.6y,318.41h,82.72t/data=!3m8!1e1!3m6!1sBYfjBQMPH3kD8_3PhJZ4hQ!2e0!5s20240701T000000!6shttps:%2F%2Fstreetviewpixels-pa.googleapis.com%2Fv1%2Fthumbnail%3Fcb_client%3Dmaps_sv.tactile%26w%3D900%26h%3D600%26pitch%3D7.280687139592004%26panoid%3DBYfjBQMPH3kD8_3PhJZ4hQ%26yaw%3D318.4116339838724!7i16384!8i8192?hl=da&entry=ttu&g_ep=EgoyMDI1MTEwNC4xIKXMDSoASAFQAw%3D%3D"
"Toyota","Corolla AE86","Trueno","White","2018","parked","6","0","6","","https://www.google.dk/maps/@35.7774306,139.9368739,3a,35.9y,322.84h,78.73t/data=!3m8!1e1!3m6!1sxfWnzcdVeu6zRPLb2322Lw!2e0!5s20180801T000000!6shttps:%2F%2Fstreetviewpixels-pa.googleapis.com%2Fv1%2Fthumbnail%3Fcb_client%3Dmaps_sv.tactile%26w%3D900%26h%3D600%26pitch%3D11.27083045268607%26panoid%3DxfWnzcdVeu6zRPLb2322Lw%26yaw%3D322.8356763446697!7i16384!8i8192?hl=da&entry=ttu&g_ep=EgoyMDI1MTEwNC4xIKXMDSoASAFQAw%3D%3D"
"Combos","Other","Other","White","2009","parked","1","7","8","R32 GT-R and MR2 SW20","https://www.google.dk/maps/@35.7716679,139.9407405,3a,32.7y,81.78h,77.49t/data=!3m8!1e1!3m6!1snJ9z-VicyIf1HPifq-vUnw!2e0!5s20090901T000000!6shttps:%2F%2Fstreetviewpixels-pa.googleapis.com%2Fv1%2Fthumbnail%3Fcb_client%3Dmaps_sv.tactile%26w%3D900%26h%3D600%26pitch%3D12.512088571005009%26panoid%3DnJ9z-VicyIf1HPifq-vUnw%26yaw%3D81.77967969980703!7i13312!8i6656?hl=da&entry=ttu&g_ep=EgoyMDI1MTEwNC4xIKXMDSoASAFQAw%3D%3D"
"Nissan","180SX","Base","Green","2015","parked","4","0","4","2","https://www.google.dk/maps/@35.7717026,139.9407837,3a,28.4y,348.73h,85.88t/data=!3m8!1e1!3m6!1sGcpJFuQrGkUg1yrt7_SLpA!2e0!5s20150901T000000!6shttps:%2F%2Fstreetviewpixels-pa.googleapis.com%2Fv1%2Fthumbnail%3Fcb_client%3Dmaps_sv.tactile%26w%3D900%26h%3D600%26pitch%3D4.11975400000189%26panoid%3DGcpJFuQrGkUg1yrt7_SLpA%26yaw%3D348.7344686799914!7i13312!8i6656?hl=da&entry=ttu&g_ep=EgoyMDI1MTEwNC4xIKXMDSoASAFQAw%3D%3D"
"Honda","Civic EP","EP3 Type R","White","2012","parked","7","0","7","","https://www.google.dk/maps/@35.9102822,139.6427719,3a,15.8y,348.47h,84.1t/data=!3m8!1e1!3m6!1sZJOe07qjvLdkHu6hK-Q02A!2e0!5s20120301T000000!6shttps:%2F%2Fstreetviewpixels-pa.googleapis.com%2Fv1%2Fthumbnail%3Fcb_client%3Dmaps_sv.tactile%26w%3D900%26h%3D600%26pitch%3D5.897340658899225%26panoid%3DZJOe07qjvLdkHu6hK-Q02A%26yaw%3D348.4747527291591!7i13312!8i6656?hl=da&entry=ttu&g_ep=EgoyMDI1MTEwMi4wIKXMDSoASAFQAw%3D%3D"
"Honda","Integra","DC2 Type R","White","2021","parked","7","0","7","","https://www.google.dk/maps/@35.9095556,139.6407654,3a,73.9y,135.64h,69.35t/data=!3m8!1e1!3m6!1sSsaMIWacolwHFJ-Sr27n2A!2e0!5s20210501T000000!6shttps:%2F%2Fstreetviewpixels-pa.googleapis.com%2Fv1%2Fthumbnail%3Fcb_client%3Dmaps_sv.tactile%26w%3D900%26h%3D600%26pitch%3D20.653245436760855%26panoid%3DSsaMIWacolwHFJ-Sr27n2A%26yaw%3D135.6442759833615!7i16384!8i8192?hl=da&entry=ttu&g_ep=EgoyMDI1MTEwMi4wIKXMDSoASAFQAw%3D%3D"
"Mazda","RX-7 FD3S","ɛ̃fini","Black","2015","parked","6","0","6","Mazdaspeed bumper","https://www.google.dk/maps/@35.9051334,139.6587757,3a,15y,262.46h,86.14t/data=!3m8!1e1!3m6!1sZlOydlY5a69yRBVLpUqs6A!2e0!5s20150401T000000!6shttps:%2F%2Fstreetviewpixels-pa.googleapis.com%2Fv1%2Fthumbnail%3Fcb_client%3Dmaps_sv.tactile%26w%3D900%26h%3D600%26pitch%3D3.8600988323385224%26panoid%3DZlOydlY5a69yRBVLpUqs6A%26yaw%3D262.46177901618466!7i13312!8i6656?hl=da&entry=ttu&g_ep=EgoyMDI1MTEwMi4wIKXMDSoASAFQAw%3D%3D"
"Nissan","Silvia S15","Base","Red","2018","parked","4","2","6","","https://www.google.dk/maps/@35.90702,139.6519838,3a,15y,134.41h,87.5t/data=!3m8!1e1!3m6!1sVs0jDY6nGMDw0x9dCP2yrQ!2e0!5s20180701T000000!6shttps:%2F%2Fstreetviewpixels-pa.googleapis.com%2Fv1%2Fthumbnail%3Fcb_client%3Dmaps_sv.tactile%26w%3D900%26h%3D600%26pitch%3D2.4975052610832478%26panoid%3DVs0jDY6nGMDw0x9dCP2yrQ%26yaw%3D134.40550398163822!7i16384!8i8192?hl=da&entry=ttu&g_ep=EgoyMDI1MTEwMi4wIKXMDSoASAFQAw%3D%3D"
"Mazda","RX-7 FD3S","ɛ̃fini","Silver","2018","parked","6","0","6","Seemingly abandoned","https://www.google.dk/maps/@35.9091885,139.6569509,3a,40.4y,50.23h,79.14t/data=!3m8!1e1!3m6!1src2QMcBENvwfHQlUJT2yJA!2e0!5s20180701T000000!6shttps:%2F%2Fstreetviewpixels-pa.googleapis.com%2Fv1%2Fthumbnail%3Fcb_client%3Dmaps_sv.tactile%26w%3D900%26h%3D600%26pitch%3D10.863172080879323%26panoid%3Drc2QMcBENvwfHQlUJT2yJA%26yaw%3D50.22942585724191!7i16384!8i8192?hl=da&entry=ttu&g_ep=EgoyMDI1MTEwMi4wIKXMDSoASAFQAw%3D%3D"
"Combos","Other","Other","Other","2021","parked","1","5","6","EVO X and R34 GT-T","https://www.google.dk/maps/@35.9102987,139.652456,3a,27.3y,185.46h,85.5t/data=!3m8!1e1!3m6!1sFUEAcHjtUUBGjbC7jBOYLA!2e0!5s20210301T000000!6shttps:%2F%2Fstreetviewpixels-pa.googleapis.com%2Fv1%2Fthumbnail%3Fcb_client%3Dmaps_sv.tactile%26w%3D900%26h%3D600%26pitch%3D4.5022068982991215%26panoid%3DFUEAcHjtUUBGjbC7jBOYLA%26yaw%3D185.46396646293056!7i16384!8i8192?hl=da&entry=ttu&g_ep=EgoyMDI1MTEwMi4wIKXMDSoASAFQAw%3D%3D"
"Renault","Clio","R.S.","Blue","2018","parked","7","0","7","Bride seats","https://www.google.dk/maps/@35.194553,136.9250227,3a,41.1y,58.03h,82.76t/data=!3m8!1e1!3m6!1soFn9GUFsOtShzAfa1sHtzQ!2e0!5s20181201T000000!6shttps:%2F%2Fstreetviewpixels-pa.googleapis.com%2Fv1%2Fthumbnail%3Fcb_client%3Dmaps_sv.tactile%26w%3D900%26h%3D600%26pitch%3D7.235586309160638%26panoid%3DoFn9GUFsOtShzAfa1sHtzQ%26yaw%3D58.031938840048745!7i16384!8i8192?hl=da&entry=ttu&g_ep=EgoyMDI1MTAyNy4wIKXMDSoASAFQAw%3D%3D"
"Toyota","Corolla AE86","Trueno","Brown","2025","parked","6","0","6","","https://www.google.dk/maps/@35.5390802,139.6020746,3a,41.1y,48.58h,89.7t/data=!3m8!1e1!3m6!1sDhL38Q8Ut-vPOUxGgbkkiw!2e0!5s20250501T000000!6shttps:%2F%2Fstreetviewpixels-pa.googleapis.com%2Fv1%2Fthumbnail%3Fcb_client%3Dmaps_sv.tactile%26w%3D900%26h%3D600%26pitch%3D0.30344746031883574%26panoid%3DDhL38Q8Ut-vPOUxGgbkkiw%26yaw%3D48.58315775826865!7i16384!8i8192?hl=da&entry=ttu&g_ep=EgoyMDI1MTAyNy4wIKXMDSoASAFQAw%3D%3D"
"Combos","Other","Other","Black","2022","parked","1","5","6","S15 and JZX100 drifters parked together.","https://www.google.dk/maps/@35.5357785,139.600498,3a,35.9y,269.69h,81.68t/data=!3m8!1e1!3m6!1sVn0d4P1LDlGYhgW4z-shtg!2e0!5s20221101T000000!6shttps:%2F%2Fstreetviewpixels-pa.googleapis.com%2Fv1%2Fthumbnail%3Fcb_client%3Dmaps_sv.tactile%26w%3D900%26h%3D600%26pitch%3D8.31613210040716%26panoid%3DVn0d4P1LDlGYhgW4z-shtg%26yaw%3D269.68836934045316!7i16384!8i8192?hl=da&entry=ttu&g_ep=EgoyMDI1MTAyNy4wIKXMDSoASAFQAw%3D%3D"
"Honda","Civic EG","EG6 SiR","Black","2009","parked","5","0","5","","https://www.google.dk/maps/@35.4696407,139.5165726,3a,58.3y,322.14h,64.56t/data=!3m8!1e1!3m6!1ssfbJcztZ52l_HDwY9Byk8g!2e0!5s20091001T000000!6shttps:%2F%2Fstreetviewpixels-pa.googleapis.com%2Fv1%2Fthumbnail%3Fcb_client%3Dmaps_sv.tactile%26w%3D900%26h%3D600%26pitch%3D25.441146798058128%26panoid%3DsfbJcztZ52l_HDwY9Byk8g%26yaw%3D322.13596820350637!7i13312!8i6656?hl=da&entry=ttu&g_ep=EgoyMDI1MTAyMi4wIKXMDSoASAFQAw%3D%3D"
"Toyota","Supra A80","Series I","White","2010","parked","7","1","8","VeilSide Combat C1 front bumper","https://www.google.dk/maps/@35.7668489,139.9939385,3a,15.6y,37.12h,83.34t/data=!3m8!1e1!3m6!1sfN6sC2sGsCDbvBb226IiwA!2e0!5s20100201T000000!6shttps:%2F%2Fstreetviewpixels-pa.googleapis.com%2Fv1%2Fthumbnail%3Fcb_client%3Dmaps_sv.tactile%26w%3D900%26h%3D600%26pitch%3D6.663197963789045%26panoid%3DfN6sC2sGsCDbvBb226IiwA%26yaw%3D37.12487965283934!7i13312!8i6656?hl=da&entry=ttu&g_ep=EgoyMDI1MTAyMC4wIKXMDSoASAFQAw%3D%3D"
"Nissan","Skyline R32","GT-R","Black","2009","parked","7","0","7","","https://www.google.dk/maps/@35.4663232,139.5744801,3a,34.3y,147.05h,69.81t/data=!3m8!1e1!3m6!1sqKL3E2M75FNUZXurpyBWTg!2e0!5s20091001T000000!6shttps:%2F%2Fstreetviewpixels-pa.googleapis.com%2Fv1%2Fthumbnail%3Fcb_client%3Dmaps_sv.tactile%26w%3D900%26h%3D600%26pitch%3D20.19046781538964%26panoid%3DqKL3E2M75FNUZXurpyBWTg%26yaw%3D147.0548845882794!7i13312!8i6656?hl=da&entry=ttu&g_ep=EgoyMDI1MTAyMC4wIKXMDSoASAFQAw%3D%3D"
"Nissan","Silvia S15","Base","Black","2010","parked","4","2","6","","https://www.google.dk/maps/@35.3490346,139.5426409,3a,45.3y,241h,75.12t/data=!3m8!1e1!3m6!1sOTonOcjQeomd3U9vkJbWzQ!2e0!5s20100301T000000!6shttps:%2F%2Fstreetviewpixels-pa.googleapis.com%2Fv1%2Fthumbnail%3Fcb_client%3Dmaps_sv.tactile%26w%3D900%26h%3D600%26pitch%3D14.884299097262257%26panoid%3DOTonOcjQeomd3U9vkJbWzQ%26yaw%3D241.00079007812622!7i13312!8i6656?hl=da&entry=ttu&g_ep=EgoyMDI1MTAxNC4wIKXMDSoASAFQAw%3D%3D"
"Lamborghini","Gallardo","Base","White","2023","parked","7","0","7","","https://www.google.dk/maps/@35.3531303,139.4943285,3a,47.5y,266.16h,73.71t/data=!3m8!1e1!3m6!1sADWREzL--MIphPA5HyFLFw!2e0!5s20230201T000000!6shttps:%2F%2Fstreetviewpixels-pa.googleapis.com%2Fv1%2Fthumbnail%3Fcb_client%3Dmaps_sv.tactile%26w%3D900%26h%3D600%26pitch%3D16.2928198700929%26panoid%3DADWREzL--MIphPA5HyFLFw%26yaw%3D266.1561355453329!7i16384!8i8192?hl=da&entry=ttu&g_ep=EgoyMDI1MTAxNC4wIKXMDSoASAFQAw%3D%3D"
"Honda","Civic EK","EK9 Type R","White","2015","parked","6","0","6","","https://www.google.dk/maps/@35.353092,139.4943381,3a,30.1y,290.39h,81.9t/data=!3m8!1e1!3m6!1sgsUzNWOP4bKfGus3CmYSKg!2e0!5s20150901T000000!6shttps:%2F%2Fstreetviewpixels-pa.googleapis.com%2Fv1%2Fthumbnail%3Fcb_client%3Dmaps_sv.tactile%26w%3D900%26h%3D600%26pitch%3D8.09592138808543%26panoid%3DgsUzNWOP4bKfGus3CmYSKg%26yaw%3D290.39382902468907!7i13312!8i6656?hl=da&entry=ttu&g_ep=EgoyMDI1MTAxNC4wIKXMDSoASAFQAw%3D%3D"
"Mazda","Autozam","AZ-1","Red","2025","parked","5","0","5","","https://www.google.dk/maps/@35.2119748,137.0600925,3a,48.9y,262.1h,71.78t/data=!3m8!1e1!3m6!1s_WKrh4Wln9OnKV_cSgra0A!2e0!5s20250401T000000!6shttps:%2F%2Fstreetviewpixels-pa.googleapis.com%2Fv1%2Fthumbnail%3Fcb_client%3Dmaps_sv.tactile%26w%3D900%26h%3D600%26pitch%3D18.223400628614428%26panoid%3D_WKrh4Wln9OnKV_cSgra0A%26yaw%3D262.10133780455755!7i16384!8i8192?hl=da&entry=ttu&g_ep=EgoyMDI1MTAwNy4wIKXMDSoASAFQAw%3D%3D"
"Nissan","Silvia S14","Zenki","Red","2015","parked","4","1","5","","https://www.google.dk/maps/@35.362766,139.5622723,3a,34.3y,244.48h,77.72t/data=!3m8!1e1!3m6!1sTu9j4POi2kVexIz3ZgC6rg!2e0!5s20150301T000000!6shttps:%2F%2Fstreetviewpixels-pa.googleapis.com%2Fv1%2Fthumbnail%3Fcb_client%3Dmaps_sv.tactile%26w%3D900%26h%3D600%26pitch%3D12.282907460093782%26panoid%3DTu9j4POi2kVexIz3ZgC6rg%26yaw%3D244.48115244207614!7i13312!8i6656?hl=da&entry=ttu&g_ep=EgoyMDI1MTAwNy4wIKXMDSoASAFQAw%3D%3D"
"Nissan","Skyline R34","GT-R","Blue","2016","parked","8","1","9","Work Meister S1 rims","https://www.google.dk/maps/@35.3646733,139.5680137,3a,30.3y,56.18h,77.61t/data=!3m8!1e1!3m6!1sdap-D8isMdvbQHO259pWBg!2e0!5s20160601T000000!6shttps:%2F%2Fstreetviewpixels-pa.googleapis.com%2Fv1%2Fthumbnail%3Fcb_client%3Dmaps_sv.tactile%26w%3D900%26h%3D600%26pitch%3D12.394055965307672%26panoid%3Ddap-D8isMdvbQHO259pWBg%26yaw%3D56.179297250736525!7i13312!8i6656?hl=da&entry=ttu&g_ep=EgoyMDI1MTAwNy4wIKXMDSoASAFQAw%3D%3D"
"Mazda","RX-7 FD3S","Base","Blue","2015","parked","6","0","6","","https://www.google.dk/maps/@35.3998694,139.57458,3a,30.1y,67.69h,77.17t/data=!3m8!1e1!3m6!1sXvNBiQGKU4mgpCU6uNKLcw!2e0!5s20150801T000000!6shttps:%2F%2Fstreetviewpixels-pa.googleapis.com%2Fv1%2Fthumbnail%3Fcb_client%3Dmaps_sv.tactile%26w%3D900%26h%3D600%26pitch%3D12.828644354305027%26panoid%3DXvNBiQGKU4mgpCU6uNKLcw%26yaw%3D67.69103136133323!7i13312!8i6656?hl=da&entry=ttu&g_ep=EgoyMDI1MTAwNy4wIKXMDSoASAFQAw%3D%3D"
"Nissan","Skyline R32","Sedan","White","2010","parked","2","0","2","","https://www.google.dk/maps/@35.4035181,139.5623501,3a,38.6y,127.37h,74.72t/data=!3m8!1e1!3m6!1sytXaqEmlu6PhYW9gUNmOpQ!2e0!5s20100101T000000!6shttps:%2F%2Fstreetviewpixels-pa.googleapis.com%2Fv1%2Fthumbnail%3Fcb_client%3Dmaps_sv.tactile%26w%3D900%26h%3D600%26pitch%3D15.27966276992855%26panoid%3DytXaqEmlu6PhYW9gUNmOpQ%26yaw%3D127.36875281218884!7i13312!8i6656?hl=da&entry=ttu&g_ep=EgoyMDI1MTAwNy4wIKXMDSoASAFQAw%3D%3D"
"Subaru","Impreza Bugeye","WRX STi","White","2015","parked","6","0","6","","https://www.google.dk/maps/@35.8348642,139.6558261,3a,43y,144.41h,75.21t/data=!3m8!1e1!3m6!1s7nSu2wlne-cTI_KbjI-RZw!2e0!5s20150501T000000!6shttps:%2F%2Fstreetviewpixels-pa.googleapis.com%2Fv1%2Fthumbnail%3Fcb_client%3Dmaps_sv.tactile%26w%3D900%26h%3D600%26pitch%3D14.78644803281783%26panoid%3D7nSu2wlne-cTI_KbjI-RZw%26yaw%3D144.41216180948373!7i13312!8i6656?hl=da&entry=ttu&g_ep=EgoyMDI1MDkxNS4wIKXMDSoASAFQAw%3D%3D"
"Mitsubishi","Lancer Evolution","VIII","White","2014","parked","6","0","6","","https://www.google.dk/maps/@35.837375,139.660479,3a,37.6y,298.87h,73.84t/data=!3m8!1e1!3m6!1sA-LLbeuQKjwDeramhrRL9Q!2e0!5s20140401T000000!6shttps:%2F%2Fstreetviewpixels-pa.googleapis.com%2Fv1%2Fthumbnail%3Fcb_client%3Dmaps_sv.tactile%26w%3D900%26h%3D600%26pitch%3D16.158821024526546%26panoid%3DA-LLbeuQKjwDeramhrRL9Q%26yaw%3D298.8676050236265!7i13312!8i6656?hl=da&entry=ttu&g_ep=EgoyMDI1MDkxNS4wIKXMDSoASAFQAw%3D%3D"
"Nissan","Skyline R33","GT-R","Purple","2015","parked","7","0","7","R34 GT-R Wheels","https://www.google.dk/maps/@35.7890544,139.8042534,3a,15y,170.01h,87.19t/data=!3m8!1e1!3m6!1sylAYeCwfVmnhUvNKn_Oobw!2e0!5s20150301T000000!6shttps:%2F%2Fstreetviewpixels-pa.googleapis.com%2Fv1%2Fthumbnail%3Fcb_client%3Dmaps_sv.tactile%26w%3D900%26h%3D600%26pitch%3D2.80751846973844%26panoid%3DylAYeCwfVmnhUvNKn_Oobw%26yaw%3D170.0088206088755!7i13312!8i6656?hl=da&entry=ttu&g_ep=EgoyMDI1MDkxNS4wIKXMDSoASAFQAw%3D%3D"
"Mazda","RX-7 FD3S","ɛ̃fini","Silver","2018","parked","6","0","6","","https://www.google.dk/maps/@35.830968,139.8767155,3a,32.8y,161.14h,77.37t/data=!3m8!1e1!3m6!1sJDXYBp1zk60i92NEJhluJQ!2e0!5s20180901T000000!6shttps:%2F%2Fstreetviewpixels-pa.googleapis.com%2Fv1%2Fthumbnail%3Fcb_client%3Dmaps_sv.tactile%26w%3D900%26h%3D600%26pitch%3D12.628035577257776%26panoid%3DJDXYBp1zk60i92NEJhluJQ%26yaw%3D161.14289777666912!7i16384!8i8192?hl=da&entry=ttu&g_ep=EgoyMDI1MDkxNS4wIKXMDSoASAFQAw%3D%3D"
"Toyota","Corolla AE86","Trueno","White","2017","parked","6","0","6","","https://www.google.dk/maps/@35.8284195,139.8750367,3a,31.3y,314.13h,76.59t/data=!3m8!1e1!3m6!1smt4-dK5kN5EklQ_aqvuM9Q!2e0!5s20170301T000000!6shttps:%2F%2Fstreetviewpixels-pa.googleapis.com%2Fv1%2Fthumbnail%3Fcb_client%3Dmaps_sv.tactile%26w%3D900%26h%3D600%26pitch%3D13.407042524317589%26panoid%3Dmt4-dK5kN5EklQ_aqvuM9Q%26yaw%3D314.1322638418135!7i13312!8i6656?hl=da&entry=ttu&g_ep=EgoyMDI1MDkxNS4wIKXMDSoASAFQAw%3D%3D"
"Nissan","GT-R","R35","White","2012","parked","7","0","7","","https://www.google.dk/maps/@35.1661648,136.846382,3a,36y,140.4h,79.51t/data=!3m8!1e1!3m6!1sBaiEHxowSe8ra7wm4igg9A!2e0!5s20120101T000000!6shttps:%2F%2Fstreetviewpixels-pa.googleapis.com%2Fv1%2Fthumbnail%3Fcb_client%3Dmaps_sv.tactile%26w%3D900%26h%3D600%26pitch%3D10.488051016314998%26panoid%3DBaiEHxowSe8ra7wm4igg9A%26yaw%3D140.39762954757285!7i13312!8i6656?hl=da&entry=ttu&g_ep=EgoyMDI1MDkxNC4wIKXMDSoASAFQAw%3D%3D"
"BMW","Other","Other","Black","2011","parked","1","7","8","BMW 8-series with Alpina rims","https://www.google.dk/maps/@35.1660163,136.8493411,3a,42.2y,313.5h,80.71t/data=!3m8!1e1!3m6!1s_IQBC6R1VJ3I8jfPpH-HYw!2e0!5s20111201T000000!6shttps:%2F%2Fstreetviewpixels-pa.googleapis.com%2Fv1%2Fthumbnail%3Fcb_client%3Dmaps_sv.tactile%26w%3D900%26h%3D600%26pitch%3D9.285985963816799%26panoid%3D_IQBC6R1VJ3I8jfPpH-HYw%26yaw%3D313.49802080007794!7i13312!8i6656?hl=da&entry=ttu&g_ep=EgoyMDI1MDkxNC4wIKXMDSoASAFQAw%3D%3D"
"Honda","NSX","NA1","Grey","2011","parked","8","0","8","","https://www.google.dk/maps/@35.4776227,139.4001231,3a,15y,90.9h,87.11t/data=!3m8!1e1!3m6!1s-PKnHXPfG8hK2uoIYexY6Q!2e0!5s20110201T000000!6shttps:%2F%2Fstreetviewpixels-pa.googleapis.com%2Fv1%2Fthumbnail%3Fcb_client%3Dmaps_sv.tactile%26w%3D900%26h%3D600%26pitch%3D2.8850808481210635%26panoid%3D-PKnHXPfG8hK2uoIYexY6Q%26yaw%3D90.90345317860901!7i13312!8i6656?hl=da&entry=ttu&g_ep=EgoyMDI1MDkxMC4wIKXMDSoASAFQAw%3D%3D"
"Toyota","Corolla AE86","Trueno","Red","2014","parked","6","0","6","Abandoned","https://www.google.dk/maps/@35.3983346,139.5898828,3a,46.9y,21.33h,72.6t/data=!3m8!1e1!3m6!1suBE8Znrgv6uqryWZA4Aejw!2e0!5s20140401T000000!6shttps:%2F%2Fstreetviewpixels-pa.googleapis.com%2Fv1%2Fthumbnail%3Fcb_client%3Dmaps_sv.tactile%26w%3D900%26h%3D600%26pitch%3D17.40483401702211%26panoid%3DuBE8Znrgv6uqryWZA4Aejw%26yaw%3D21.32919870281564!7i13312!8i6656?hl=da&entry=ttu&g_ep=EgoyMDI1MDkxMC4wIKXMDSoASAFQAw%3D%3D"
"Honda","Civic EG","EG6 SiR","Black","2009","parked","5","0","5","","https://www.google.dk/maps/@35.4282703,139.6582284,3a,35.9y,260.14h,77.3t/data=!3m8!1e1!3m6!1s-VS27tJpf_yMSA3ljPG-Qw!2e0!5s20090901T000000!6shttps:%2F%2Fstreetviewpixels-pa.googleapis.com%2Fv1%2Fthumbnail%3Fcb_client%3Dmaps_sv.tactile%26w%3D900%26h%3D600%26pitch%3D12.704854944233546%26panoid%3D-VS27tJpf_yMSA3ljPG-Qw%26yaw%3D260.13993924190453!7i13312!8i6656?hl=da&entry=ttu&g_ep=EgoyMDI1MDkxMC4wIKXMDSoASAFQAw%3D%3D"
"Honda","Integra","DC2 Type R","Silver","2015","parked","7","0","7","","https://www.google.dk/maps/@35.4131622,139.5697588,3a,32.7y,70.47h,82.13t/data=!3m8!1e1!3m6!1sfURsZlRIHDy4a6hyf_IXng!2e0!5s20150501T000000!6shttps:%2F%2Fstreetviewpixels-pa.googleapis.com%2Fv1%2Fthumbnail%3Fcb_client%3Dmaps_sv.tactile%26w%3D900%26h%3D600%26pitch%3D7.869802779065708%26panoid%3DfURsZlRIHDy4a6hyf_IXng%26yaw%3D70.46782459563151!7i13312!8i6656?hl=da&entry=ttu&g_ep=EgoyMDI1MDkxMC4wIKXMDSoASAFQAw%3D%3D"
"Nissan","Silvia S13","Base","Purple","2021","parked","5","0","5","","https://www.google.dk/maps/@35.4260457,139.505988,3a,34.3y,161.67h,86.7t/data=!3m8!1e1!3m6!1szfTDcdrqLmkTZ9sw64A6MQ!2e0!5s20210101T000000!6shttps:%2F%2Fstreetviewpixels-pa.googleapis.com%2Fv1%2Fthumbnail%3Fcb_client%3Dmaps_sv.tactile%26w%3D900%26h%3D600%26pitch%3D3.303373063553053%26panoid%3DzfTDcdrqLmkTZ9sw64A6MQ%26yaw%3D161.67117719279335!7i16384!8i8192?hl=da&entry=ttu&g_ep=EgoyMDI1MDkxMC4wIKXMDSoASAFQAw%3D%3D"
"Honda","Integra","DC5 Type R","Silver","2009","parked","6","0","6","","https://www.google.dk/maps/@35.4260412,139.5060088,3a,37.6y,140.78h,84.31t/data=!3m8!1e1!3m6!1sq_qHffTg8k5SwTBOb5h0TA!2e0!5s20091201T000000!6shttps:%2F%2Fstreetviewpixels-pa.googleapis.com%2Fv1%2Fthumbnail%3Fcb_client%3Dmaps_sv.tactile%26w%3D900%26h%3D600%26pitch%3D5.687677330784155%26panoid%3Dq_qHffTg8k5SwTBOb5h0TA%26yaw%3D140.7765345665728!7i13312!8i6656?hl=da&entry=ttu&g_ep=EgoyMDI1MDkxMC4wIKXMDSoASAFQAw%3D%3D"
"Nissan","GT-R","R35","Other","2015","parked","7","0","7","","https://www.google.dk/maps/@35.5170769,139.5238883,3a,32.6y,157.65h,76.83t/data=!3m8!1e1!3m6!1sgB3YIXrB6R74P7Aqf2hpkA!2e0!5s20150601T000000!6shttps:%2F%2Fstreetviewpixels-pa.googleapis.com%2Fv1%2Fthumbnail%3Fcb_client%3Dmaps_sv.tactile%26w%3D900%26h%3D600%26pitch%3D13.172295865893247%26panoid%3DgB3YIXrB6R74P7Aqf2hpkA%26yaw%3D157.65023600458662!7i13312!8i6656?hl=da&entry=ttu&g_ep=EgoyMDI1MDgyNS4wIKXMDSoASAFQAw%3D%3D"
"Combos","Other","Other","Other","2025","parked","1","6","7","Bunch of AE86's parked in front of a shop","https://www.google.dk/maps/@35.3710411,139.5989191,3a,49y,309.61h,85.75t/data=!3m8!1e1!3m6!1s-rkshmtc8qk2IeiMa7wnJw!2e0!5s20250601T000000!6shttps:%2F%2Fstreetviewpixels-pa.googleapis.com%2Fv1%2Fthumbnail%3Fcb_client%3Dmaps_sv.tactile%26w%3D900%26h%3D600%26pitch%3D4.254450541376855%26panoid%3D-rkshmtc8qk2IeiMa7wnJw%26yaw%3D309.6078007809333!7i16384!8i8192?hl=da&entry=ttu&g_ep=EgoyMDI1MDcxMy4wIKXMDSoASAFQAw%3D%3D"
"Toyota","Supra A70","Base","Red","2014","parked","6","0","6","Big wang","https://www.google.dk/maps/@35.3787451,139.6083384,3a,15y,179.98h,85.32t/data=!3m8!1e1!3m6!1sXZXWRf39EpjA7jiRL76Ocw!2e0!5s20140201T000000!6shttps:%2F%2Fstreetviewpixels-pa.googleapis.com%2Fv1%2Fthumbnail%3Fcb_client%3Dmaps_sv.tactile%26w%3D900%26h%3D600%26pitch%3D4.6816349682548974%26panoid%3DXZXWRf39EpjA7jiRL76Ocw%26yaw%3D179.97902223858256!7i13312!8i6656?hl=da&entry=ttu&g_ep=EgoyMDI1MDcxMy4wIKXMDSoASAFQAw%3D%3D"
"Mitsubishi","Lancer Evolution","VII","White","2018","parked","6","0","6","","https://www.google.dk/maps/@35.479746,139.5374001,3a,39.4y,272.71h,74.65t/data=!3m8!1e1!3m6!1sNh7t3CPT_G3L8qIjNx-CcQ!2e0!5s20181001T000000!6shttps:%2F%2Fstreetviewpixels-pa.googleapis.com%2Fv1%2Fthumbnail%3Fcb_client%3Dmaps_sv.tactile%26w%3D900%26h%3D600%26pitch%3D15.35228491881891%26panoid%3DNh7t3CPT_G3L8qIjNx-CcQ%26yaw%3D272.7087327412843!7i16384!8i8192?hl=da&entry=ttu&g_ep=EgoyMDI1MDYzMC4wIKXMDSoASAFQAw%3D%3D"
"Nissan","Skyline R33","GT-R","White","2018","parked","7","0","7","","https://www.google.dk/maps/@35.4816695,139.5375416,3a,15.8y,221.08h,81.43t/data=!3m8!1e1!3m6!1sAqG_Xo7FXUtaIZZVBpLCFw!2e0!5s20181001T000000!6shttps:%2F%2Fstreetviewpixels-pa.googleapis.com%2Fv1%2Fthumbnail%3Fcb_client%3Dmaps_sv.tactile%26w%3D900%26h%3D600%26pitch%3D8.567606424290418%26panoid%3DAqG_Xo7FXUtaIZZVBpLCFw%26yaw%3D221.08172466791095!7i16384!8i8192?hl=da&entry=ttu&g_ep=EgoyMDI1MDYzMC4wIKXMDSoASAFQAw%3D%3D"
"Toyota","HiAce","H200","Black","2022","parked","1","5","6","2 Fast 2 Furious Skyline livery","https://www.google.dk/maps/@35.5904761,139.6258585,3a,15.2y,282.17h,87t/data=!3m8!1e1!3m6!1s5CeMDXxhUzGXFjDrzRjPZQ!2e0!5s20220801T000000!6shttps:%2F%2Fstreetviewpixels-pa.googleapis.com%2Fv1%2Fthumbnail%3Fcb_client%3Dmaps_sv.tactile%26w%3D900%26h%3D600%26pitch%3D3.0021005221897497%26panoid%3D5CeMDXxhUzGXFjDrzRjPZQ%26yaw%3D282.17457578720223!7i16384!8i8192?hl=da&entry=ttu&g_ep=EgoyMDI1MDYyOS4wIKXMDSoASAFQAw%3D%3D"
"Honda","Civic EK","EK4 SiR","White","2019","parked","6","3","9","","https://www.google.dk/maps/@35.3247205,139.8440599,3a,18.7y,336.49h,85.14t/data=!3m8!1e1!3m6!1sDd093H4RLp96Rwbc7Xct2w!2e0!5s20190401T000000!6shttps:%2F%2Fstreetviewpixels-pa.googleapis.com%2Fv1%2Fthumbnail%3Fcb_client%3Dmaps_sv.tactile%26w%3D900%26h%3D600%26pitch%3D4.857873027883812%26panoid%3DDd093H4RLp96Rwbc7Xct2w%26yaw%3D336.486261027542!7i16384!8i8192?hl=da&entry=ttu&g_ep=EgoyMDI1MDYyMy4yIKXMDSoASAFQAw%3D%3D"
"Mazda","RX-7 FD3S","Base","Yellow","2015","parked","6","0","6","","https://www.google.dk/maps/@35.3335328,139.8550815,3a,53.1y,14.61h,78.2t/data=!3m8!1e1!3m6!1sN2RRP5ybYneXNhrkItfH5Q!2e0!5s20150501T000000!6shttps:%2F%2Fstreetviewpixels-pa.googleapis.com%2Fv1%2Fthumbnail%3Fcb_client%3Dmaps_sv.tactile%26w%3D900%26h%3D600%26pitch%3D11.802398038271846%26panoid%3DN2RRP5ybYneXNhrkItfH5Q%26yaw%3D14.607680472063198!7i13312!8i6656?hl=da&entry=ttu&g_ep=EgoyMDI1MDYyMy4yIKXMDSoASAFQAw%3D%3D"
"Honda","NSX","NA1","Red","2019","parked","8","0","8","","https://www.google.dk/maps/@35.3297618,139.8497613,3a,34.3y,82.11h,80.63t/data=!3m8!1e1!3m6!1sb2Kkg1509VlMzXCwCK2gjg!2e0!5s20190401T000000!6shttps:%2F%2Fstreetviewpixels-pa.googleapis.com%2Fv1%2Fthumbnail%3Fcb_client%3Dmaps_sv.tactile%26w%3D900%26h%3D600%26pitch%3D9.374275773291728%26panoid%3Db2Kkg1509VlMzXCwCK2gjg%26yaw%3D82.10602701035076!7i16384!8i8192?hl=da&entry=ttu&g_ep=EgoyMDI1MDYyMy4yIKXMDSoASAFQAw%3D%3D"
"Nissan","GT-R","R35","Silver","2009","parked","7","0","7","","https://www.google.dk/maps/@35.4149949,139.5310538,3a,34.9y,280.47h,78.15t/data=!3m8!1e1!3m6!1sldV1oAmnvL8CxFg3W7vR1g!2e0!5s20091201T000000!6shttps:%2F%2Fstreetviewpixels-pa.googleapis.com%2Fv1%2Fthumbnail%3Fcb_client%3Dmaps_sv.tactile%26w%3D900%26h%3D600%26pitch%3D11.847659545257144%26panoid%3DldV1oAmnvL8CxFg3W7vR1g%26yaw%3D280.47304716876164!7i13312!8i6656?hl=da&entry=ttu&g_ep=EgoyMDI1MDYyMy4yIKXMDSoASAFQAw%3D%3D"
"Honda","Civic EF","EF9 SiR","White","2019","parked","5","0","5","","https://www.google.dk/maps/@35.4785618,139.5457253,3a,75y,39.89h,66.21t/data=!3m8!1e1!3m6!1sBPMUDfKeYbL-r5JAyJvRWQ!2e0!5s20190501T000000!6shttps:%2F%2Fstreetviewpixels-pa.googleapis.com%2Fv1%2Fthumbnail%3Fcb_client%3Dmaps_sv.tactile%26w%3D900%26h%3D600%26pitch%3D23.791756982867994%26panoid%3DBPMUDfKeYbL-r5JAyJvRWQ%26yaw%3D39.8905584942988!7i16384!8i8192?hl=da&entry=ttu&g_ep=EgoyMDI1MDYyMy4yIKXMDSoASAFQAw%3D%3D"
"Mazda","RX-7 FD3S","Base","White","2021","parked","6","0","6","","https://www.google.dk/maps/@35.4840434,139.5510425,3a,15y,280.78h,85.99t/data=!3m8!1e1!3m6!1sH8ddZYQr_rHHan7f5C2RDQ!2e0!5s20210701T000000!6shttps:%2F%2Fstreetviewpixels-pa.googleapis.com%2Fv1%2Fthumbnail%3Fcb_client%3Dmaps_sv.tactile%26w%3D900%26h%3D600%26pitch%3D4.008909815096516%26panoid%3DH8ddZYQr_rHHan7f5C2RDQ%26yaw%3D280.7776251654628!7i16384!8i8192?hl=da&entry=ttu&g_ep=EgoyMDI1MDYyMy4yIKXMDSoASAFQAw%3D%3D"
"Mitsubishi","Lancer Evolution","IX","White","2019","parked","7","0","7","","https://www.google.dk/maps/@35.4848225,139.551343,3a,31.3y,154.34h,80.96t/data=!3m8!1e1!3m6!1sLMiXXcEyF6tItdxlrDZjiw!2e0!5s20190401T000000!6shttps:%2F%2Fstreetviewpixels-pa.googleapis.com%2Fv1%2Fthumbnail%3Fcb_client%3Dmaps_sv.tactile%26w%3D900%26h%3D600%26pitch%3D9.037132796135651%26panoid%3DLMiXXcEyF6tItdxlrDZjiw%26yaw%3D154.3447843826408!7i16384!8i8192?hl=da&entry=ttu&g_ep=EgoyMDI1MDYyMy4yIKXMDSoASAFQAw%3D%3D"
"Honda","Integra","DC2 Type R","White","2009","parked","7","0","7","","https://www.google.dk/maps/@35.4881899,139.5523006,3a,34.3y,162.75h,83.31t/data=!3m8!1e1!3m6!1sZ29hUSIj_CACKn7f6eKwrw!2e0!5s20091001T000000!6shttps:%2F%2Fstreetviewpixels-pa.googleapis.com%2Fv1%2Fthumbnail%3Fcb_client%3Dmaps_sv.tactile%26w%3D900%26h%3D600%26pitch%3D6.687007312848763%26panoid%3DZ29hUSIj_CACKn7f6eKwrw%26yaw%3D162.75282341943233!7i13312!8i6656?hl=da&entry=ttu&g_ep=EgoyMDI1MDYyMy4yIKXMDSoASAFQAw%3D%3D"
"Mazda","RX-7 FD3S","Base","Yellow","2019","parked","6","1","7","","https://www.google.dk/maps/@35.4904074,139.5946587,3a,15y,235h,87.31t/data=!3m8!1e1!3m6!1sm1acjAZ_c98_qOglqe0uXA!2e0!5s20190501T000000!6shttps:%2F%2Fstreetviewpixels-pa.googleapis.com%2Fv1%2Fthumbnail%3Fcb_client%3Dmaps_sv.tactile%26w%3D900%26h%3D600%26pitch%3D2.6874628274299823%26panoid%3Dm1acjAZ_c98_qOglqe0uXA%26yaw%3D235.00087090356365!7i16384!8i8192?hl=da&entry=ttu&g_ep=EgoyMDI1MDYyMy4yIKXMDSoASAFQAw%3D%3D"
"Toyota","MR2","W30","Silver","2016","parked","4","0","4","","https://www.google.dk/maps/@35.4903116,139.5946452,3a,34.3y,306.54h,81.55t/data=!3m8!1e1!3m6!1s5bWaZOcQDdD7gEGnYywOxw!2e0!5s20160401T000000!6shttps:%2F%2Fstreetviewpixels-pa.googleapis.com%2Fv1%2Fthumbnail%3Fcb_client%3Dmaps_sv.tactile%26w%3D900%26h%3D600%26pitch%3D8.446489345033484%26panoid%3D5bWaZOcQDdD7gEGnYywOxw%26yaw%3D306.54079532043465!7i13312!8i6656?hl=da&entry=ttu&g_ep=EgoyMDI1MDYyMy4yIKXMDSoASAFQAw%3D%3D"
"Mitsubishi","Lancer Evolution","V","Red","2014","parked","5","4","9","TME / Tommi Makinen Edition","https://www.google.dk/maps/@35.4906307,139.5945884,3a,37.6y,353.17h,71.27t/data=!3m8!1e1!3m6!1sw9gB0bqnaQXqAkeZ_mDHTA!2e0!5s20140301T000000!6shttps:%2F%2Fstreetviewpixels-pa.googleapis.com%2Fv1%2Fthumbnail%3Fcb_client%3Dmaps_sv.tactile%26w%3D900%26h%3D600%26pitch%3D18.727931209831524%26panoid%3Dw9gB0bqnaQXqAkeZ_mDHTA%26yaw%3D353.1700673740082!7i13312!8i6656?hl=da&entry=ttu&g_ep=EgoyMDI1MDYyMy4yIKXMDSoASAFQAw%3D%3D"
"Toyota","Corolla AE86","Trueno","White","2018","parked","6","0","6","","https://www.google.dk/maps/@35.4904456,139.5929723,3a,34.5y,186.65h,78.39t/data=!3m8!1e1!3m6!1sQbDT_qZNlku_ydqJ6bH8Xg!2e0!5s20180701T000000!6shttps:%2F%2Fstreetviewpixels-pa.googleapis.com%2Fv1%2Fthumbnail%3Fcb_client%3Dmaps_sv.tactile%26w%3D900%26h%3D600%26pitch%3D11.608745196751642%26panoid%3DQbDT_qZNlku_ydqJ6bH8Xg%26yaw%3D186.65156980115592!7i16384!8i8192?hl=da&entry=ttu&g_ep=EgoyMDI1MDYyMy4yIKXMDSoASAFQAw%3D%3D"
"Nissan","Skyline R32","GT-R","White","2019","parked","7","0","7","","https://www.google.dk/maps/@35.3452778,139.540162,3a,15y,53.6h,84.66t/data=!3m8!1e1!3m6!1srLigluT_nWklulJ6n7VebA!2e0!5s20190301T000000!6shttps:%2F%2Fstreetviewpixels-pa.googleapis.com%2Fv1%2Fthumbnail%3Fcb_client%3Dmaps_sv.tactile%26w%3D900%26h%3D600%26pitch%3D5.344997135160241%26panoid%3DrLigluT_nWklulJ6n7VebA%26yaw%3D53.59728478690639!7i16384!8i8192?hl=da&entry=ttu&g_ep=EgoyMDI1MDYyMy4yIKXMDSoASAFQAw%3D%3D"
"Nissan","Skyline R34","GT-T","Other","2016","parked","5","0","5","Pink R34","https://www.google.dk/maps/@35.382311,139.6071246,3a,33.3y,238.69h,74.78t/data=!3m8!1e1!3m6!1sLscc4c7U8ST5gqA-udoQvg!2e0!5s20160601T000000!6shttps:%2F%2Fstreetviewpixels-pa.googleapis.com%2Fv1%2Fthumbnail%3Fcb_client%3Dmaps_sv.tactile%26w%3D900%26h%3D600%26pitch%3D15.221194825475479%26panoid%3DLscc4c7U8ST5gqA-udoQvg%26yaw%3D238.68632986703577!7i13312!8i6656?hl=da&entry=ttu&g_ep=EgoyMDI1MDYyMy4yIKXMDSoASAFQAw%3D%3D"
"Toyota","Corolla AE86","Levin","Red","2020","parked","6","0","6","","https://www.google.dk/maps/@35.3547883,139.5346509,3a,36y,114.67h,71.98t/data=!3m8!1e1!3m6!1sTBHjjm-XRj040xl5WOoNEQ!2e0!5s20201101T000000!6shttps:%2F%2Fstreetviewpixels-pa.googleapis.com%2Fv1%2Fthumbnail%3Fcb_client%3Dmaps_sv.tactile%26w%3D900%26h%3D600%26pitch%3D18.016790701765927%26panoid%3DTBHjjm-XRj040xl5WOoNEQ%26yaw%3D114.66817583214394!7i16384!8i8192?hl=da&entry=ttu&g_ep=EgoyMDI1MDYyMy4wIKXMDSoASAFQAw%3D%3D"
"Nissan","Skyline R32","GT-R","White","2019","parked","7","0.5","7.5","","https://www.google.dk/maps/@35.3487054,139.5693218,3a,66.7y,254.76h,69.41t/data=!3m8!1e1!3m6!1sA3WvDdT6yen9PHw0AVPETw!2e0!5s20190101T000000!6shttps:%2F%2Fstreetviewpixels-pa.googleapis.com%2Fv1%2Fthumbnail%3Fcb_client%3Dmaps_sv.tactile%26w%3D900%26h%3D600%26pitch%3D20.59496601553687%26panoid%3DA3WvDdT6yen9PHw0AVPETw%26yaw%3D254.76368255252834!7i16384!8i8192?hl=da&entry=ttu&g_ep=EgoyMDI1MDYyMy4wIKXMDSoASAFQAw%3D%3D"
"Toyota","Supra A70","Base","White","2020","parked","6","0","6","","https://www.google.dk/maps/@35.3274285,139.6153838,3a,31.3y,141.1h,79.68t/data=!3m8!1e1!3m6!1s7Pw3kz1GvG0huRxTTO-LIw!2e0!5s20201201T000000!6shttps:%2F%2Fstreetviewpixels-pa.googleapis.com%2Fv1%2Fthumbnail%3Fcb_client%3Dmaps_sv.tactile%26w%3D900%26h%3D600%26pitch%3D10.32013806291907%26panoid%3D7Pw3kz1GvG0huRxTTO-LIw%26yaw%3D141.10123303474313!7i16384!8i8192?hl=da&entry=ttu&g_ep=EgoyMDI1MDYxNy4wIKXMDSoASAFQAw%3D%3D"
"Honda","NSX","NA1 Type R","White","2017","parked","9","0","9","","https://www.google.dk/maps/@35.6523482,139.5534727,3a,52.1y,252.8h,69.6t/data=!3m8!1e1!3m6!1s-UUByW4ks4iggfUzb1ZEhw!2e0!5s20170301T000000!6shttps:%2F%2Fstreetviewpixels-pa.googleapis.com%2Fv1%2Fthumbnail%3Fcb_client%3Dmaps_sv.tactile%26w%3D900%26h%3D600%26pitch%3D20.39727600553131%26panoid%3D-UUByW4ks4iggfUzb1ZEhw%26yaw%3D252.79707457763422!7i13312!8i6656?hl=da&entry=ttu&g_ep=EgoyMDI1MDYxMS4wIKXMDSoASAFQAw%3D%3D"
"Toyota","Supra A80","Series II","White","2011","parked","7","2","9","","https://www.google.dk/maps/@35.6374498,140.1591935,3a,35.9y,105.04h,75.03t/data=!3m8!1e1!3m6!1sTPEghXXLP8-S44l21kJJ5Q!2e0!5s20110501T000000!6shttps:%2F%2Fstreetviewpixels-pa.googleapis.com%2Fv1%2Fthumbnail%3Fcb_client%3Dmaps_sv.tactile%26w%3D900%26h%3D600%26pitch%3D14.972425471899001%26panoid%3DTPEghXXLP8-S44l21kJJ5Q%26yaw%3D105.03504184185796!7i13312!8i6656?hl=da&entry=ttu&g_ep=EgoyMDI1MDYxMS4wIKXMDSoASAFQAw%3D%3D"
"Mazda","Eunos","Cosmo","Black","2010","parked","6","0","6","","https://www.google.dk/maps/@35.4882071,139.5139877,3a,34.1y,90.82h,76.5t/data=!3m8!1e1!3m6!1sKhHyVegV1itNq44XlovVug!2e0!5s20100801T000000!6shttps:%2F%2Fstreetviewpixels-pa.googleapis.com%2Fv1%2Fthumbnail%3Fcb_client%3Dmaps_sv.tactile%26w%3D900%26h%3D600%26pitch%3D13.498548581995678%26panoid%3DKhHyVegV1itNq44XlovVug%26yaw%3D90.82389099170567!7i13312!8i6656?hl=da&entry=ttu&g_ep=EgoyMDI1MDYwOC4wIKXMDSoASAFQAw%3D%3D"
"Honda","Civic EP","EP3 Type R","White","2014","parked","7","0","7","","https://www.google.dk/maps/@35.4170586,139.5609392,3a,15y,176.61h,86.49t/data=!3m8!1e1!3m6!1s6dMQwqVRo0ii7uE0yP8frg!2e0!5s20140301T000000!6shttps:%2F%2Fstreetviewpixels-pa.googleapis.com%2Fv1%2Fthumbnail%3Fcb_client%3Dmaps_sv.tactile%26w%3D900%26h%3D600%26pitch%3D3.5147305858140925%26panoid%3D6dMQwqVRo0ii7uE0yP8frg%26yaw%3D176.61071878947283!7i13312!8i6656?hl=da&entry=ttu&g_ep=EgoyMDI1MDYwMS4wIKXMDSoASAFQAw%3D%3D"
"Mazda","RX-8","Base","Red","2019","parked","2","3","5","","https://www.google.dk/maps/@35.5147233,139.6381627,3a,29.9y,3.46h,77.34t/data=!3m8!1e1!3m6!1skCHUDVkKgo92KRo0jB54-w!2e0!5s20190701T000000!6shttps:%2F%2Fstreetviewpixels-pa.googleapis.com%2Fv1%2Fthumbnail%3Fcb_client%3Dmaps_sv.tactile%26w%3D900%26h%3D600%26pitch%3D12.66057639392028%26panoid%3DkCHUDVkKgo92KRo0jB54-w%26yaw%3D3.4616691534104533!7i16384!8i8192?hl=da&entry=ttu&g_ep=EgoyMDI1MDUyMS4wIKXMDSoASAFQAw%3D%3D"
"Nissan","Skyline R34","GT-R","White","2009","parked","8","0","8","BBS LM","https://www.google.dk/maps/@35.5133272,139.6391312,3a,15y,284.68h,85.37t/data=!3m8!1e1!3m6!1seN6SwWtkyXr82YkWZcrnew!2e0!5s20090701T000000!6shttps:%2F%2Fstreetviewpixels-pa.googleapis.com%2Fv1%2Fthumbnail%3Fcb_client%3Dmaps_sv.tactile%26w%3D900%26h%3D600%26pitch%3D4.63201254207452%26panoid%3DeN6SwWtkyXr82YkWZcrnew%26yaw%3D284.67747041612694!7i13312!8i6656?hl=da&entry=ttu&g_ep=EgoyMDI1MDUyMS4wIKXMDSoASAFQAw%3D%3D"
"Toyota","Corolla AE86","Levin","White","2015","parked","6","0","6","","https://www.google.dk/maps/@35.5128624,139.6421448,3a,15.5y,107.93h,81.29t/data=!3m8!1e1!3m6!1sZ22DFp6ixQH9VnMGmKL1Iw!2e0!5s20150501T000000!6shttps:%2F%2Fstreetviewpixels-pa.googleapis.com%2Fv1%2Fthumbnail%3Fcb_client%3Dmaps_sv.tactile%26w%3D900%26h%3D600%26pitch%3D8.705086725949954%26panoid%3DZ22DFp6ixQH9VnMGmKL1Iw%26yaw%3D107.92597718189361!7i13312!8i6656?hl=da&entry=ttu&g_ep=EgoyMDI1MDUyMS4wIKXMDSoASAFQAw%3D%3D"
"Nissan","180SX","Type X","Silver","2010","parked","4","0","4","","https://www.google.dk/maps/@35.569463,139.3903745,3a,39.4y,248.74h,71.72t/data=!3m8!1e1!3m6!1sbqG2yNUZ_HGo8R-XorTqow!2e0!5s20101101T000000!6shttps:%2F%2Fstreetviewpixels-pa.googleapis.com%2Fv1%2Fthumbnail%3Fcb_client%3Dmaps_sv.tactile%26w%3D900%26h%3D600%26pitch%3D18.27570467382624%26panoid%3DbqG2yNUZ_HGo8R-XorTqow%26yaw%3D248.74428399930989!7i13312!8i6656?hl=da&entry=ttu&g_ep=EgoyMDI1MDUyMS4wIKXMDSoASAFQAw%3D%3D"
"Nissan","350Z","Base","White","2022","parked","3","3","6","Nismo bodykit and rims","https://www.google.dk/maps/@35.5232364,139.6347902,3a,31.3y,285.24h,81.53t/data=!3m8!1e1!3m6!1sNegRah1CJfmnrygTM0LawQ!2e0!5s20221101T000000!6shttps:%2F%2Fstreetviewpixels-pa.googleapis.com%2Fv1%2Fthumbnail%3Fcb_client%3Dmaps_sv.tactile%26w%3D900%26h%3D600%26pitch%3D8.470607671465899%26panoid%3DNegRah1CJfmnrygTM0LawQ%26yaw%3D285.24049316246084!7i16384!8i8192?hl=da&entry=ttu&g_ep=EgoyMDI1MDUxNS4xIKXMDSoASAFQAw%3D%3D"
"Mazda","RX-7 FD3S","Base","White","2014","parked","6","1","7","","https://www.google.dk/maps/@35.5232204,139.6347515,3a,48.9y,305.26h,71.08t/data=!3m8!1e1!3m6!1s7ki1HLZSluspGF7F8HtuWw!2e0!5s20140401T000000!6shttps:%2F%2Fstreetviewpixels-pa.googleapis.com%2Fv1%2Fthumbnail%3Fcb_client%3Dmaps_sv.tactile%26w%3D900%26h%3D600%26pitch%3D18.924536477819174%26panoid%3D7ki1HLZSluspGF7F8HtuWw%26yaw%3D305.2550349147982!7i13312!8i6656?hl=da&entry=ttu&g_ep=EgoyMDI1MDUxNS4xIKXMDSoASAFQAw%3D%3D"
"Toyota","Starlet","EP91 Glanza","White","2012","parked","7","0","7","","https://www.google.dk/maps/@35.8068857,139.651036,3a,42y,195.74h,79.32t/data=!3m8!1e1!3m6!1sSebea4QWOZOA5g3eTQRu9g!2e0!5s20120401T000000!6shttps:%2F%2Fstreetviewpixels-pa.googleapis.com%2Fv1%2Fthumbnail%3Fcb_client%3Dmaps_sv.tactile%26w%3D900%26h%3D600%26pitch%3D10.68139252703601%26panoid%3DSebea4QWOZOA5g3eTQRu9g%26yaw%3D195.7363879743123!7i13312!8i6656?hl=da&entry=ttu&g_ep=EgoyMDI1MDUxNS4xIKXMDSoASAFQAw%3D%3D"
"Honda","Civic EF","EF8 CR-X","Black","2012","parked","5","0","5","","https://www.google.dk/maps/@35.8091921,139.6646779,3a,15y,337.19h,83.52t/data=!3m8!1e1!3m6!1sLlbfZ1TERXY-1Jm70qrOjQ!2e0!5s20120401T000000!6shttps:%2F%2Fstreetviewpixels-pa.googleapis.com%2Fv1%2Fthumbnail%3Fcb_client%3Dmaps_sv.tactile%26w%3D900%26h%3D600%26pitch%3D6.483435283615677%26panoid%3DLlbfZ1TERXY-1Jm70qrOjQ%26yaw%3D337.19430244865504!7i13312!8i6656?hl=da&entry=ttu&g_ep=EgoyMDI1MDUxNS4xIKXMDSoASAFQAw%3D%3D"
"Mazda","RX-7 FD3S","ɛ̃fini","Black","2009","parked","6","0","6","","https://www.google.dk/maps/@35.785646,139.8385603,3a,34.3y,144.3h,78.28t/data=!3m8!1e1!3m6!1sx0e78Stm2Pt5RndXcjyt3A!2e0!5s20090801T000000!6shttps:%2F%2Fstreetviewpixels-pa.googleapis.com%2Fv1%2Fthumbnail%3Fcb_client%3Dmaps_sv.tactile%26w%3D900%26h%3D600%26pitch%3D11.71762344171161%26panoid%3Dx0e78Stm2Pt5RndXcjyt3A%26yaw%3D144.2993060488799!7i13312!8i6656?hl=da&entry=ttu&g_ep=EgoyMDI1MDUxNS4wIKXMDSoASAFQAw%3D%3D"
"Honda","Civic EK","EK4 SiR","Black","2018","parked","6","2","8","Civic Ferio with Mugen MR5 rims","https://www.google.dk/maps/@35.7949502,139.8219564,3a,39.4y,110.7h,73.97t/data=!3m8!1e1!3m6!1sVXPXUgm7OE8l8ydHae5qwg!2e0!5s20180601T000000!6shttps:%2F%2Fstreetviewpixels-pa.googleapis.com%2Fv1%2Fthumbnail%3Fcb_client%3Dmaps_sv.tactile%26w%3D900%26h%3D600%26pitch%3D16.027266800056765%26panoid%3DVXPXUgm7OE8l8ydHae5qwg%26yaw%3D110.70481639050169!7i16384!8i8192?hl=da&entry=ttu&g_ep=EgoyMDI1MDUxNS4wIKXMDSoASAFQAw%3D%3D"
"Nissan","Skyline R33","GT-R","Grey","2015","driving","7","1","8","Ganador mirrors","https://www.google.dk/maps/@35.7919943,139.8248613,3a,21.3y,111.62h,83.3t/data=!3m8!1e1!3m6!1sFitBBIIeqEI5u6xTEpE1fg!2e0!5s20150301T000000!6shttps:%2F%2Fstreetviewpixels-pa.googleapis.com%2Fv1%2Fthumbnail%3Fcb_client%3Dmaps_sv.tactile%26w%3D900%26h%3D600%26pitch%3D6.700628282458567%26panoid%3DFitBBIIeqEI5u6xTEpE1fg%26yaw%3D111.6214593408282!7i13312!8i6656?hl=da&entry=ttu&g_ep=EgoyMDI1MDUxNS4wIKXMDSoASAFQAw%3D%3D"
"Nissan","Skyline R32","Sedan","Red","2021","parked","2","0","2","","https://www.google.dk/maps/@35.7453031,140.0330256,3a,21.8y,332.97h,82.15t/data=!3m8!1e1!3m6!1svAtcIWitHVIR2_ecgXOjQg!2e0!5s20210901T000000!6shttps:%2F%2Fstreetviewpixels-pa.googleapis.com%2Fv1%2Fthumbnail%3Fcb_client%3Dmaps_sv.tactile%26w%3D900%26h%3D600%26pitch%3D7.849477422294413%26panoid%3DvAtcIWitHVIR2_ecgXOjQg%26yaw%3D332.9665562077286!7i16384!8i8192?hl=da&entry=ttu&g_ep=EgoyMDI1MDUxNS4wIKXMDSoASAFQAw%3D%3D"
"Nissan","Skyline R30","2000 RS-X Turbo","Grey","2009","parked","7","0","7","","https://www.google.dk/maps/@35.694105,139.5058713,3a,34.3y,229.51h,74.54t/data=!3m8!1e1!3m6!1saBSn9f5fb-ba8D9-Zj0Gug!2e0!5s20090701T000000!6shttps:%2F%2Fstreetviewpixels-pa.googleapis.com%2Fv1%2Fthumbnail%3Fcb_client%3Dmaps_sv.tactile%26w%3D900%26h%3D600%26pitch%3D15.458078891055777%26panoid%3DaBSn9f5fb-ba8D9-Zj0Gug%26yaw%3D229.51408415519649!7i13312!8i6656?hl=da&entry=ttu&g_ep=EgoyMDI1MDUxMi4wIKXMDSoASAFQAw%3D%3D"
"Mitsubishi","Lancer Evolution","VII","Yellow","2014","parked","6","0","6","","https://www.google.dk/maps/@35.7717277,139.6007777,3a,41.2y,293.36h,76.33t/data=!3m8!1e1!3m6!1sQlHXZboPRV3c7IeNYiO9Ow!2e0!5s20140401T000000!6shttps:%2F%2Fstreetviewpixels-pa.googleapis.com%2Fv1%2Fthumbnail%3Fcb_client%3Dmaps_sv.tactile%26w%3D900%26h%3D600%26pitch%3D13.667172065981404%26panoid%3DQlHXZboPRV3c7IeNYiO9Ow%26yaw%3D293.356869990183!7i13312!8i6656?hl=da&entry=ttu&g_ep=EgoyMDI1MDUwNi4wIKXMDSoASAFQAw%3D%3D"
"Chevrolet","Corvette C6","Z06","Yellow","2015","parked","6","0","6","","https://www.google.dk/maps/@35.7730518,139.5970373,3a,16.5y,28.74h,85.2t/data=!3m8!1e1!3m6!1scJ6JBDhYOztyI-RhcyGjWA!2e0!5s20150401T000000!6shttps:%2F%2Fstreetviewpixels-pa.googleapis.com%2Fv1%2Fthumbnail%3Fcb_client%3Dmaps_sv.tactile%26w%3D900%26h%3D600%26pitch%3D4.801010415259995%26panoid%3DcJ6JBDhYOztyI-RhcyGjWA%26yaw%3D28.738383733338434!7i13312!8i6656?hl=da&entry=ttu&g_ep=EgoyMDI1MDUwNi4wIKXMDSoASAFQAw%3D%3D"
"Nissan","Skyline R34","GT-R","White","2014","parked","8","0","8","","https://www.google.dk/maps/@35.7730538,139.5970445,3a,15y,20.62h,86.87t/data=!3m8!1e1!3m6!1s50hojZV-uurlM4b3tPwcjw!2e0!5s20140401T000000!6shttps:%2F%2Fstreetviewpixels-pa.googleapis.com%2Fv1%2Fthumbnail%3Fcb_client%3Dmaps_sv.tactile%26w%3D900%26h%3D600%26pitch%3D3.132077014854289%26panoid%3D50hojZV-uurlM4b3tPwcjw%26yaw%3D20.620713047369776!7i13312!8i6656?hl=da&entry=ttu&g_ep=EgoyMDI1MDUwNi4wIKXMDSoASAFQAw%3D%3D"
"Nissan","180SX","Type X","Black","2021","parked","4","0","4","","https://www.google.dk/maps/@35.7730501,139.5970362,3a,18.1y,34.73h,85t/data=!3m8!1e1!3m6!1s2DrUnaOeaH8P5S-6kPqPYQ!2e0!5s20210401T000000!6shttps:%2F%2Fstreetviewpixels-pa.googleapis.com%2Fv1%2Fthumbnail%3Fcb_client%3Dmaps_sv.tactile%26w%3D900%26h%3D600%26pitch%3D5.003246360365878%26panoid%3D2DrUnaOeaH8P5S-6kPqPYQ%26yaw%3D34.729248347196325!7i16384!8i8192?hl=da&entry=ttu&g_ep=EgoyMDI1MDUwNi4wIKXMDSoASAFQAw%3D%3D"
"Subaru","Impreza Blobeye","WRX STi","Blue","2019","parked","6","0","6","","https://www.google.dk/maps/@35.7709534,139.6052092,3a,18.1y,270.2h,84.05t/data=!3m8!1e1!3m6!1syCJARy_zfqKw9CAEOjC7Yw!2e0!5s20190901T000000!6shttps:%2F%2Fstreetviewpixels-pa.googleapis.com%2Fv1%2Fthumbnail%3Fcb_client%3Dmaps_sv.tactile%26w%3D900%26h%3D600%26pitch%3D5.950353373436755%26panoid%3DyCJARy_zfqKw9CAEOjC7Yw%26yaw%3D270.20435133293927!7i16384!8i8192?hl=da&entry=ttu&g_ep=EgoyMDI1MDQyMy4wIKXMDSoASAFQAw%3D%3D"
"Nissan","GT-R","R35","White","2014","parked","7","0","7","","https://www.google.dk/maps/@35.7468713,139.6161389,3a,42.5y,183.62h,80.99t/data=!3m7!1e1!3m5!1siV-qQLLLt1o0a5ySTitBwA!2e0!6shttps:%2F%2Fstreetviewpixels-pa.googleapis.com%2Fv1%2Fthumbnail%3Fcb_client%3Dmaps_sv.tactile%26w%3D900%26h%3D600%26pitch%3D9.00751761104111%26panoid%3DiV-qQLLLt1o0a5ySTitBwA%26yaw%3D183.62054147493117!7i13312!8i6656?hl=da&entry=ttu&g_ep=EgoyMDI1MDQyMy4wIKXMDSoASAFQAw%3D%3D"
"BMW","E36","M3","Red","2021","parked","5","0","5","","https://www.google.dk/maps/@35.7482012,139.6158499,3a,30.6y,325.16h,84.66t/data=!3m7!1e1!3m5!1sFfIGi56ZrqdEOe9doYSa9A!2e0!6shttps:%2F%2Fstreetviewpixels-pa.googleapis.com%2Fv1%2Fthumbnail%3Fcb_client%3Dmaps_sv.tactile%26w%3D900%26h%3D600%26pitch%3D5.339431704322493%26panoid%3DFfIGi56ZrqdEOe9doYSa9A%26yaw%3D325.16492765182403!7i16384!8i8192?hl=da&entry=ttu&g_ep=EgoyMDI1MDQyMy4wIKXMDSoASAFQAw%3D%3D"
"Nissan","Silvia S13","Base","White","2010","parked","5","0","5","","https://www.google.dk/maps/@35.5672862,139.3880096,3a,39.3y,87.29h,70.99t/data=!3m8!1e1!3m6!1sh6WCDo56it2x5HmB01pt1Q!2e0!5s20101101T000000!6shttps:%2F%2Fstreetviewpixels-pa.googleapis.com%2Fv1%2Fthumbnail%3Fcb_client%3Dmaps_sv.tactile%26w%3D900%26h%3D600%26pitch%3D19.012288987912868%26panoid%3Dh6WCDo56it2x5HmB01pt1Q%26yaw%3D87.28796724913389!7i13312!8i6656?hl=da&entry=ttu&g_ep=EgoyMDI1MDMwNC4wIKXMDSoASAFQAw%3D%3D"
"Mitsubishi","Lancer Evolution","VIII","Yellow","2010","parked","6","0","6","","https://www.google.dk/maps/@35.5684326,139.388837,3a,31.3y,8.11h,82.49t/data=!3m8!1e1!3m6!1sQ3-eOvvuVzfgekDCmNhabQ!2e0!5s20101101T000000!6shttps:%2F%2Fstreetviewpixels-pa.googleapis.com%2Fv1%2Fthumbnail%3Fcb_client%3Dmaps_sv.tactile%26w%3D900%26h%3D600%26pitch%3D7.507859765847726%26panoid%3DQ3-eOvvuVzfgekDCmNhabQ%26yaw%3D8.109008009240124!7i13312!8i6656?hl=da&entry=ttu&g_ep=EgoyMDI1MDMwNC4wIKXMDSoASAFQAw%3D%3D"
"Honda","Civic EK","EK9 Type R","White","2014","parked","6","0","6","","https://www.google.dk/maps/@35.2739506,139.6763065,3a,28.2y,101.97h,81.21t/data=!3m8!1e1!3m6!1sT4drj9zwgmKo2SSxiZ8jHw!2e0!5s20140301T000000!6shttps:%2F%2Fstreetviewpixels-pa.googleapis.com%2Fv1%2Fthumbnail%3Fcb_client%3Dmaps_sv.tactile%26w%3D900%26h%3D600%26pitch%3D8.793022271665663%26panoid%3DT4drj9zwgmKo2SSxiZ8jHw%26yaw%3D101.97298583344588!7i13312!8i6656?hl=da&entry=ttu&g_ep=EgoyMDI1MDIyNi4xIKXMDSoASAFQAw%3D%3D"
"Nissan","Silvia S13","K's","Green","2009","parked","6","0","6","","https://www.google.dk/maps/@35.6486923,139.8877346,3a,15.5y,3.91h,85.25t/data=!3m8!1e1!3m6!1spQp3zYgyR_6tZfthfuqpIA!2e0!5s20091101T000000!6shttps:%2F%2Fstreetviewpixels-pa.googleapis.com%2Fv1%2Fthumbnail%3Fcb_client%3Dmaps_sv.tactile%26w%3D900%26h%3D600%26pitch%3D4.754254837842353%26panoid%3DpQp3zYgyR_6tZfthfuqpIA%26yaw%3D3.907616146005725!7i13312!8i6656?hl=da&entry=ttu&g_ep=EgoyMDI1MDIyMy4xIKXMDSoASAFQAw%3D%3D"
"Honda","Civic EP","EP3 Type R","White","2019","parked","7","0","7","","https://www.google.dk/maps/@35.6487345,139.8876344,3a,41.1y,341.94h,78.75t/data=!3m8!1e1!3m6!1soR12g5QQOEk4j0L9wMq-kQ!2e0!5s20190601T000000!6shttps:%2F%2Fstreetviewpixels-pa.googleapis.com%2Fv1%2Fthumbnail%3Fcb_client%3Dmaps_sv.tactile%26w%3D900%26h%3D600%26pitch%3D11.250988378442003%26panoid%3DoR12g5QQOEk4j0L9wMq-kQ%26yaw%3D341.93675259445354!7i16384!8i8192?hl=da&entry=ttu&g_ep=EgoyMDI1MDIyMy4xIKXMDSoASAFQAw%3D%3D"
"Nissan","Silvia S13","Base","Black","2010","parked","5","1","6","","https://www.google.dk/maps/@35.5959909,139.367782,3a,28.8y,255.94h,81.04t/data=!3m8!1e1!3m6!1stt6YljUG2xSqJUhxxgLGjQ!2e0!5s20100301T000000!6shttps:%2F%2Fstreetviewpixels-pa.googleapis.com%2Fv1%2Fthumbnail%3Fcb_client%3Dmaps_sv.tactile%26w%3D900%26h%3D600%26pitch%3D8.960011067271964%26panoid%3Dtt6YljUG2xSqJUhxxgLGjQ%26yaw%3D255.9370729870365!7i13312!8i6656?hl=da&entry=ttu&g_ep=EgoyMDI1MDIyMy4xIKXMDSoASAFQAw%3D%3D"
"Subaru","Impreza Hawkeye","WRX STi","Black","2020","parked","6","0","6","","https://www.google.dk/maps/@35.5963168,139.3673645,3a,46.9y,236.84h,77.33t/data=!3m8!1e1!3m6!1sn8NEOOn5jPhLxPGbGleRiA!2e0!5s20200301T000000!6shttps:%2F%2Fstreetviewpixels-pa.googleapis.com%2Fv1%2Fthumbnail%3Fcb_client%3Dmaps_sv.tactile%26w%3D900%26h%3D600%26pitch%3D12.66906971134857%26panoid%3Dn8NEOOn5jPhLxPGbGleRiA%26yaw%3D236.84064854667338!7i16384!8i8192?hl=da&entry=ttu&g_ep=EgoyMDI1MDIyMy4xIKXMDSoASAFQAw%3D%3D"
"Mitsubishi","Lancer Evolution","IX Wagon","Silver","2020","parked","7","0","7","","https://www.google.dk/maps/@35.7383023,139.8428318,3a,36.1y,227.24h,77.52t/data=!3m8!1e1!3m6!1sa9F85JSum5BbNWSNFOeM8w!2e0!5s20200301T000000!6shttps:%2F%2Fstreetviewpixels-pa.googleapis.com%2Fv1%2Fthumbnail%3Fcb_client%3Dmaps_sv.tactile%26w%3D900%26h%3D600%26pitch%3D12.480996385759397%26panoid%3Da9F85JSum5BbNWSNFOeM8w%26yaw%3D227.23745599132178!7i16384!8i8192?hl=da&entry=ttu&g_ep=EgoyMDI1MDIxOS4xIKXMDSoASAFQAw%3D%3D"
"Subaru","Impreza Stinkeye","WRX STi","Blue","2022","parked","6","0","6","","https://www.google.dk/maps/@35.7034542,140.0368445,3a,43.9y,130.02h,75.37t/data=!3m7!1e1!3m5!1strossPWm_ajqHnyusE2Wpw!2e0!6shttps:%2F%2Fstreetviewpixels-pa.googleapis.com%2Fv1%2Fthumbnail%3Fcb_client%3Dmaps_sv.tactile%26w%3D900%26h%3D600%26pitch%3D14.63040328030705%26panoid%3DtrossPWm_ajqHnyusE2Wpw%26yaw%3D130.01994365360585!7i16384!8i8192?hl=da&entry=ttu&g_ep=EgoyMDI1MDIxOS4xIKXMDSoASAFQAw%3D%3D"
"Nissan","Vintage","240Z","Red","2019","parked","6","0","6","","https://www.google.dk/maps/@35.4899355,139.358497,3a,23.6y,291.98h,80.2t/data=!3m8!1e1!3m6!1sD_S5MsnazJFZxGV1MZV37g!2e0!5s20190501T000000!6shttps:%2F%2Fstreetviewpixels-pa.googleapis.com%2Fv1%2Fthumbnail%3Fcb_client%3Dmaps_sv.tactile%26w%3D900%26h%3D600%26pitch%3D9.802795839686652%26panoid%3DD_S5MsnazJFZxGV1MZV37g%26yaw%3D291.9841636259383!7i16384!8i8192?hl=da&entry=ttu&g_ep=EgoyMDI1MDIxOS4xIKXMDSoASAFQAw%3D%3D"
"Nissan","Skyline R30","2000 RS-X Turbo","Grey","2018","parked","7","0","7","","https://www.google.dk/maps/@35.4899124,139.3585098,3a,31.1y,208.44h,73.68t/data=!3m8!1e1!3m6!1stBH-n7THA0b-x6E4HeLWkg!2e0!5s20180701T000000!6shttps:%2F%2Fstreetviewpixels-pa.googleapis.com%2Fv1%2Fthumbnail%3Fcb_client%3Dmaps_sv.tactile%26w%3D900%26h%3D600%26pitch%3D16.318427440892904%26panoid%3DtBH-n7THA0b-x6E4HeLWkg%26yaw%3D208.4412905702876!7i16384!8i8192?hl=da&entry=ttu&g_ep=EgoyMDI1MDIxOS4xIKXMDSoASAFQAw%3D%3D"
"Toyota","Corolla AE86","Trueno","White","2010","parked","6","0","6","","https://www.google.dk/maps/@35.4916145,139.3575492,3a,19.7y,50.59h,83.55t/data=!3m8!1e1!3m6!1sEc2YI_OYSQlpJfZzzXGGlg!2e0!5s20100901T000000!6shttps:%2F%2Fstreetviewpixels-pa.googleapis.com%2Fv1%2Fthumbnail%3Fcb_client%3Dmaps_sv.tactile%26w%3D900%26h%3D600%26pitch%3D6.450458464973309%26panoid%3DEc2YI_OYSQlpJfZzzXGGlg%26yaw%3D50.58679742828577!7i13312!8i6656?hl=da&entry=ttu&g_ep=EgoyMDI1MDIxOS4xIKXMDSoASAFQAw%3D%3D"
"Mazda","RX-7 FC3S","Base","Red","2018","parked","4","0","4","","https://www.google.dk/maps/@35.4923142,139.3576067,3a,74y,91.83h,65.05t/data=!3m8!1e1!3m6!1safGfyVRNkH1uKYjFOwcvYQ!2e0!5s20180701T000000!6shttps:%2F%2Fstreetviewpixels-pa.googleapis.com%2Fv1%2Fthumbnail%3Fcb_client%3Dmaps_sv.tactile%26w%3D900%26h%3D600%26pitch%3D24.949458421416168%26panoid%3DafGfyVRNkH1uKYjFOwcvYQ%26yaw%3D91.82658077618441!7i16384!8i8192?hl=da&entry=ttu&g_ep=EgoyMDI1MDIxOS4xIKXMDSoASAFQAw%3D%3D"
"Toyota","Supra A80","Series II","Red","2019","driving","7","0","7","","https://www.google.dk/maps/@35.3885828,139.4054978,3a,36.7y,140.98h,75.64t/data=!3m8!1e1!3m6!1sd93A7TElONsJCckSuns7Jg!2e0!5s20190101T000000!6shttps:%2F%2Fstreetviewpixels-pa.googleapis.com%2Fv1%2Fthumbnail%3Fcb_client%3Dmaps_sv.tactile%26w%3D900%26h%3D600%26pitch%3D14.355427954702819%26panoid%3Dd93A7TElONsJCckSuns7Jg%26yaw%3D140.98068623563174!7i16384!8i8192?hl=da&entry=ttu&g_ep=EgoyMDI1MDIxOS4xIKXMDSoASAFQAw%3D%3D"
"Nissan","Skyline R30","2000 RS-X Turbo","White","2019","parked","7","0","7","","https://www.google.dk/maps/@35.3891883,139.4038494,3a,31.6y,21.99h,82.06t/data=!3m8!1e1!3m6!1sBugZyy0AFMMAIefV4K8AYA!2e0!5s20190101T000000!6shttps:%2F%2Fstreetviewpixels-pa.googleapis.com%2Fv1%2Fthumbnail%3Fcb_client%3Dmaps_sv.tactile%26w%3D900%26h%3D600%26pitch%3D7.9411506698186685%26panoid%3DBugZyy0AFMMAIefV4K8AYA%26yaw%3D21.98721318133626!7i16384!8i8192?hl=da&entry=ttu&g_ep=EgoyMDI1MDIxOS4xIKXMDSoASAFQAw%3D%3D"
"Subaru","Impreza Hawkeye","WRX STi","Blue","2018","parked","6","0","6","","https://www.google.dk/maps/@35.4322801,139.3959816,3a,28.4y,25.67h,81.25t/data=!3m8!1e1!3m6!1sRgoudQf5vhw4SOThBRsAZA!2e0!5s20180901T000000!6shttps:%2F%2Fstreetviewpixels-pa.googleapis.com%2Fv1%2Fthumbnail%3Fcb_client%3Dmaps_sv.tactile%26w%3D900%26h%3D600%26pitch%3D8.75131385538893%26panoid%3DRgoudQf5vhw4SOThBRsAZA%26yaw%3D25.671267478602406!7i16384!8i8192?hl=da&entry=ttu&g_ep=EgoyMDI1MDIxOC4wIKXMDSoASAFQAw%3D%3D"
"Honda","Civic FK","FK8 Type R","White","2024","parked","5","0","5","","https://www.google.dk/maps/@35.6728129,139.8942668,3a,15.4y,227.71h,85.01t/data=!3m8!1e1!3m6!1sgxg-R0fv7fCexMP5m3tFnQ!2e0!5s20240901T000000!6shttps:%2F%2Fstreetviewpixels-pa.googleapis.com%2Fv1%2Fthumbnail%3Fcb_client%3Dmaps_sv.tactile%26w%3D900%26h%3D600%26pitch%3D4.992159717425409%26panoid%3Dgxg-R0fv7fCexMP5m3tFnQ%26yaw%3D227.70770289422654!7i16384!8i8192?hl=da&entry=ttu&g_ep=EgoyMDI1MDIxNy4wIKXMDSoASAFQAw%3D%3D"
"Honda","Civic EG","EG6 SiR","Grey","2010","parked","5","0","5","","https://www.google.dk/maps/@35.3491452,139.5265203,3a,46y,283.37h,75.16t/data=!3m8!1e1!3m6!1sVHgBeovrU0S5d0OyMfOtng!2e0!5s20101001T000000!6shttps:%2F%2Fstreetviewpixels-pa.googleapis.com%2Fv1%2Fthumbnail%3Fcb_client%3Dmaps_sv.tactile%26w%3D900%26h%3D600%26pitch%3D14.836115146356349%26panoid%3DVHgBeovrU0S5d0OyMfOtng%26yaw%3D283.37274923816966!7i13312!8i6656?hl=da&entry=ttu&g_ep=EgoyMDI1MDIxNy4wIKXMDSoASAFQAw%3D%3D"
"Nissan","Skyline R30","2000 RS-X Turbo","White","2019","parked","7","0","7","","https://www.google.dk/maps/@35.4219033,139.4524867,3a,15y,160.07h,86.36t/data=!3m8!1e1!3m6!1sI9RPUD2WGWNjefb2xHtLuQ!2e0!5s20190601T000000!6shttps:%2F%2Fstreetviewpixels-pa.googleapis.com%2Fv1%2Fthumbnail%3Fcb_client%3Dmaps_sv.tactile%26w%3D900%26h%3D600%26pitch%3D3.635820410053128%26panoid%3DI9RPUD2WGWNjefb2xHtLuQ%26yaw%3D160.0672926299493!7i16384!8i8192?hl=da&entry=ttu&g_ep=EgoyMDI1MDIxNy4wIKXMDSoASAFQAw%3D%3D"
"Nissan","180SX","Type X","Silver","2010","parked","1","3","4","","https://www.google.dk/maps/@35.5581866,139.3696554,3a,55.2y,45.07h,75.55t/data=!3m8!1e1!3m6!1s0nf1eYD_VjUgNv6w6C-W5Q!2e0!5s20100401T000000!6shttps:%2F%2Fstreetviewpixels-pa.googleapis.com%2Fv1%2Fthumbnail%3Fcb_client%3Dmaps_sv.tactile%26w%3D900%26h%3D600%26pitch%3D14.45423177542014%26panoid%3D0nf1eYD_VjUgNv6w6C-W5Q%26yaw%3D45.06651008105885!7i13312!8i6656?hl=da&entry=ttu&g_ep=EgoyMDI1MDEyOS4xIKXMDSoASAFQAw%3D%3D"
"Toyota","JZX100","Mk. II","Red","2020","parked","1","3","4","Full send drift missile","https://www.google.dk/maps/@35.5303548,139.5332209,3a,47.4y,191.24h,74.08t/data=!3m8!1e1!3m6!1st9DLBNOsW9kOoelTizlq4A!2e0!5s20200701T000000!6shttps:%2F%2Fstreetviewpixels-pa.googleapis.com%2Fv1%2Fthumbnail%3Fcb_client%3Dmaps_sv.tactile%26w%3D900%26h%3D600%26pitch%3D15.922281797047944%26panoid%3Dt9DLBNOsW9kOoelTizlq4A%26yaw%3D191.2353572813036!7i16384!8i8192?hl=da&entry=ttu&g_ep=EgoyMDI1MDEyNy4wIKXMDSoASAFQAw%3D%3D"
"Mazda","MX-5","NA","Green","2020","parked","2","3.9","5.9","Heavily modified and clean Miata","https://www.google.dk/maps/@35.6512884,139.3382817,3a,24.6y,187.01h,81.79t/data=!3m8!1e1!3m6!1sYBpUzx1vfewS0Q1lRTwfLQ!2e0!5s20201201T000000!6shttps:%2F%2Fstreetviewpixels-pa.googleapis.com%2Fv1%2Fthumbnail%3Fcb_client%3Dmaps_sv.tactile%26w%3D900%26h%3D600%26pitch%3D8.205968254192825%26panoid%3DYBpUzx1vfewS0Q1lRTwfLQ%26yaw%3D187.0064616619095!7i16384!8i8192?hl=da&entry=ttu&g_ep=EgoyMDI1MDIxMS4wIKXMDSoASAFQAw%3D%3D"
"Nissan","Skyline R33","GT-R","Purple","2022","parked","7","0","7","","https://www.google.dk/maps/@35.757213,139.3203929,3a,15.9y,191.37h,84.38t/data=!3m8!1e1!3m6!1sitplsmTS6dOco_l3EAP-nA!2e0!5s20221201T000000!6shttps:%2F%2Fstreetviewpixels-pa.googleapis.com%2Fv1%2Fthumbnail%3Fcb_client%3Dmaps_sv.tactile%26w%3D900%26h%3D600%26pitch%3D5.620020348140642%26panoid%3DitplsmTS6dOco_l3EAP-nA%26yaw%3D191.36552605068673!7i16384!8i8192?hl=da&entry=ttu&g_ep=EgoyMDI1MDIxNy4wIKXMDSoASAFQAw%3D%3D"
"Subaru","Impreza Blobeye","WRX STi","Blue","2010","parked","6","0","6","","https://www.google.dk/maps/@35.7629799,139.3134471,3a,39.4y,280.85h,70.86t/data=!3m8!1e1!3m6!1s8cjPse7gdqOXvwKOMhymlw!2e0!5s20101201T000000!6shttps:%2F%2Fstreetviewpixels-pa.googleapis.com%2Fv1%2Fthumbnail%3Fcb_client%3Dmaps_sv.tactile%26w%3D900%26h%3D600%26pitch%3D19.138056862318606%26panoid%3D8cjPse7gdqOXvwKOMhymlw%26yaw%3D280.8502668695582!7i13312!8i6656?hl=da&entry=ttu&g_ep=EgoyMDI1MDIxNy4wIKXMDSoASAFQAw%3D%3D"
"Toyota","Supra A80","Series I","Black","2017","parked","7","0","7","","https://www.google.dk/maps/@35.7627599,139.3288468,3a,15y,187.7h,86.8t/data=!3m8!1e1!3m6!1sn_HVO-pzVZVO5EotESEnDg!2e0!5s20170501T000000!6shttps:%2F%2Fstreetviewpixels-pa.googleapis.com%2Fv1%2Fthumbnail%3Fcb_client%3Dmaps_sv.tactile%26w%3D900%26h%3D600%26pitch%3D3.1976178595975995%26panoid%3Dn_HVO-pzVZVO5EotESEnDg%26yaw%3D187.69911029038974!7i13312!8i6656?hl=da&entry=ttu&g_ep=EgoyMDI1MDIxNy4wIKXMDSoASAFQAw%3D%3D"
"Nissan","370Z","Nismo","White","2019","parked","5","0","5","","https://www.google.dk/maps/@35.7627545,139.328826,3a,25.1y,279.26h,81.24t/data=!3m8!1e1!3m6!1sVUoESgN9SHxcTaVgPUfTsQ!2e0!5s20190101T000000!6shttps:%2F%2Fstreetviewpixels-pa.googleapis.com%2Fv1%2Fthumbnail%3Fcb_client%3Dmaps_sv.tactile%26w%3D900%26h%3D600%26pitch%3D8.757054389805305%26panoid%3DVUoESgN9SHxcTaVgPUfTsQ%26yaw%3D279.2600353416974!7i16384!8i8192?hl=da&entry=ttu&g_ep=EgoyMDI1MDIxNy4wIKXMDSoASAFQAw%3D%3D"
"Honda","Civic EP","EP3 Type R","White","2015","parked","7","0","7","","https://www.google.dk/maps/@35.6397679,139.358246,3a,53y,113.13h,67.84t/data=!3m8!1e1!3m6!1sHTw-x_b7UehqSjOwpPBzYg!2e0!5s20150301T000000!6shttps:%2F%2Fstreetviewpixels-pa.googleapis.com%2Fv1%2Fthumbnail%3Fcb_client%3Dmaps_sv.tactile%26w%3D900%26h%3D600%26pitch%3D22.161166605285842%26panoid%3DHTw-x_b7UehqSjOwpPBzYg%26yaw%3D113.13077957938842!7i13312!8i6656?hl=da&entry=ttu&g_ep=EgoyMDI1MDIxMi4wIKXMDSoASAFQAw%3D%3D"
"Nissan","Skyline R32","GT-R","Grey","2019","parked","7","0","7","","https://www.google.dk/maps/@35.671908,139.4727731,3a,15y,165.64h,84.77t/data=!3m8!1e1!3m6!1s3aqnwUSTcgKoBYrxFBwwOA!2e0!5s20190501T000000!6shttps:%2F%2Fstreetviewpixels-pa.googleapis.com%2Fv1%2Fthumbnail%3Fcb_client%3Dmaps_sv.tactile%26w%3D900%26h%3D600%26pitch%3D5.228776310721216%26panoid%3D3aqnwUSTcgKoBYrxFBwwOA%26yaw%3D165.64247044774086!7i16384!8i8192?hl=da&entry=ttu&g_ep=EgoyMDI1MDIxMS4wIKXMDSoASAFQAw%3D%3D"
"Mitsubishi","Lancer Evolution","IX","White","2018","parked","7","0","7","","https://www.google.dk/maps/@35.6713447,139.4928485,3a,31.3y,27.85h,83.02t/data=!3m8!1e1!3m6!1srg2xoTeGyWAEOBF5AU_c4g!2e0!5s20180601T000000!6shttps:%2F%2Fstreetviewpixels-pa.googleapis.com%2Fv1%2Fthumbnail%3Fcb_client%3Dmaps_sv.tactile%26w%3D900%26h%3D600%26pitch%3D6.981945614064188%26panoid%3Drg2xoTeGyWAEOBF5AU_c4g%26yaw%3D27.8509782637219!7i16384!8i8192?hl=da&entry=ttu&g_ep=EgoyMDI1MDIxMS4wIKXMDSoASAFQAw%3D%3D"
"Combos","Other","Other","White","2009","parked","1","4","5","MR2 and AE86 hanging out","https://www.google.dk/maps/@35.6720354,139.4968945,3a,38.1y,97.57h,86.31t/data=!3m8!1e1!3m6!1syX_yrI5zLS0QbGzhj785cA!2e0!5s20090701T000000!6shttps:%2F%2Fstreetviewpixels-pa.googleapis.com%2Fv1%2Fthumbnail%3Fcb_client%3Dmaps_sv.tactile%26w%3D900%26h%3D600%26pitch%3D3.6873546258847227%26panoid%3DyX_yrI5zLS0QbGzhj785cA%26yaw%3D97.56752085038508!7i13312!8i6656?hl=da&entry=ttu&g_ep=EgoyMDI1MDIxMS4wIKXMDSoASAFQAw%3D%3D"
"Toyota","Corolla AE86","Levin","Black","2014","parked","6","0","6","","https://www.google.dk/maps/@35.6581982,139.3598792,3a,26.6y,261.35h,82.37t/data=!3m8!1e1!3m6!1shVYG8Xdgpy-bNOqX9lP4Kw!2e0!5s20140501T000000!6shttps:%2F%2Fstreetviewpixels-pa.googleapis.com%2Fv1%2Fthumbnail%3Fcb_client%3Dmaps_sv.tactile%26w%3D900%26h%3D600%26pitch%3D7.630178245829242%26panoid%3DhVYG8Xdgpy-bNOqX9lP4Kw%26yaw%3D261.3549387930229!7i13312!8i6656?hl=da&entry=ttu&g_ep=EgoyMDI1MDIxMS4wIKXMDSoASAFQAw%3D%3D"
"Mazda","RX-7 FD3S","Base","Red","2015","parked","6","2","8","Heavily modified track spec","https://www.google.dk/maps/@35.6560874,139.3629613,3a,47.9y,103.56h,73t/data=!3m8!1e1!3m6!1sm1mGsunR1w9tHcQfx7cDpw!2e0!5s20150201T000000!6shttps:%2F%2Fstreetviewpixels-pa.googleapis.com%2Fv1%2Fthumbnail%3Fcb_client%3Dmaps_sv.tactile%26w%3D900%26h%3D600%26pitch%3D17.0029648144712%26panoid%3Dm1mGsunR1w9tHcQfx7cDpw%26yaw%3D103.5632883630213!7i13312!8i6656?hl=da&entry=ttu&g_ep=EgoyMDI1MDIxMS4wIKXMDSoASAFQAw%3D%3D"
"Mitsubishi","Lancer Evolution","IX Wagon","White","2018","parked","7","0","7","","https://www.google.dk/maps/@35.663942,139.3703569,3a,16.6y,358.17h,84.53t/data=!3m7!1e1!3m5!1s_4UyUjROixqllhtqSt3Vew!2e0!6shttps:%2F%2Fstreetviewpixels-pa.googleapis.com%2Fv1%2Fthumbnail%3Fcb_client%3Dmaps_sv.tactile%26w%3D900%26h%3D600%26pitch%3D5.468848799231523%26panoid%3D_4UyUjROixqllhtqSt3Vew%26yaw%3D358.1725964079976!7i16384!8i8192?hl=da&entry=ttu&g_ep=EgoyMDI1MDIxMS4wIKXMDSoASAFQAw%3D%3D"
"Mazda","RX-7 FD3S","Base","Red","2024","parked","6","0","6","","https://www.google.dk/maps/@35.6563368,139.3751832,3a,19.3y,175.94h,86.69t/data=!3m8!1e1!3m6!1sX8oIbrr1YoSl8-QfO3YiIQ!2e0!5s20240101T000000!6shttps:%2F%2Fstreetviewpixels-pa.googleapis.com%2Fv1%2Fthumbnail%3Fcb_client%3Dmaps_sv.tactile%26w%3D900%26h%3D600%26pitch%3D3.306789598082986%26panoid%3DX8oIbrr1YoSl8-QfO3YiIQ%26yaw%3D175.93953718379274!7i16384!8i8192?hl=da&entry=ttu&g_ep=EgoyMDI1MDIxMS4wIKXMDSoASAFQAw%3D%3D"
"Nissan","Silvia S14","Zenki","White","2015","parked","4","0","4","","https://www.google.dk/maps/@35.6558349,139.374376,3a,48.9y,345.66h,71.72t/data=!3m8!1e1!3m6!1sqSrGBCNzrv0v-eagnlT1Dg!2e0!5s20150301T000000!6shttps:%2F%2Fstreetviewpixels-pa.googleapis.com%2Fv1%2Fthumbnail%3Fcb_client%3Dmaps_sv.tactile%26w%3D900%26h%3D600%26pitch%3D18.278173925216606%26panoid%3DqSrGBCNzrv0v-eagnlT1Dg%26yaw%3D345.66174797854944!7i13312!8i6656?hl=da&entry=ttu&g_ep=EgoyMDI1MDIxMS4wIKXMDSoASAFQAw%3D%3D"
"Toyota","Aristo","JZS161","Black","2022","parked","3","3","6","","https://www.google.dk/maps/@35.6576433,139.3642664,3a,34.3y,216.76h,77.1t/data=!3m8!1e1!3m6!1st-YQ3nduVt7KOfmzTm3K8A!2e0!5s20221101T000000!6shttps:%2F%2Fstreetviewpixels-pa.googleapis.com%2Fv1%2Fthumbnail%3Fcb_client%3Dmaps_sv.tactile%26w%3D900%26h%3D600%26pitch%3D12.901922572402569%26panoid%3Dt-YQ3nduVt7KOfmzTm3K8A%26yaw%3D216.76406334529068!7i16384!8i8192?hl=da&entry=ttu&g_ep=EgoyMDI1MDIxMS4wIKXMDSoASAFQAw%3D%3D"
"Toyota","Corolla AE92","Levin GT-Z","White","2010","parked","6","0","6","","https://www.google.dk/maps/@35.6595081,139.3690112,3a,45.8y,260.94h,81.81t/data=!3m8!1e1!3m6!1sYGUAEqsRdfZ2FkJ3FgbIyw!2e0!5s20100201T000000!6shttps:%2F%2Fstreetviewpixels-pa.googleapis.com%2Fv1%2Fthumbnail%3Fcb_client%3Dmaps_sv.tactile%26w%3D900%26h%3D600%26pitch%3D8.186661202145729%26panoid%3DYGUAEqsRdfZ2FkJ3FgbIyw%26yaw%3D260.94299074651514!7i13312!8i6656?hl=da&entry=ttu&g_ep=EgoyMDI1MDIxMS4wIKXMDSoASAFQAw%3D%3D"
"Mazda","RX-7 FD3S","Base","Blue","2014","parked","6","0","6","Some aero mods and big GT wing","https://www.google.dk/maps/@35.6601969,139.366441,3a,27.3y,232.75h,83.19t/data=!3m8!1e1!3m6!1s3xFZlW9B-Gi8i55vB_Z6SQ!2e0!5s20140401T000000!6shttps:%2F%2Fstreetviewpixels-pa.googleapis.com%2Fv1%2Fthumbnail%3Fcb_client%3Dmaps_sv.tactile%26w%3D900%26h%3D600%26pitch%3D6.8121932859956615%26panoid%3D3xFZlW9B-Gi8i55vB_Z6SQ%26yaw%3D232.75022663292341!7i13312!8i6656?hl=da&entry=ttu&g_ep=EgoyMDI1MDIxMS4wIKXMDSoASAFQAw%3D%3D"
"Lexus","LC 500","URZ100","Black","2023","parked","5","0","5","","https://www.google.dk/maps/@36.3412922,139.2317057,3a,31.3y,123.85h,83.41t/data=!3m8!1e1!3m6!1siUvOyGC5Wbjihu_BjMd1_Q!2e0!5s20230101T000000!6shttps:%2F%2Fstreetviewpixels-pa.googleapis.com%2Fv1%2Fthumbnail%3Fcb_client%3Dmaps_sv.tactile%26w%3D900%26h%3D600%26pitch%3D6.588059809723717%26panoid%3DiUvOyGC5Wbjihu_BjMd1_Q%26yaw%3D123.85457686838855!7i16384!8i8192?hl=da&entry=ttu&g_ep=EgoyMDI1MDIxMS4wIKXMDSoASAFQAw%3D%3D"
"Other","Other","Other","White","2024","parked","1","0","1","DONK!","https://www.google.dk/maps/@35.5481571,139.36479,3a,48.9y,126.16h,69.21t/data=!3m8!1e1!3m6!1sOAyuW3P7zUoSbedHanRhdQ!2e0!5s20240201T000000!6shttps:%2F%2Fstreetviewpixels-pa.googleapis.com%2Fv1%2Fthumbnail%3Fcb_client%3Dmaps_sv.tactile%26w%3D900%26h%3D600%26pitch%3D20.79244987516222%26panoid%3DOAyuW3P7zUoSbedHanRhdQ%26yaw%3D126.15694847805254!7i16384!8i8192?hl=da&entry=ttu&g_ep=EgoyMDI1MDIxMC4wIKXMDSoASAFQAw%3D%3D"
"Toyota","Corolla AE86","Levin","Silver","2024","parked","6","0","6","","https://www.google.dk/maps/@35.5470396,139.362413,3a,26.1y,282.88h,78.14t/data=!3m8!1e1!3m6!1s0zAfPfnyBvlmri6vuIkJKg!2e0!5s20240201T000000!6shttps:%2F%2Fstreetviewpixels-pa.googleapis.com%2Fv1%2Fthumbnail%3Fcb_client%3Dmaps_sv.tactile%26w%3D900%26h%3D600%26pitch%3D11.863290832136641%26panoid%3D0zAfPfnyBvlmri6vuIkJKg%26yaw%3D282.8843601127484!7i16384!8i8192?hl=da&entry=ttu&g_ep=EgoyMDI1MDIxMC4wIKXMDSoASAFQAw%3D%3D"
"Nissan","Skyline R30","2000 RS-X Turbo","White","2015","parked","7","0","7","","https://www.google.dk/maps/@35.5451323,139.3644853,3a,35.9y,97.14h,80.94t/data=!3m8!1e1!3m6!1syn3SM0pFNaJD5FgHw5iK5g!2e0!5s20151001T000000!6shttps:%2F%2Fstreetviewpixels-pa.googleapis.com%2Fv1%2Fthumbnail%3Fcb_client%3Dmaps_sv.tactile%26w%3D900%26h%3D600%26pitch%3D9.06131223569838%26panoid%3Dyn3SM0pFNaJD5FgHw5iK5g%26yaw%3D97.13845132996049!7i13312!8i6656?hl=da&entry=ttu&g_ep=EgoyMDI1MDIxMC4wIKXMDSoASAFQAw%3D%3D"
"Nissan","Silvia S15","Base","Red","2015","parked","4","0","4","","https://www.google.dk/maps/@35.3874358,139.3659011,3a,37.6y,135.92h,77.6t/data=!3m8!1e1!3m6!1sHkuPUMcuj6CrXuXnXyTXRQ!2e0!5s20150801T000000!6shttps:%2F%2Fstreetviewpixels-pa.googleapis.com%2Fv1%2Fthumbnail%3Fcb_client%3Dmaps_sv.tactile%26w%3D900%26h%3D600%26pitch%3D12.401035227997852%26panoid%3DHkuPUMcuj6CrXuXnXyTXRQ%26yaw%3D135.91641629074152!7i13312!8i6656?hl=da&entry=ttu&g_ep=EgoyMDI1MDIwOS4wIKXMDSoASAFQAw%3D%3D"
"Nissan","Vintage","Skyline C210 Coupé","White","2019","parked","7","0","7","","https://www.google.dk/maps/@35.4134077,139.3645863,3a,15y,239.16h,87.05t/data=!3m7!1e1!3m5!1s3-OpMJpL3WIVO_b-jVUO_A!2e0!6shttps:%2F%2Fstreetviewpixels-pa.googleapis.com%2Fv1%2Fthumbnail%3Fcb_client%3Dmaps_sv.tactile%26w%3D900%26h%3D600%26pitch%3D2.9493088767966356%26panoid%3D3-OpMJpL3WIVO_b-jVUO_A%26yaw%3D239.15749286750295!7i16384!8i8192?hl=da&entry=ttu&g_ep=EgoyMDI1MDIwOS4wIKXMDSoASAFQAw%3D%3D"
"Nissan","350Z","Base","White","2014","parked","3","2","5","VeilSide Combat bodykit, Nismo LMGT4 rims","https://www.google.dk/maps/@35.4157084,139.362288,3a,48.9y,308.62h,68.85t/data=!3m8!1e1!3m6!1sShNTuioTsSYZwyw0HF6hJA!2e0!5s20140201T000000!6shttps:%2F%2Fstreetviewpixels-pa.googleapis.com%2Fv1%2Fthumbnail%3Fcb_client%3Dmaps_sv.tactile%26w%3D900%26h%3D600%26pitch%3D21.15466461701166%26panoid%3DShNTuioTsSYZwyw0HF6hJA%26yaw%3D308.61922470510757!7i13312!8i6656?hl=da&entry=ttu&g_ep=EgoyMDI1MDIwOS4wIKXMDSoASAFQAw%3D%3D"
"Nissan","Skyline R34","GT-R","White","2011","parked","8","0","8","White TE37 rims","https://www.google.dk/maps/@35.4192183,139.3634717,3a,32.8y,148.26h,77.31t/data=!3m8!1e1!3m6!1sP-mbKqoaqvLeNKbxnGjKXA!2e0!5s20110401T000000!6shttps:%2F%2Fstreetviewpixels-pa.googleapis.com%2Fv1%2Fthumbnail%3Fcb_client%3Dmaps_sv.tactile%26w%3D900%26h%3D600%26pitch%3D12.693239388820203%26panoid%3DP-mbKqoaqvLeNKbxnGjKXA%26yaw%3D148.25607454820178!7i13312!8i6656?hl=da&entry=ttu&g_ep=EgoyMDI1MDIwOS4wIKXMDSoASAFQAw%3D%3D"
"Mazda","RX-7 FC3S","Base","Purple","2011","parked","4","1","5","","https://www.google.dk/maps/@35.4192291,139.3643022,3a,27.4y,142.58h,79.63t/data=!3m8!1e1!3m6!1stUS6w4Tv6D0wbfqAq2uFcQ!2e0!5s20110401T000000!6shttps:%2F%2Fstreetviewpixels-pa.googleapis.com%2Fv1%2Fthumbnail%3Fcb_client%3Dmaps_sv.tactile%26w%3D900%26h%3D600%26pitch%3D10.365077061751165%26panoid%3DtUS6w4Tv6D0wbfqAq2uFcQ%26yaw%3D142.57968150483694!7i13312!8i6656?hl=da&entry=ttu&g_ep=EgoyMDI1MDIwOS4wIKXMDSoASAFQAw%3D%3D"
"Honda","Civic EF","Ballade Sports CR-X","White","2012","parked","6","0","6","","https://www.google.dk/maps/@35.8705361,139.6513588,3a,43.5y,30.39h,75.35t/data=!3m8!1e1!3m6!1sQwNhbYPZ1hNBDAGcuRK4qQ!2e0!5s20120401T000000!6shttps:%2F%2Fstreetviewpixels-pa.googleapis.com%2Fv1%2Fthumbnail%3Fcb_client%3Dmaps_sv.tactile%26w%3D900%26h%3D600%26pitch%3D14.648925574733937%26panoid%3DQwNhbYPZ1hNBDAGcuRK4qQ%26yaw%3D30.386817143381652!7i13312!8i6656?hl=da&entry=ttu&g_ep=EgoyMDI1MDIwNS4xIKXMDSoASAFQAw%3D%3D"
"Combos","Other","Other","Other","2015","parked","1","4","5","R34 GT-T and MR2 SW20 hanging out","https://www.google.dk/maps/@35.9190965,139.5608539,3a,44.6y,23.13h,76.44t/data=!3m8!1e1!3m6!1szn5pLPJJVK5d3J6GrYnQ9w!2e0!5s20150601T000000!6shttps:%2F%2Fstreetviewpixels-pa.googleapis.com%2Fv1%2Fthumbnail%3Fcb_client%3Dmaps_sv.tactile%26w%3D900%26h%3D600%26pitch%3D13.555489219762336%26panoid%3Dzn5pLPJJVK5d3J6GrYnQ9w%26yaw%3D23.13400126063889!7i13312!8i6656?hl=da&entry=ttu&g_ep=EgoyMDI1MDIwNS4xIKXMDSoASAFQAw%3D%3D"
"Toyota","Celica","ST205 GT-Four","White","2019","parked","5","0","5","Not sure if it's a real GT-Four or if it's kitted","https://www.google.dk/maps/@35.9179197,139.5618334,3a,54.2y,176.93h,69.23t/data=!3m8!1e1!3m6!1sFtWZecASrgs0-Gr9Iko8sQ!2e0!5s20190701T000000!6shttps:%2F%2Fstreetviewpixels-pa.googleapis.com%2Fv1%2Fthumbnail%3Fcb_client%3Dmaps_sv.tactile%26w%3D900%26h%3D600%26pitch%3D20.770628935196413%26panoid%3DFtWZecASrgs0-Gr9Iko8sQ%26yaw%3D176.9345552778089!7i16384!8i8192?hl=da&entry=ttu&g_ep=EgoyMDI1MDIwNS4xIKXMDSoASAFQAw%3D%3D"
"Honda","City","Turbo II","White","2018","parked","8","0","8","","https://www.google.dk/maps/@35.9175031,139.5628766,3a,18.1y,200.7h,82.88t/data=!3m8!1e1!3m6!1sGC801yAIOWIYk5Gqg7WKPg!2e0!5s20180901T000000!6shttps:%2F%2Fstreetviewpixels-pa.googleapis.com%2Fv1%2Fthumbnail%3Fcb_client%3Dmaps_sv.tactile%26w%3D900%26h%3D600%26pitch%3D7.122148438698872%26panoid%3DGC801yAIOWIYk5Gqg7WKPg%26yaw%3D200.6966355564528!7i16384!8i8192?hl=da&entry=ttu&g_ep=EgoyMDI1MDIwNS4xIKXMDSoASAFQAw%3D%3D"
"Nissan","Silvia S15","Base","Blue","2017","parked","4","1","5","","https://www.google.dk/maps/@35.8962567,139.5186025,3a,44.9y,259.43h,78.66t/data=!3m8!1e1!3m6!1sdc03TopVmB6Gh5U1v2W8Cg!2e0!5s20170301T000000!6shttps:%2F%2Fstreetviewpixels-pa.googleapis.com%2Fv1%2Fthumbnail%3Fcb_client%3Dmaps_sv.tactile%26w%3D900%26h%3D600%26pitch%3D11.342066624327444%26panoid%3Ddc03TopVmB6Gh5U1v2W8Cg%26yaw%3D259.42714166406387!7i13312!8i6656?hl=da&entry=ttu&g_ep=EgoyMDI1MDIwNS4xIKXMDSoASAFQAw%3D%3D"
"Honda","Civic EG","EG6 SiR","Green","2024","parked","5","0","5","","https://www.google.dk/maps/@35.8969607,139.5186612,3a,15y,239.49h,86.41t/data=!3m8!1e1!3m6!1s0X_J5MvEjdLbxwrfhIUz_w!2e0!5s20240101T000000!6shttps:%2F%2Fstreetviewpixels-pa.googleapis.com%2Fv1%2Fthumbnail%3Fcb_client%3Dmaps_sv.tactile%26w%3D900%26h%3D600%26pitch%3D3.585328565280605%26panoid%3D0X_J5MvEjdLbxwrfhIUz_w%26yaw%3D239.48507370450113!7i16384!8i8192?hl=da&entry=ttu&g_ep=EgoyMDI1MDIwNS4xIKXMDSoASAFQAw%3D%3D"
"Honda","Civic EK","EK9 Type R","White","2011","parked","6","0","6","","https://www.google.dk/maps/@35.8999144,139.5146917,3a,44.9y,106.12h,73.43t/data=!3m8!1e1!3m6!1s_yAY-eXVeQyT8oq3PIxDbQ!2e0!5s20110301T000000!6shttps:%2F%2Fstreetviewpixels-pa.googleapis.com%2Fv1%2Fthumbnail%3Fcb_client%3Dmaps_sv.tactile%26w%3D900%26h%3D600%26pitch%3D16.568280695782164%26panoid%3D_yAY-eXVeQyT8oq3PIxDbQ%26yaw%3D106.11687054463435!7i13312!8i6656?hl=da&entry=ttu&g_ep=EgoyMDI1MDIwNS4xIKXMDSoASAFQAw%3D%3D"
"Mazda","RX-7 FD3S","ɛ̃fini","Black","2015","parked","6","0","6","","https://www.google.dk/maps/@35.9016647,139.5142544,3a,32.2y,188.6h,81.46t/data=!3m8!1e1!3m6!1sEVYfSA07hYwmJT4gF4Kogw!2e0!5s20150501T000000!6shttps:%2F%2Fstreetviewpixels-pa.googleapis.com%2Fv1%2Fthumbnail%3Fcb_client%3Dmaps_sv.tactile%26w%3D900%26h%3D600%26pitch%3D8.543109764739796%26panoid%3DEVYfSA07hYwmJT4gF4Kogw%26yaw%3D188.60273626199228!7i13312!8i6656?hl=da&entry=ttu&g_ep=EgoyMDI1MDIwNS4xIKXMDSoASAFQAw%3D%3D"
"Honda","Integra","DC2 Type R","White","2015","parked","7","0","7","","https://www.google.dk/maps/@35.901966,139.5135837,3a,31.4y,311.89h,82.02t/data=!3m8!1e1!3m6!1su-9Bbn2H08ZEPl_vSJhO7Q!2e0!5s20150501T000000!6shttps:%2F%2Fstreetviewpixels-pa.googleapis.com%2Fv1%2Fthumbnail%3Fcb_client%3Dmaps_sv.tactile%26w%3D900%26h%3D600%26pitch%3D7.975301464294077%26panoid%3Du-9Bbn2H08ZEPl_vSJhO7Q%26yaw%3D311.89418712211585!7i13312!8i6656?hl=da&entry=ttu&g_ep=EgoyMDI1MDIwNS4xIKXMDSoASAFQAw%3D%3D"
"Mitsubishi","Lancer Evolution","VIII","White","2015","parked","6","0","6","Rally specced","https://www.google.dk/maps/@35.8957963,139.5121641,3a,37.6y,333.21h,76.61t/data=!3m8!1e1!3m6!1s3x_yfWZTG-v4Dk3vJZ86CA!2e0!5s20150501T000000!6shttps:%2F%2Fstreetviewpixels-pa.googleapis.com%2Fv1%2Fthumbnail%3Fcb_client%3Dmaps_sv.tactile%26w%3D900%26h%3D600%26pitch%3D13.394727752195223%26panoid%3D3x_yfWZTG-v4Dk3vJZ86CA%26yaw%3D333.20641978402784!7i13312!8i6656?hl=da&entry=ttu&g_ep=EgoyMDI1MDIwNS4xIKXMDSoASAFQAw%3D%3D"
"Toyota","Corolla AE86","Trueno","Purple","2015","parked","6","0","6","","https://www.google.dk/maps/@35.8959466,139.5128548,3a,27.5y,188.49h,85.07t/data=!3m8!1e1!3m6!1sm-xsM73YLaF72DpkOu_yuw!2e0!5s20150501T000000!6shttps:%2F%2Fstreetviewpixels-pa.googleapis.com%2Fv1%2Fthumbnail%3Fcb_client%3Dmaps_sv.tactile%26w%3D900%26h%3D600%26pitch%3D4.9311186304344545%26panoid%3Dm-xsM73YLaF72DpkOu_yuw%26yaw%3D188.4903268732457!7i13312!8i6656?hl=da&entry=ttu&g_ep=EgoyMDI1MDIwNS4xIKXMDSoASAFQAw%3D%3D"
"Nissan","Skyline R33","GTS-T","White","2021","parked","3","0","3","With GT-R aero","https://www.google.dk/maps/@35.8954705,139.5136212,3a,43y,173.2h,72.56t/data=!3m8!1e1!3m6!1s4XJuEWseHDusm3Y17UvWuQ!2e0!5s20211101T000000!6shttps:%2F%2Fstreetviewpixels-pa.googleapis.com%2Fv1%2Fthumbnail%3Fcb_client%3Dmaps_sv.tactile%26w%3D900%26h%3D600%26pitch%3D17.443538251210555%26panoid%3D4XJuEWseHDusm3Y17UvWuQ%26yaw%3D173.1968446483114!7i16384!8i8192?hl=da&entry=ttu&g_ep=EgoyMDI1MDIwNS4xIKXMDSoASAFQAw%3D%3D"
"Nissan","Silvia S15","Base","White","2018","parked","4","0","4","","https://www.google.dk/maps/@35.896738,139.5145357,3a,37.7y,115.93h,79.42t/data=!3m7!1e1!3m5!1s2vDemWEH1937IRqTDSqzxg!2e0!6shttps:%2F%2Fstreetviewpixels-pa.googleapis.com%2Fv1%2Fthumbnail%3Fcb_client%3Dmaps_sv.tactile%26w%3D900%26h%3D600%26pitch%3D10.58094137807285%26panoid%3D2vDemWEH1937IRqTDSqzxg%26yaw%3D115.93241422017807!7i16384!8i8192?hl=da&entry=ttu&g_ep=EgoyMDI1MDIwNS4xIKXMDSoASAFQAw%3D%3D"
"Nissan","Vintage","Skyline C110 Sedan","Silver","2018","parked","6","0","6","","https://www.google.dk/maps/@35.8935004,139.5178116,3a,18y,227.83h,84.1t/data=!3m8!1e1!3m6!1s8KFUP5QekJC8V2sViRjEtw!2e0!5s20180801T000000!6shttps:%2F%2Fstreetviewpixels-pa.googleapis.com%2Fv1%2Fthumbnail%3Fcb_client%3Dmaps_sv.tactile%26w%3D900%26h%3D600%26pitch%3D5.901388702896057%26panoid%3D8KFUP5QekJC8V2sViRjEtw%26yaw%3D227.8323174247376!7i16384!8i8192?hl=da&entry=ttu&g_ep=EgoyMDI1MDIwNS4xIKXMDSoASAFQAw%3D%3D"
"Nissan","Skyline R31","2000 GTS-R","Black","2011","parked","7","0","7","","https://www.google.dk/maps/@35.8934925,139.5178212,3a,31.3y,318.83h,80.29t/data=!3m8!1e1!3m6!1sE7tVZBqdhdM1PRmzazZmTQ!2e0!5s20110401T000000!6shttps:%2F%2Fstreetviewpixels-pa.googleapis.com%2Fv1%2Fthumbnail%3Fcb_client%3Dmaps_sv.tactile%26w%3D900%26h%3D600%26pitch%3D9.714672365605395%26panoid%3DE7tVZBqdhdM1PRmzazZmTQ%26yaw%3D318.8323743043601!7i13312!8i6656?hl=da&entry=ttu&g_ep=EgoyMDI1MDIwNS4xIKXMDSoASAFQAw%3D%3D"
"Nissan","Skyline R33","GT-R","White","2011","parked","7","0","7","Gold BBS rims","https://www.google.dk/maps/@35.8874794,139.5216754,3a,15y,310.92h,83.35t/data=!3m8!1e1!3m6!1sFnkQCQBD121XGg1nP3biJQ!2e0!5s20110401T000000!6shttps:%2F%2Fstreetviewpixels-pa.googleapis.com%2Fv1%2Fthumbnail%3Fcb_client%3Dmaps_sv.tactile%26w%3D900%26h%3D600%26pitch%3D6.654294121543728%26panoid%3DFnkQCQBD121XGg1nP3biJQ%26yaw%3D310.9189886959962!7i13312!8i6656?hl=da&entry=ttu&g_ep=EgoyMDI1MDIwNS4xIKXMDSoASAFQAw%3D%3D"
"Honda","Integra","DC5 Type R","Blue","2018","parked","6","0","6","","https://www.google.dk/maps/@35.882911,139.5189885,3a,34.3y,347.45h,78.72t/data=!3m8!1e1!3m6!1sxSd89am54hGqJ3oq_CZ9_A!2e0!5s20180901T000000!6shttps:%2F%2Fstreetviewpixels-pa.googleapis.com%2Fv1%2Fthumbnail%3Fcb_client%3Dmaps_sv.tactile%26w%3D900%26h%3D600%26pitch%3D11.278725444542374%26panoid%3DxSd89am54hGqJ3oq_CZ9_A%26yaw%3D347.4545995186305!7i16384!8i8192?hl=da&entry=ttu&g_ep=EgoyMDI1MDIwNS4xIKXMDSoASAFQAw%3D%3D"
"Subaru","Impreza Bugeye","WRX STi","Blue","2011","parked","6","0","6","Some visual mods, Chargespeed bumper","https://www.google.dk/maps/@35.8827997,139.5192146,3a,15.1y,87.89h,85.87t/data=!3m8!1e1!3m6!1sqzgZEDzNlRgu8hRiq7bixQ!2e0!5s20110301T000000!6shttps:%2F%2Fstreetviewpixels-pa.googleapis.com%2Fv1%2Fthumbnail%3Fcb_client%3Dmaps_sv.tactile%26w%3D900%26h%3D600%26pitch%3D4.125433411121492%26panoid%3DqzgZEDzNlRgu8hRiq7bixQ%26yaw%3D87.88585083722455!7i13312!8i6656?hl=da&entry=ttu&g_ep=EgoyMDI1MDIwNS4xIKXMDSoASAFQAw%3D%3D"
"Nissan","Vintage","GT-R KPGC110","White","2024","parked","10","0","10","","https://www.google.dk/maps/@35.8839222,139.5210824,3a,21.6y,148.94h,83.75t/data=!3m8!1e1!3m6!1stvGOU5uE9cONr1qkenYJsw!2e0!5s20240401T000000!6shttps:%2F%2Fstreetviewpixels-pa.googleapis.com%2Fv1%2Fthumbnail%3Fcb_client%3Dmaps_sv.tactile%26w%3D900%26h%3D600%26pitch%3D6.252142321056397%26panoid%3DtvGOU5uE9cONr1qkenYJsw%26yaw%3D148.94140264456263!7i16384!8i8192?hl=da&entry=ttu&g_ep=EgoyMDI1MDIwNS4xIKXMDSoASAFQAw%3D%3D"
"Honda","Civic EK","EK9 Type R","White","2018","parked","6","1.5","7.5","","https://www.google.dk/maps/@35.8851768,139.5204903,3a,31.3y,71.98h,78.64t/data=!3m8!1e1!3m6!1s9MVlEPk2H2hUowSDye6rUA!2e0!5s20180901T000000!6shttps:%2F%2Fstreetviewpixels-pa.googleapis.com%2Fv1%2Fthumbnail%3Fcb_client%3Dmaps_sv.tactile%26w%3D900%26h%3D600%26pitch%3D11.361239146351622%26panoid%3D9MVlEPk2H2hUowSDye6rUA%26yaw%3D71.97944667279383!7i16384!8i8192?hl=da&entry=ttu&g_ep=EgoyMDI1MDIwNS4xIKXMDSoASAFQAw%3D%3D"
"Subaru","Impreza Meaneye","WRX STi","White","2018","parked","6","0","6","","https://www.google.dk/maps/@35.88562,139.5204018,3a,46.9y,352.35h,69.01t/data=!3m8!1e1!3m6!1si_AaGsCgbu-fDzirgbau6w!2e0!5s20180901T000000!6shttps:%2F%2Fstreetviewpixels-pa.googleapis.com%2Fv1%2Fthumbnail%3Fcb_client%3Dmaps_sv.tactile%26w%3D900%26h%3D600%26pitch%3D20.9940302897555%26panoid%3Di_AaGsCgbu-fDzirgbau6w%26yaw%3D352.35048701410295!7i16384!8i8192?hl=da&entry=ttu&g_ep=EgoyMDI1MDIwNS4xIKXMDSoASAFQAw%3D%3D"
"Nissan","Skyline R32","GT-R","White","2011","parked","7","0","7","Gutted interior with roll cage","https://www.google.dk/maps/@35.8840585,139.5211536,3a,26.6y,125.08h,77.81t/data=!3m8!1e1!3m6!1ssWOr9aL9268IBbBzYFvq7w!2e0!5s20110301T000000!6shttps:%2F%2Fstreetviewpixels-pa.googleapis.com%2Fv1%2Fthumbnail%3Fcb_client%3Dmaps_sv.tactile%26w%3D900%26h%3D600%26pitch%3D12.1850533301278%26panoid%3DsWOr9aL9268IBbBzYFvq7w%26yaw%3D125.08169833938449!7i13312!8i6656?hl=da&entry=ttu&g_ep=EgoyMDI1MDIwNS4xIKXMDSoASAFQAw%3D%3D"
"Nissan","Vintage","GT-R KPGC10","Silver","2021","parked","9","0","9","","https://www.google.dk/maps/@35.8840202,139.5213414,3a,31.3y,177.42h,86.35t/data=!3m8!1e1!3m6!1s9JXLzxmcEeTJmQIYv6yeQg!2e0!5s20211101T000000!6shttps:%2F%2Fstreetviewpixels-pa.googleapis.com%2Fv1%2Fthumbnail%3Fcb_client%3Dmaps_sv.tactile%26w%3D900%26h%3D600%26pitch%3D3.651824601106995%26panoid%3D9JXLzxmcEeTJmQIYv6yeQg%26yaw%3D177.42478037523097!7i16384!8i8192?hl=da&entry=ttu&g_ep=EgoyMDI1MDIwNS4xIKXMDSoASAFQAw%3D%3D"
"Toyota","Sera","EXY10","Blue","2011","parked","3","1","4","","https://www.google.dk/maps/@35.8821431,139.5172143,3a,35.9y,354.44h,75.29t/data=!3m8!1e1!3m6!1s6K3sP9s60MyM7rHbw-AUbQ!2e0!5s20110301T000000!6shttps:%2F%2Fstreetviewpixels-pa.googleapis.com%2Fv1%2Fthumbnail%3Fcb_client%3Dmaps_sv.tactile%26w%3D900%26h%3D600%26pitch%3D14.709547527770354%26panoid%3D6K3sP9s60MyM7rHbw-AUbQ%26yaw%3D354.43534726940516!7i13312!8i6656?hl=da&entry=ttu&g_ep=EgoyMDI1MDIwNS4xIKXMDSoASAFQAw%3D%3D"
"Nissan","Skyline R32","GT-R","Red","2018","parked","7","0","7","","https://www.google.dk/maps/@35.880182,139.5130053,3a,39.8y,141.21h,82.59t/data=!3m8!1e1!3m6!1stq-btXtxO4pzpFMSR3IVtQ!2e0!5s20180901T000000!6shttps:%2F%2Fstreetviewpixels-pa.googleapis.com%2Fv1%2Fthumbnail%3Fcb_client%3Dmaps_sv.tactile%26w%3D900%26h%3D600%26pitch%3D7.407105035046541%26panoid%3Dtq-btXtxO4pzpFMSR3IVtQ%26yaw%3D141.21177211970442!7i16384!8i8192?hl=da&entry=ttu&g_ep=EgoyMDI1MDIwNS4xIKXMDSoASAFQAw%3D%3D"
"Subaru","SVX","Base","Silver","2012","parked","4","0","4","","https://www.google.dk/maps/@35.878468,139.5112229,3a,30.8y,106.4h,84.3t/data=!3m8!1e1!3m6!1seJj6l1jNc9jPUUmu4bSaeQ!2e0!5s20121201T000000!6shttps:%2F%2Fstreetviewpixels-pa.googleapis.com%2Fv1%2Fthumbnail%3Fcb_client%3Dmaps_sv.tactile%26w%3D900%26h%3D600%26pitch%3D5.698803681812564%26panoid%3DeJj6l1jNc9jPUUmu4bSaeQ%26yaw%3D106.40338173854921!7i13312!8i6656?hl=da&entry=ttu&g_ep=EgoyMDI1MDIwNS4xIKXMDSoASAFQAw%3D%3D"
"Mitsubishi","Lancer Evolution","VII","White","2010","parked","6","0","6","","https://www.google.dk/maps/@35.7927262,139.6209637,3a,35.9y,167.48h,78.93t/data=!3m8!1e1!3m6!1syH3kJnm06ZCg3oYr7XloRw!2e0!5s20100401T000000!6shttps:%2F%2Fstreetviewpixels-pa.googleapis.com%2Fv1%2Fthumbnail%3Fcb_client%3Dmaps_sv.tactile%26w%3D900%26h%3D600%26pitch%3D11.069603605485085%26panoid%3DyH3kJnm06ZCg3oYr7XloRw%26yaw%3D167.47761665985416!7i13312!8i6656?hl=da&entry=ttu&g_ep=EgoyMDI1MDIwNS4xIKXMDSoASAFQAw%3D%3D"
"Toyota","Celica","ST205 GT-Four","Red","2015","parked","5","0","5","","https://www.google.dk/maps/@35.7921175,139.6211944,3a,32.8y,67.33h,73.32t/data=!3m8!1e1!3m6!1sgZwLujpfTu1gdxCkyEHQcQ!2e0!5s20150301T000000!6shttps:%2F%2Fstreetviewpixels-pa.googleapis.com%2Fv1%2Fthumbnail%3Fcb_client%3Dmaps_sv.tactile%26w%3D900%26h%3D600%26pitch%3D16.684898082249262%26panoid%3DgZwLujpfTu1gdxCkyEHQcQ%26yaw%3D67.32820221415938!7i13312!8i6656?hl=da&entry=ttu&g_ep=EgoyMDI1MDIwNS4xIKXMDSoASAFQAw%3D%3D"
"Honda","Civic FK","FK8 Type R","White","2022","parked","5","0","5","","https://www.google.dk/maps/@35.7913082,139.6228133,3a,19.3y,54.74h,90.42t/data=!3m7!1e1!3m5!1sjfgWVBYY69oDnnNdzpiGtw!2e0!6shttps:%2F%2Fstreetviewpixels-pa.googleapis.com%2Fv1%2Fthumbnail%3Fcb_client%3Dmaps_sv.tactile%26w%3D900%26h%3D600%26pitch%3D-0.41554308606507107%26panoid%3DjfgWVBYY69oDnnNdzpiGtw%26yaw%3D54.74178495062971!7i16384!8i8192?hl=da&entry=ttu&g_ep=EgoyMDI1MDIwNS4xIKXMDSoASAFQAw%3D%3D"
"Subaru","Impreza Meaneye","WRX","Blue","2014","parked","4","0","4","Has some mods for rally racing","https://www.google.dk/maps/@35.7910921,139.6220554,3a,18.5y,275.31h,83.6t/data=!3m8!1e1!3m6!1snW00_aDQl49lq6A0LiOHuQ!2e0!5s20140201T000000!6shttps:%2F%2Fstreetviewpixels-pa.googleapis.com%2Fv1%2Fthumbnail%3Fcb_client%3Dmaps_sv.tactile%26w%3D900%26h%3D600%26pitch%3D6.399471888823058%26panoid%3DnW00_aDQl49lq6A0LiOHuQ%26yaw%3D275.3115248016826!7i13312!8i6656?hl=da&entry=ttu&g_ep=EgoyMDI1MDIwNS4xIKXMDSoASAFQAw%3D%3D"
"Mitsubishi","Lancer Evolution","VII","Black","2018","parked","6","0","6","","https://www.google.dk/maps/@35.7873021,139.6173462,3a,15.2y,102.39h,84.42t/data=!3m8!1e1!3m6!1scla2IhhAkmI33HsX9-iW-A!2e0!5s20180801T000000!6shttps:%2F%2Fstreetviewpixels-pa.googleapis.com%2Fv1%2Fthumbnail%3Fcb_client%3Dmaps_sv.tactile%26w%3D900%26h%3D600%26pitch%3D5.576544455306248%26panoid%3Dcla2IhhAkmI33HsX9-iW-A%26yaw%3D102.3923606730309!7i16384!8i8192?hl=da&entry=ttu&g_ep=EgoyMDI1MDIwNS4xIKXMDSoASAFQAw%3D%3D"
"Honda","Integra","DC2 Type R","White","2022","parked","7","0","7","","https://www.google.dk/maps/@35.7888954,139.6189883,3a,49.8y,50.23h,86.06t/data=!3m8!1e1!3m6!1sTKl8PDY42eyUY9LKYL9dNA!2e0!5s20220201T000000!6shttps:%2F%2Fstreetviewpixels-pa.googleapis.com%2Fv1%2Fthumbnail%3Fcb_client%3Dmaps_sv.tactile%26w%3D900%26h%3D600%26pitch%3D3.94092785232759%26panoid%3DTKl8PDY42eyUY9LKYL9dNA%26yaw%3D50.226860240946976!7i16384!8i8192?hl=da&entry=ttu&g_ep=EgoyMDI1MDIwNS4xIKXMDSoASAFQAw%3D%3D"
"Nissan","Skyline R31","2000 GTS-R","Black","2024","parked","7","0","7","","https://www.google.dk/maps/@35.7944966,139.6165363,3a,34.3y,131.85h,77.35t/data=!3m8!1e1!3m6!1sZCj3KHggncmTu1wEC9DSbQ!2e0!5s20241001T000000!6shttps:%2F%2Fstreetviewpixels-pa.googleapis.com%2Fv1%2Fthumbnail%3Fcb_client%3Dmaps_sv.tactile%26w%3D900%26h%3D600%26pitch%3D12.651780299764823%26panoid%3DZCj3KHggncmTu1wEC9DSbQ%26yaw%3D131.85380932972026!7i16384!8i8192?hl=da&entry=ttu&g_ep=EgoyMDI1MDIwNS4xIKXMDSoASAFQAw%3D%3D"
"Subaru","Impreza Hawkeye","WRX STi","Silver","2018","parked","6","0","6","","https://www.google.dk/maps/@35.7952208,139.616925,3a,26.5y,235.11h,82.53t/data=!3m8!1e1!3m6!1sCHp_aQfMU2istgQJYIxuZA!2e0!5s20180801T000000!6shttps:%2F%2Fstreetviewpixels-pa.googleapis.com%2Fv1%2Fthumbnail%3Fcb_client%3Dmaps_sv.tactile%26w%3D900%26h%3D600%26pitch%3D7.474585029737028%26panoid%3DCHp_aQfMU2istgQJYIxuZA%26yaw%3D235.10985261846852!7i16384!8i8192?hl=da&entry=ttu&g_ep=EgoyMDI1MDIwNS4xIKXMDSoASAFQAw%3D%3D"
"Nissan","180SX","Type X","White","2010","parked","1","4","5","","https://www.google.dk/maps/@35.7923683,139.6107539,3a,48.9y,214.14h,72.89t/data=!3m8!1e1!3m6!1sKlX8r5Y1yiEI1di2x883Ag!2e0!5s20100401T000000!6shttps:%2F%2Fstreetviewpixels-pa.googleapis.com%2Fv1%2Fthumbnail%3Fcb_client%3Dmaps_sv.tactile%26w%3D900%26h%3D600%26pitch%3D17.110370830611586%26panoid%3DKlX8r5Y1yiEI1di2x883Ag%26yaw%3D214.1398082935833!7i13312!8i6656?hl=da&entry=ttu&g_ep=EgoyMDI1MDIwNS4xIKXMDSoASAFQAw%3D%3D"
"Nissan","GT-R","R35","White","2015","parked","7","0","7","","https://www.google.dk/maps/@35.7919642,139.6104056,3a,28.6y,330.24h,82.73t/data=!3m8!1e1!3m6!1sqBB8z7c7HKrv6ez3E5tl-A!2e0!5s20150401T000000!6shttps:%2F%2Fstreetviewpixels-pa.googleapis.com%2Fv1%2Fthumbnail%3Fcb_client%3Dmaps_sv.tactile%26w%3D900%26h%3D600%26pitch%3D7.270780819755075%26panoid%3DqBB8z7c7HKrv6ez3E5tl-A%26yaw%3D330.2407566312478!7i13312!8i6656?hl=da&entry=ttu&g_ep=EgoyMDI1MDIwNS4xIKXMDSoASAFQAw%3D%3D"
"Nissan","Skyline R32","GT-R","White","2010","parked","7","0","7","","https://www.google.dk/maps/@35.7919847,139.6104269,3a,41.6y,325.09h,78.22t/data=!3m8!1e1!3m6!1slkoVqDCXP53b2Zc5goNNdg!2e0!5s20100401T000000!6shttps:%2F%2Fstreetviewpixels-pa.googleapis.com%2Fv1%2Fthumbnail%3Fcb_client%3Dmaps_sv.tactile%26w%3D900%26h%3D600%26pitch%3D11.77921623295832%26panoid%3DlkoVqDCXP53b2Zc5goNNdg%26yaw%3D325.09457636284304!7i13312!8i6656?hl=da&entry=ttu&g_ep=EgoyMDI1MDIwNS4xIKXMDSoASAFQAw%3D%3D"
"Honda","Civic FN","FN2 Type R","Red","2014","parked","6","0","6","","https://www.google.dk/maps/@35.7915308,139.6109541,3a,75y,52.04h,67.64t/data=!3m8!1e1!3m6!1sV-AJKIN4jwyQtg9elyXBAw!2e0!5s20140301T000000!6shttps:%2F%2Fstreetviewpixels-pa.googleapis.com%2Fv1%2Fthumbnail%3Fcb_client%3Dmaps_sv.tactile%26w%3D900%26h%3D600%26pitch%3D22.358992717881435%26panoid%3DV-AJKIN4jwyQtg9elyXBAw%26yaw%3D52.04224981902532!7i13312!8i6656?hl=da&entry=ttu&g_ep=EgoyMDI1MDIwNS4xIKXMDSoASAFQAw%3D%3D"
"Honda","Civic EK","EK9 Type R","White","2023","parked","6","3","9","Civic EK9 Race Base, OEM basic version for racecar conversion","https://www.google.dk/maps/@35.7698449,139.610126,3a,33.2y,10.83h,82.87t/data=!3m7!1e1!3m5!1secSfjNkEIq6iDk_0sWOf3A!2e0!6shttps:%2F%2Fstreetviewpixels-pa.googleapis.com%2Fv1%2Fthumbnail%3Fcb_client%3Dmaps_sv.tactile%26w%3D900%26h%3D600%26pitch%3D7.12928828721769%26panoid%3DecSfjNkEIq6iDk_0sWOf3A%26yaw%3D10.83267484337611!7i16384!8i8192?hl=da&entry=ttu&g_ep=EgoyMDI1MDEyNi4wIKXMDSoASAFQAw%3D%3D"
"Honda","Civic EK","EK9 Type R","Silver","2021","parked","6","0","6","Volk CE28N rims","https://www.google.dk/maps/@35.7740448,139.4846033,3a,67.1y,346.46h,68.21t/data=!3m8!1e1!3m6!1siiH0dDiQ_cT6HgCDcYeVYg!2e0!5s20210401T000000!6shttps:%2F%2Fstreetviewpixels-pa.googleapis.com%2Fv1%2Fthumbnail%3Fcb_client%3Dmaps_sv.tactile%26w%3D900%26h%3D600%26pitch%3D21.79101395885519%26panoid%3DiiH0dDiQ_cT6HgCDcYeVYg%26yaw%3D346.4607723033284!7i16384!8i8192?hl=da&entry=ttu&g_ep=EgoyMDI1MDEyNi4wIKXMDSoASAFQAw%3D%3D"
"BMW","E46","M3","Silver","2014","driving","6","0","6","","https://www.google.dk/maps/@35.7115207,139.4334677,3a,32.8y,289.72h,83.5t/data=!3m8!1e1!3m6!1sn0TrDWfr9pFDfEcbm4PikQ!2e0!5s20140401T000000!6shttps:%2F%2Fstreetviewpixels-pa.googleapis.com%2Fv1%2Fthumbnail%3Fcb_client%3Dmaps_sv.tactile%26w%3D900%26h%3D600%26pitch%3D6.496976416320351%26panoid%3Dn0TrDWfr9pFDfEcbm4PikQ%26yaw%3D289.7248432946806!7i13312!8i6656?hl=da&entry=ttu&g_ep=EgoyMDI1MDIwNS4xIKXMDSoASAFQAw%3D%3D"
"Honda","S2000","CR","Yellow","2019","parked","7","0","7","","https://www.google.dk/maps/@35.6952322,139.4364132,3a,32.7y,294.24h,84.4t/data=!3m8!1e1!3m6!1s82gR0JusEEhjutPWvuBOSQ!2e0!5s20190301T000000!6shttps:%2F%2Fstreetviewpixels-pa.googleapis.com%2Fv1%2Fthumbnail%3Fcb_client%3Dmaps_sv.tactile%26w%3D900%26h%3D600%26pitch%3D5.598750471835231%26panoid%3D82gR0JusEEhjutPWvuBOSQ%26yaw%3D294.23732677537475!7i16384!8i8192?hl=da&entry=ttu&g_ep=EgoyMDI1MDIwNS4xIKXMDSoASAFQAw%3D%3D"
"Toyota","MR2","W20","Silver","2009","parked","4","0","4","","https://www.google.dk/maps/@35.6867621,139.4417351,3a,48.9y,259.94h,73.98t/data=!3m8!1e1!3m6!1slAkLmXXGSrgGfkSW2SrIKw!2e0!5s20090801T000000!6shttps:%2F%2Fstreetviewpixels-pa.googleapis.com%2Fv1%2Fthumbnail%3Fcb_client%3Dmaps_sv.tactile%26w%3D900%26h%3D600%26pitch%3D16.018939093105914%26panoid%3DlAkLmXXGSrgGfkSW2SrIKw%26yaw%3D259.9435463125708!7i13312!8i6656?hl=da&entry=ttu&g_ep=EgoyMDI1MDIwNS4xIKXMDSoASAFQAw%3D%3D"
"Nissan","180SX","Type X","White","2021","parked","1","6","7","","https://www.google.dk/maps/@35.3099894,139.2617942,3a,28.2y,164.55h,78.64t/data=!3m8!1e1!3m6!1sS2b-4Zmd_ZffY5F2-VvBLg!2e0!5s20210801T000000!6shttps:%2F%2Fstreetviewpixels-pa.googleapis.com%2Fv1%2Fthumbnail%3Fcb_client%3Dmaps_sv.tactile%26w%3D900%26h%3D600%26pitch%3D11.363855170830092%26panoid%3DS2b-4Zmd_ZffY5F2-VvBLg%26yaw%3D164.55282653064452!7i16384!8i8192?hl=da&entry=ttu&g_ep=EgoyMDI1MDIwNS4xIKXMDSoASAFQAw%3D%3D"
"Nissan","Skyline R34","GT-T","Black","2018","parked","5","0","5","Some visual mods","https://www.google.dk/maps/@35.6529399,139.6304587,3a,43y,255.41h,73.18t/data=!3m8!1e1!3m6!1sdc7VxK5GSZ5YFX9FGyLdNQ!2e0!5s20180601T000000!6shttps:%2F%2Fstreetviewpixels-pa.googleapis.com%2Fv1%2Fthumbnail%3Fcb_client%3Dmaps_sv.tactile%26w%3D900%26h%3D600%26pitch%3D16.824281432397072%26panoid%3Ddc7VxK5GSZ5YFX9FGyLdNQ%26yaw%3D255.4111464107222!7i16384!8i8192?hl=da&entry=ttu&g_ep=EgoyMDI1MDIwNC4wIKXMDSoASAFQAw%3D%3D"
"Honda","Civic EK","EK9 Type R","White","2019","parked","6","0","6","Some visual mods","https://www.google.dk/maps/@35.5866123,139.4753828,3a,15y,11.61h,86.83t/data=!3m8!1e1!3m6!1s_DzXVmiGyv0t8C9g8vko1A!2e0!5s20190201T000000!6shttps:%2F%2Fstreetviewpixels-pa.googleapis.com%2Fv1%2Fthumbnail%3Fcb_client%3Dmaps_sv.tactile%26w%3D900%26h%3D600%26pitch%3D3.1653150873062117%26panoid%3D_DzXVmiGyv0t8C9g8vko1A%26yaw%3D11.609846271081745!7i16384!8i8192?hl=da&entry=ttu&g_ep=EgoyMDI1MDIwNC4wIKXMDSoASAFQAw%3D%3D"
"Chevrolet","Corvette C5","Base","Yellow","2009","parked","4","2","6","Corvette C5.R replica","https://www.google.dk/maps/@35.5418581,139.6507864,3a,32.2y,311.28h,81.45t/data=!3m8!1e1!3m6!1snf8lUUvXo9u5QhkFOYv6-w!2e0!5s20090901T000000!6shttps:%2F%2Fstreetviewpixels-pa.googleapis.com%2Fv1%2Fthumbnail%3Fcb_client%3Dmaps_sv.tactile%26w%3D900%26h%3D600%26pitch%3D8.549999999999997%26panoid%3Dnf8lUUvXo9u5QhkFOYv6-w%26yaw%3D311.28!7i13312!8i6656?hl=da&entry=ttu&g_ep=EgoyMDI1MDIwNC4wIKXMDSoASAFQAw%3D%3D"
"Ford","Mustang","Eleanor","Grey","2009","parked","6","0","6","","https://www.google.dk/maps/@35.657086,139.5378163,3a,48.9y,98.6h,68.25t/data=!3m8!1e1!3m6!1si7gFatVHeYYjfjB-6sjK2A!2e0!5s20090801T000000!6shttps:%2F%2Fstreetviewpixels-pa.googleapis.com%2Fv1%2Fthumbnail%3Fcb_client%3Dmaps_sv.tactile%26w%3D900%26h%3D600%26pitch%3D21.75094762654345%26panoid%3Di7gFatVHeYYjfjB-6sjK2A%26yaw%3D98.60377539016746!7i13312!8i6656?hl=da&entry=ttu&g_ep=EgoyMDI1MDIwNC4wIKXMDSoASAFQAw%3D%3D"
"Mazda","RX-7 FD3S","Base","Black","2016","parked","6","0","6","","https://www.google.dk/maps/@35.5301999,139.6331214,3a,27.2y,264.39h,76.48t/data=!3m8!1e1!3m6!1sZZ1_qXEiLc9EkgAwQ9T1tQ!2e0!5s20160501T000000!6shttps:%2F%2Fstreetviewpixels-pa.googleapis.com%2Fv1%2Fthumbnail%3Fcb_client%3Dmaps_sv.tactile%26w%3D900%26h%3D600%26pitch%3D13.522401595346565%26panoid%3DZZ1_qXEiLc9EkgAwQ9T1tQ%26yaw%3D264.3896507676746!7i13312!8i6656?hl=da&entry=ttu&g_ep=EgoyMDI1MDIwNC4wIKXMDSoASAFQAw%3D%3D"
"Ford","Festiva","Cosworth","Grey","2009","parked","7","0","7","Very rare little hatchback","https://www.google.dk/maps/@35.7318997,139.5294931,3a,20.7y,287.59h,77.8t/data=!3m8!1e1!3m6!1s88N7Y_-G8v7KGpHaKdsgqA!2e0!5s20090701T000000!6shttps:%2F%2Fstreetviewpixels-pa.googleapis.com%2Fv1%2Fthumbnail%3Fcb_client%3Dmaps_sv.tactile%26w%3D900%26h%3D600%26pitch%3D12.200018103865858%26panoid%3D88N7Y_-G8v7KGpHaKdsgqA%26yaw%3D287.5869515634911!7i13312!8i6656?hl=da&entry=ttu&g_ep=EgoyMDI1MDIwNC4wIKXMDSoASAFQAw%3D%3D"
"Saleen","Ford","Focus","Blue","2019","parked","6","0","6","Spotted in USA","https://www.google.com/maps/@33.8612793,-118.3034007,3a,15y,202.05h,84.71t/data=!3m7!1e1!3m5!1sHpqWa0jDkxk3sTWOB1umXQ!2e0!6shttps:%2F%2Fstreetviewpixels-pa.googleapis.com%2Fv1%2Fthumbnail%3Fcb_client%3Dmaps_sv.tactile%26w%3D900%26h%3D600%26pitch%3D5.294182080680514%26panoid%3DHpqWa0jDkxk3sTWOB1umXQ%26yaw%3D202.0484360197134!7i16384!8i8192?entry=ttu&g_ep=EgoyMDI1MDIwNC4wIKXMDSoASAFQAw%3D%3D"
"Ferrari","Testarossa","Base","White","2015","parked","7","2","9","Ferrari Testarossa Koenig","https://www.google.dk/maps/@35.5199321,139.6113042,3a,17.5y,120.95h,86.03t/data=!3m8!1e1!3m6!1sECdSkgu9mzFTzUWxiJyd5Q!2e0!5s20150401T000000!6shttps:%2F%2Fstreetviewpixels-pa.googleapis.com%2Fv1%2Fthumbnail%3Fcb_client%3Dmaps_sv.tactile%26w%3D900%26h%3D600%26pitch%3D3.969999999999999%26panoid%3DECdSkgu9mzFTzUWxiJyd5Q%26yaw%3D120.95!7i13312!8i6656?hl=da&entry=ttu&g_ep=EgoyMDI1MDIwNC4wIKXMDSoASAFQAw%3D%3D"
"Lancia","Delta","Integrale","White","2019","parked","6","0","6","","https://www.google.dk/maps/@35.7021181,139.9027706,3a,25.7y,298.96h,78.8t/data=!3m8!1e1!3m6!1snDC82stgZg5L56G7saa4AQ!2e0!5s20190501T000000!6shttps:%2F%2Fstreetviewpixels-pa.googleapis.com%2Fv1%2Fthumbnail%3Fcb_client%3Dmaps_sv.tactile%26w%3D900%26h%3D600%26pitch%3D11.204071685166582%26panoid%3DnDC82stgZg5L56G7saa4AQ%26yaw%3D298.9598519410986!7i16384!8i8192?hl=da&entry=ttu&g_ep=EgoyMDI1MDIwNC4wIKXMDSoASAFQAw%3D%3D"
"Lancia","Delta","Integrale","Black","2015","parked","6","0","6","","https://www.google.dk/maps/@35.7339421,139.6414291,3a,25y,141.57h,81.44t/data=!3m8!1e1!3m6!1s6dlJlIWI2TuZ4Td-ze_GeA!2e0!5s20150401T000000!6shttps:%2F%2Fstreetviewpixels-pa.googleapis.com%2Fv1%2Fthumbnail%3Fcb_client%3Dmaps_sv.tactile%26w%3D900%26h%3D600%26pitch%3D8.560000000000002%26panoid%3D6dlJlIWI2TuZ4Td-ze_GeA%26yaw%3D141.57!7i13312!8i6656?hl=da&entry=ttu&g_ep=EgoyMDI1MDIwNC4wIKXMDSoASAFQAw%3D%3D"
"Ferrari","812","Superfast","Silver","2018","parked","5","0","5","","https://www.google.dk/maps/@35.8726301,139.7434539,3a,49.3y,33.12h,75.09t/data=!3m8!1e1!3m6!1s5JrgozkFtOSt6l0zNzxYsg!2e0!5s20180701T000000!6shttps:%2F%2Fstreetviewpixels-pa.googleapis.com%2Fv1%2Fthumbnail%3Fcb_client%3Dmaps_sv.tactile%26w%3D900%26h%3D600%26pitch%3D14.913296535642274%26panoid%3D5JrgozkFtOSt6l0zNzxYsg%26yaw%3D33.118063031198794!7i16384!8i8192?hl=da&entry=ttu&g_ep=EgoyMDI1MDIwNC4wIKXMDSoASAFQAw%3D%3D"
"Ferrari","F40","Base","Red","2009","parked","9","0","9","Spotted in Denmark","https://www.google.com/maps/@55.8860295,12.5428178,3a,53y,192.7h,76.31t,1.35r/data=!3m7!1e1!3m5!1shm6yxmALIqpPxXn_Qr6g3A!2e0!6shttps:%2F%2Fstreetviewpixels-pa.googleapis.com%2Fv1%2Fthumbnail%3Fcb_client%3Dmaps_sv.tactile%26w%3D900%26h%3D600%26pitch%3D13.689999999999998%26panoid%3Dhm6yxmALIqpPxXn_Qr6g3A%26yaw%3D192.7!7i13312!8i6656?entry=ttu&g_ep=EgoyMDI1MDIwNC4wIKXMDSoASAFQAw%3D%3D"
"Lancia","Delta","Integrale","White","2014","parked","6","0","6","Martini Racing livery","https://www.google.dk/maps/@35.5131268,139.5681344,3a,15y,126.96h,87.47t/data=!3m8!1e1!3m6!1s_trXQcTzjYkORh75yLBJ7g!2e0!5s20211001T000000!6shttps:%2F%2Fstreetviewpixels-pa.googleapis.com%2Fv1%2Fthumbnail%3Fcb_client%3Dmaps_sv.tactile%26w%3D900%26h%3D600%26pitch%3D2.530000000000001%26panoid%3D_trXQcTzjYkORh75yLBJ7g%26yaw%3D126.96!7i13312!8i6656?hl=da&entry=ttu&g_ep=EgoyMDI1MDIwNC4wIKXMDSoASAFQAw%3D%3D"
"Porsche","993","Carrera","White","2013","parked","4","0","4","","https://www.google.dk/maps/@35.7068193,139.6763097,3a,39.4y,284.8h,69.39t/data=!3m8!1e1!3m6!1sbtFjWFrxnL_ENAKf_35Ggw!2e0!5s20130701T000000!6shttps:%2F%2Fstreetviewpixels-pa.googleapis.com%2Fv1%2Fthumbnail%3Fcb_client%3Dmaps_sv.tactile%26w%3D900%26h%3D600%26pitch%3D20.61%26panoid%3DbtFjWFrxnL_ENAKf_35Ggw%26yaw%3D284.8!7i13312!8i6656?hl=da&entry=ttu&g_ep=EgoyMDI1MDIwNC4wIKXMDSoASAFQAw%3D%3D"
"Porsche","996","GT3","Blue","2009","parked","6","0","6","","https://www.google.dk/maps/@35.6570222,139.6648544,3a,39.5y,117.04h,74.24t/data=!3m8!1e1!3m6!1skDAbAyjGQSiTVUjcndswgQ!2e0!5s20090901T000000!6shttps:%2F%2Fstreetviewpixels-pa.googleapis.com%2Fv1%2Fthumbnail%3Fcb_client%3Dmaps_sv.tactile%26w%3D900%26h%3D600%26pitch%3D15.760000000000005%26panoid%3DkDAbAyjGQSiTVUjcndswgQ%26yaw%3D117.04!7i13312!8i6656?hl=da&entry=ttu&g_ep=EgoyMDI1MDIwNC4wIKXMDSoASAFQAw%3D%3D"
"Porsche","964","Turbo","Black","2019","parked","5","0","5","Rauh-Welt Begriff (RWB) Porsche 964 Aoki","https://www.google.dk/maps/@35.4950575,139.5982496,3a,25.5y,194.69h,75.38t/data=!3m8!1e1!3m6!1sN3nOUnjRWNFYb-h4Scf1zg!2e0!5s20190501T000000!6shttps:%2F%2Fstreetviewpixels-pa.googleapis.com%2Fv1%2Fthumbnail%3Fcb_client%3Dmaps_sv.tactile%26w%3D900%26h%3D600%26pitch%3D14.623208563749245%26panoid%3DN3nOUnjRWNFYb-h4Scf1zg%26yaw%3D194.68930958418414!7i16384!8i8192?hl=da&entry=ttu&g_ep=EgoyMDI1MDIwNC4wIKXMDSoASAFQAw%3D%3D"
"BMW","E46","M3","Red","2014","parked","6","0","6","","https://www.google.dk/maps/@35.6262648,139.6277298,3a,49y,44.08h,68.59t/data=!3m8!1e1!3m6!1s_fzJrv43bUx14ukSvb5cmQ!2e0!5s20140401T000000!6shttps:%2F%2Fstreetviewpixels-pa.googleapis.com%2Fv1%2Fthumbnail%3Fcb_client%3Dmaps_sv.tactile%26w%3D900%26h%3D600%26pitch%3D21.405096711494522%26panoid%3D_fzJrv43bUx14ukSvb5cmQ%26yaw%3D44.078062741175586!7i13312!8i6656?hl=da&entry=ttu&g_ep=EgoyMDI1MDIwNC4wIKXMDSoASAFQAw%3D%3D"
"BMW","E36","M3","Yellow","2009","parked","5","0","5","","https://www.google.dk/maps/@35.5260832,139.610588,3a,75y,95.34h,63t/data=!3m8!1e1!3m6!1shefeCUsgnZK1ihte8w9JpA!2e0!5s20090701T000000!6shttps:%2F%2Fstreetviewpixels-pa.googleapis.com%2Fv1%2Fthumbnail%3Fcb_client%3Dmaps_sv.tactile%26w%3D900%26h%3D600%26pitch%3D27.002162404353427%26panoid%3DhefeCUsgnZK1ihte8w9JpA%26yaw%3D95.33527643443563!7i13312!8i6656?hl=da&entry=ttu&g_ep=EgoyMDI1MDIwNC4wIKXMDSoASAFQAw%3D%3D"
"Porsche","997","Turbo","Green","2019","parked","5","1","6","","https://www.google.dk/maps/@35.5376252,139.5372451,3a,51.7y,119.61h,62.71t/data=!3m8!1e1!3m6!1sFo7_gVZjmblv2c34juonlA!2e0!5s20190501T000000!6shttps:%2F%2Fstreetviewpixels-pa.googleapis.com%2Fv1%2Fthumbnail%3Fcb_client%3Dmaps_sv.tactile%26w%3D900%26h%3D600%26pitch%3D27.292466428991304%26panoid%3DFo7_gVZjmblv2c34juonlA%26yaw%3D119.60647348408416!7i16384!8i8192?hl=da&entry=ttu&g_ep=EgoyMDI1MDIwNC4wIKXMDSoASAFQAw%3D%3D"
"Bosozoku","Other","Other","Black","2019","parked","1","4","5","Old Mercedes Coupé in Bosozoku style","https://www.google.dk/maps/@35.6522136,139.4406821,3a,15y,220.52h,87.35t/data=!3m8!1e1!3m6!1st8t14sa6bNBIVFqZVcc7hA!2e0!5s20190501T000000!6shttps:%2F%2Fstreetviewpixels-pa.googleapis.com%2Fv1%2Fthumbnail%3Fcb_client%3Dmaps_sv.tactile%26w%3D900%26h%3D600%26pitch%3D2.6466883731976196%26panoid%3Dt8t14sa6bNBIVFqZVcc7hA%26yaw%3D220.51655296993675!7i16384!8i8192?hl=da&entry=ttu&g_ep=EgoyMDI1MDIwNC4wIKXMDSoASAFQAw%3D%3D"
"Mercedes","E190","EVO","Grey","2010","parked","8","0","8","","https://www.google.dk/maps/@35.7096612,139.3468755,3a,36y,280.34h,79.23t/data=!3m8!1e1!3m6!1sDMWbACvaQyoXY6ES-z5PSA!2e0!5s20101201T000000!6shttps:%2F%2Fstreetviewpixels-pa.googleapis.com%2Fv1%2Fthumbnail%3Fcb_client%3Dmaps_sv.tactile%26w%3D900%26h%3D600%26pitch%3D10.768190265689086%26panoid%3DDMWbACvaQyoXY6ES-z5PSA%26yaw%3D280.3399610840308!7i13312!8i6656?hl=da&entry=ttu&g_ep=EgoyMDI1MDIwNC4wIKXMDSoASAFQAw%3D%3D"
"BMW","E30","M3","Grey","2014","parked","7","0","7","","https://www.google.dk/maps/@35.8452288,139.7457046,3a,34.3y,129.84h,81.97t/data=!3m8!1e1!3m6!1sv4vaYpDd-fQ9fDKloAtsqg!2e0!5s20140401T000000!6shttps:%2F%2Fstreetviewpixels-pa.googleapis.com%2Fv1%2Fthumbnail%3Fcb_client%3Dmaps_sv.tactile%26w%3D900%26h%3D600%26pitch%3D8.032515396091512%26panoid%3Dv4vaYpDd-fQ9fDKloAtsqg%26yaw%3D129.84461017638696!7i13312!8i6656?hl=da&entry=ttu&g_ep=EgoyMDI1MDIwNC4wIKXMDSoASAFQAw%3D%3D"
"Volkswagen","Golf II","Base","Purple","2010","parked","2","4","6","Many visual mods, including purple harlequin flip paint","https://www.google.dk/maps/@35.3266729,139.4202445,3a,31.5y,163.67h,79.36t/data=!3m8!1e1!3m6!1s2L5wV314YJQ0mC0_auHFFw!2e0!5s20100901T000000!6shttps:%2F%2Fstreetviewpixels-pa.googleapis.com%2Fv1%2Fthumbnail%3Fcb_client%3Dmaps_sv.tactile%26w%3D900%26h%3D600%26pitch%3D10.638432246437588%26panoid%3D2L5wV314YJQ0mC0_auHFFw%26yaw%3D163.67269342160287!7i13312!8i6656?hl=da&entry=ttu&g_ep=EgoyMDI1MDIwNC4wIKXMDSoASAFQAw%3D%3D"
"Renault","Clio","V6","Silver","2009","driving","7","0","7","","https://www.google.dk/maps/@35.7080748,139.9726801,3a,25.4y,210.04h,80.62t/data=!3m8!1e1!3m6!1sZhNy0LAy9rb58a0axfShlw!2e0!5s20091101T000000!6shttps:%2F%2Fstreetviewpixels-pa.googleapis.com%2Fv1%2Fthumbnail%3Fcb_client%3Dmaps_sv.tactile%26w%3D900%26h%3D600%26pitch%3D9.377133013985372%26panoid%3DZhNy0LAy9rb58a0axfShlw%26yaw%3D210.0421220303945!7i13312!8i6656?hl=da&entry=ttu&g_ep=EgoyMDI1MDIwNC4wIKXMDSoASAFQAw%3D%3D"
"Renault","Clio","V6","Grey","2009","parked","7","0","7","","https://www.google.dk/maps/@35.4171001,139.5642647,3a,35.9y,39.72h,81.52t/data=!3m8!1e1!3m6!1sOMlzPuR6mE6h5QKcftrx4Q!2e0!5s20090901T000000!6shttps:%2F%2Fstreetviewpixels-pa.googleapis.com%2Fv1%2Fthumbnail%3Fcb_client%3Dmaps_sv.tactile%26w%3D900%26h%3D600%26pitch%3D8.48058935660292%26panoid%3DOMlzPuR6mE6h5QKcftrx4Q%26yaw%3D39.72165646314064!7i13312!8i6656?hl=da&entry=ttu&g_ep=EgoyMDI1MDIwNC4wIKXMDSoASAFQAw%3D%3D"
"Renault","Clio","V6","Blue","2009","parked","7","0","7","Work Meister S1 rims","https://www.google.dk/maps/@35.6939175,139.4975734,3a,42.7y,212.77h,78.57t/data=!3m8!1e1!3m6!1sAIDuQuRc273B_mn6YHV6QA!2e0!5s20090701T000000!6shttps:%2F%2Fstreetviewpixels-pa.googleapis.com%2Fv1%2Fthumbnail%3Fcb_client%3Dmaps_sv.tactile%26w%3D900%26h%3D600%26pitch%3D11.430233097191973%26panoid%3DAIDuQuRc273B_mn6YHV6QA%26yaw%3D212.77248175153287!7i13312!8i6656?hl=da&entry=ttu&g_ep=EgoyMDI1MDIwNC4wIKXMDSoASAFQAw%3D%3D"
"BMW","Alpina","E21 B6","Black","2014","parked","7","0","7","","https://www.google.dk/maps/@35.6335176,139.6450838,3a,15y,146.7h,85.36t/data=!3m8!1e1!3m6!1s8Oy9eMyOfN55VxyktO3sCg!2e0!5s20140401T000000!6shttps:%2F%2Fstreetviewpixels-pa.googleapis.com%2Fv1%2Fthumbnail%3Fcb_client%3Dmaps_sv.tactile%26w%3D900%26h%3D600%26pitch%3D4.640000000000001%26panoid%3D8Oy9eMyOfN55VxyktO3sCg%26yaw%3D146.7!7i13312!8i6656?hl=da&entry=ttu&g_ep=EgoyMDI1MDIwNC4wIKXMDSoASAFQAw%3D%3D"
"Aston Martin","Vanquish","V12","Black","2015","parked","5","0","5","","https://www.google.dk/maps/@35.5077792,139.6899294,3a,34.3y,27.95h,72.95t/data=!3m8!1e1!3m6!1sXLMtn8_rdQm-sEP-zJSWIQ!2e0!5s20150201T000000!6shttps:%2F%2Fstreetviewpixels-pa.googleapis.com%2Fv1%2Fthumbnail%3Fcb_client%3Dmaps_sv.tactile%26w%3D900%26h%3D600%26pitch%3D17.049999999999997%26panoid%3DXLMtn8_rdQm-sEP-zJSWIQ%26yaw%3D27.95!7i13312!8i6656?hl=da&entry=ttu&g_ep=EgoyMDI1MDIwNC4wIKXMDSoASAFQAw%3D%3D"
"Land Rover","Discovery","Series I","Yellow","2010","parked","2","1","3","Converted with lots of off-road accessories, looks like it's been used to travel the world","https://www.google.dk/maps/@35.6940746,140.078122,3a,41y,146.16h,78.34t/data=!3m8!1e1!3m6!1sO98EGqybRpmeM8HhNC0YnA!2e0!5s20101101T000000!6shttps:%2F%2Fstreetviewpixels-pa.googleapis.com%2Fv1%2Fthumbnail%3Fcb_client%3Dmaps_sv.tactile%26w%3D900%26h%3D600%26pitch%3D11.659999999999997%26panoid%3DO98EGqybRpmeM8HhNC0YnA%26yaw%3D146.16!7i13312!8i6656?hl=da&entry=ttu&g_ep=EgoyMDI1MDIwNC4wIKXMDSoASAFQAw%3D%3D"
"Lotus","Esprit","Turbo","Yellow","2015","parked","6","0","6","","https://www.google.dk/maps/@35.4037926,139.5898393,3a,27.2y,269.72h,85.56t/data=!3m8!1e1!3m6!1sMCSy7KYrHUlizhtrzoWjgg!2e0!5s20150901T000000!6shttps:%2F%2Fstreetviewpixels-pa.googleapis.com%2Fv1%2Fthumbnail%3Fcb_client%3Dmaps_sv.tactile%26w%3D900%26h%3D600%26pitch%3D4.439999999999998%26panoid%3DMCSy7KYrHUlizhtrzoWjgg%26yaw%3D269.72!7i13312!8i6656?hl=da&entry=ttu&g_ep=EgoyMDI1MDIwNC4wIKXMDSoASAFQAw%3D%3D"
"Bosozoku","Other","Other","Other","2010","parked","1","1","2","I have no idea","https://www.google.dk/maps/@35.8180473,139.7162094,3a,37.8y,18.21h,75.04t/data=!3m8!1e1!3m6!1s65I8KhTvSL_Ne521ko2KKA!2e0!5s20101201T000000!6shttps:%2F%2Fstreetviewpixels-pa.googleapis.com%2Fv1%2Fthumbnail%3Fcb_client%3Dmaps_sv.tactile%26w%3D900%26h%3D600%26pitch%3D14.959999999999994%26panoid%3D65I8KhTvSL_Ne521ko2KKA%26yaw%3D18.21!7i13312!8i6656?hl=da&entry=ttu&g_ep=EgoyMDI1MDIwNC4wIKXMDSoASAFQAw%3D%3D"
"Bosozoku","Other","Other","Other","2009","parked","1","4","5","Toyota Hiace in Bosozoku style","https://www.google.dk/maps/@35.4592651,139.5114784,3a,52.2y,133.24h,79.61t/data=!3m8!1e1!3m6!1sf_CE-bhFh8wpVXS86P0kgw!2e0!5s20091101T000000!6shttps:%2F%2Fstreetviewpixels-pa.googleapis.com%2Fv1%2Fthumbnail%3Fcb_client%3Dmaps_sv.tactile%26w%3D900%26h%3D600%26pitch%3D10.39%26panoid%3Df_CE-bhFh8wpVXS86P0kgw%26yaw%3D133.24!7i13312!8i6656?hl=da&entry=ttu&g_ep=EgoyMDI1MDIwNC4wIKXMDSoASAFQAw%3D%3D"
"Bosozoku","Other","Other","White","2018","parked","1","5","6","Toyota Soarer Mk. I Bosozoku style","https://www.google.dk/maps/@35.8054481,139.899186,3a,23.5y,252.92h,82.56t/data=!3m8!1e1!3m6!1syouVb7Z6N0DCr8S8HNOV-g!2e0!5s20180801T000000!6shttps:%2F%2Fstreetviewpixels-pa.googleapis.com%2Fv1%2Fthumbnail%3Fcb_client%3Dmaps_sv.tactile%26w%3D900%26h%3D600%26pitch%3D7.436553242831465%26panoid%3DyouVb7Z6N0DCr8S8HNOV-g%26yaw%3D252.9176138280003!7i16384!8i8192?hl=da&entry=ttu&g_ep=EgoyMDI1MDIwNC4wIKXMDSoASAFQAw%3D%3D"
"Combos","Other","Other","Other","2022","parked","1","0","1","Shiba Van Life!","https://www.google.dk/maps/@35.5897319,139.4605124,3a,44.7y,222.68h,75.8t/data=!3m8!1e1!3m6!1snUMoEDSGnHVwc_uqFVLJQw!2e0!5s20220401T000000!6shttps:%2F%2Fstreetviewpixels-pa.googleapis.com%2Fv1%2Fthumbnail%3Fcb_client%3Dmaps_sv.tactile%26w%3D900%26h%3D600%26pitch%3D14.202076926760881%26panoid%3DnUMoEDSGnHVwc_uqFVLJQw%26yaw%3D222.67749039183994!7i16384!8i8192?hl=da&entry=ttu&g_ep=EgoyMDI1MDIwNC4wIKXMDSoASAFQAw%3D%3D"
"Toyota","Soarer","Z20","White","2022","parked","5","2","7","Super clean with many visual mods, Work Meister S1","https://www.google.dk/maps/@35.4231731,139.6212452,3a,60.5y,234.53h,73.08t/data=!3m8!1e1!3m6!1sZMa0TW0vxFFWpuKtuxpofQ!2e0!5s20221001T000000!6shttps:%2F%2Fstreetviewpixels-pa.googleapis.com%2Fv1%2Fthumbnail%3Fcb_client%3Dmaps_sv.tactile%26w%3D900%26h%3D600%26pitch%3D16.91835001461287%26panoid%3DZMa0TW0vxFFWpuKtuxpofQ%26yaw%3D234.5305342363226!7i16384!8i8192?hl=da&entry=ttu&g_ep=EgoyMDI1MDEyNy4wIKXMDSoASAFQAw%3D%3D"
"Nissan","Skyline R34","GT-R","White","2020","parked","8","6","14","Parked at gas station, two gas station staff people is checking it out","https://www.google.com/maps/@35.6301473,139.6528537,3a,34.5y,0.2h,84.05t/data=!3m8!1e1!3m6!1suQhx4EDMqwpY383m6xWpAw!2e0!5s20200201T000000!6shttps:%2F%2Fstreetviewpixels-pa.googleapis.com%2Fv1%2Fthumbnail%3Fcb_client%3Dmaps_sv.tactile%26w%3D900%26h%3D600%26pitch%3D5.953081063451819%26panoid%3DuQhx4EDMqwpY383m6xWpAw%26yaw%3D0.20213701909637471!7i16384!8i8192?entry=ttu&g_ep=EgoyMDI2MDIxNy4wIKXMDSoASAFQAw%3D%3D"
"Toyota","Supra A80","Series I","Purple","2011","parked","7","3","10","Full TRD 3000GT bodykit, Volk GT-C","https://www.google.dk/maps/@35.5702942,139.4029166,3a,39.3y,264.69h,74.16t/data=!3m8!1e1!3m6!1seQecXEPVAQHxmDNi2-v59Q!2e0!5s20110301T000000!6shttps:%2F%2Fstreetviewpixels-pa.googleapis.com%2Fv1%2Fthumbnail%3Fcb_client%3Dmaps_sv.tactile%26w%3D900%26h%3D600%26pitch%3D15.839543707934567%26panoid%3DeQecXEPVAQHxmDNi2-v59Q%26yaw%3D264.68869600615375!7i13312!8i6656?hl=da&entry=ttu&g_ep=EgoyMDI1MDEyNy4wIKXMDSoASAFQAw%3D%3D"
"Nissan","Silvia S13","K's","Silver","2024","parked","6","2","8","Completely rebuilt, street drifter style","https://www.google.dk/maps/@35.590519,139.3690996,3a,75y,2.59h,70.43t/data=!3m8!1e1!3m6!1s95soEMzZfg70_n3h2SywkQ!2e0!5s20240101T000000!6shttps:%2F%2Fstreetviewpixels-pa.googleapis.com%2Fv1%2Fthumbnail%3Fcb_client%3Dmaps_sv.tactile%26w%3D900%26h%3D600%26pitch%3D19.571929913355362%26panoid%3D95soEMzZfg70_n3h2SywkQ%26yaw%3D2.5941636505533054!7i16384!8i8192?hl=da&entry=ttu&g_ep=EgoyMDI1MDEyOS4xIKXMDSoASAFQAw%3D%3D"
"Honda","Civic FD","FD2 Mugen RR","Red","2016","parked","9.5","0","9.5","Very rare Mugen RR, only 300 produced in total.","https://www.google.dk/maps/@35.8286473,139.740266,3a,40.9y,160.42h,69.03t/data=!3m8!1e1!3m6!1sIoJwEEi6pMaNv_F5wAu-bw!2e0!5s20161201T000000!6shttps:%2F%2Fstreetviewpixels-pa.googleapis.com%2Fv1%2Fthumbnail%3Fcb_client%3Dmaps_sv.tactile%26w%3D900%26h%3D600%26pitch%3D20.97242098452216%26panoid%3DIoJwEEi6pMaNv_F5wAu-bw%26yaw%3D160.4240811852879!7i13312!8i6656?hl=da&entry=ttu&g_ep=EgoyMDI1MDEyNi4wIKXMDSoASAFQAw%3D%3D"
"Mazda","RX-7 FD3S","Base","Purple","2019","parked","6","4","10","Extremely modified showcar, which has been featured on Speedhunters","https://www.google.com/maps/place/%E4%B8%8A%E9%87%8E%E6%AF%9B%E3%83%9E%E3%83%B3%E3%82%B7%E3%83%A7%E3%83%B3/@35.5969476,139.5878403,3a,37.6y,214.34h,78.04t/data=!3m8!1e1!3m6!1sgz_ybOZWntyMiy96peGQXA!2e0!5s20190301T000000!6shttps:%2F%2Fstreetviewpixels-pa.googleapis.com%2Fv1%2Fthumbnail%3Fcb_client%3Dmaps_sv.tactile%26w%3D900%26h%3D600%26pitch%3D11.957971249358124%26panoid%3Dgz_ybOZWntyMiy96peGQXA%26yaw%3D214.3412666359828!7i16384!8i8192!4m7!3m6!1s0x6018f558d1e4daa1:0xc5a62466a267d18e!8m2!3d35.6128908!4d139.6400684!10e5!16s%2Fg%2F11g0zp8q_t?entry=ttu&g_ep=EgoyMDI1MDEyNy4wIKXMDSoASAFQAw%3D%3D"
"Toyota","Supra A80","Series I","White","2018","parked","7","3","10","Full Top Secret widebody kit, Volk CE28N","https://www.google.dk/maps/@35.5534394,139.4377569,3a,21.5y,186.27h,83.92t/data=!3m8!1e1!3m6!1s0EJ39xL6T_3YZ3cK1vuojQ!2e0!5s20180101T000000!6shttps:%2F%2Fstreetviewpixels-pa.googleapis.com%2Fv1%2Fthumbnail%3Fcb_client%3Dmaps_sv.tactile%26w%3D900%26h%3D600%26pitch%3D6.083680428418077%26panoid%3D0EJ39xL6T_3YZ3cK1vuojQ%26yaw%3D186.26657069354795!7i16384!8i8192?hl=da&entry=ttu&g_ep=EgoyMDI1MDEyNi4wIKXMDSoASAFQAw%3D%3D"
"Nissan","Skyline R32","Sedan","Grey","2019","parked","2","8","10","Nissan Stagea with Skyline R32 front swap. To my knowledge it's the only in existence","https://www.google.com/maps/@35.4692858,139.6143378,3a,16.7y,185.99h,84.21t/data=!3m8!1e1!3m6!1sy4CA5HMIqo9Q6RnqDOH68g!2e0!5s20190501T000000!6shttps:%2F%2Fstreetviewpixels-pa.googleapis.com%2Fv1%2Fthumbnail%3Fcb_client%3Dmaps_sv.tactile%26w%3D900%26h%3D600%26pitch%3D5.790000000000006%26panoid%3Dy4CA5HMIqo9Q6RnqDOH68g%26yaw%3D185.99!7i16384!8i8192?entry=ttu&g_ep=EgoyMDI1MDEyNi4wIKXMDSoASAFQAw%3D%3D"
"Toyota","Supra A80","Base","Black","2009","parked","7","3","10","Top Secret V12 Supra kit","https://www.google.dk/maps/@35.4786433,139.5420211,3a,32.7y,264.99h,81.65t/data=!3m8!1e1!3m6!1sUXQPin9MLWMSv1wzIT9Vkw!2e0!5s20091001T000000!6shttps:%2F%2Fstreetviewpixels-pa.googleapis.com%2Fv1%2Fthumbnail%3Fcb_client%3Dmaps_sv.tactile%26w%3D900%26h%3D600%26pitch%3D8.354521674218802%26panoid%3DUXQPin9MLWMSv1wzIT9Vkw%26yaw%3D264.9858540597435!7i13312!8i6656?hl=da&entry=ttu&g_ep=EgoyMDI1MDEyNi4wIKXMDSoASAFQAw%3D%3D"
"Mazda","RX-7 FD3S","Base","Black","2018","parked","6","4","10","Full RE-Amemiya bodykit and Advan GT","https://www.google.dk/maps/@35.5955042,139.490655,3a,44.7y,341.1h,71.06t/data=!3m8!1e1!3m6!1somY2o3jSPe7qnt3MIU-eZw!2e0!5s20180701T000000!6shttps:%2F%2Fstreetviewpixels-pa.googleapis.com%2Fv1%2Fthumbnail%3Fcb_client%3Dmaps_sv.tactile%26w%3D900%26h%3D600%26pitch%3D18.94063071655259%26panoid%3DomY2o3jSPe7qnt3MIU-eZw%26yaw%3D341.0952279686546!7i16384!8i8192?hl=da&entry=ttu&g_ep=EgoyMDI1MDEyNi4wIKXMDSoASAFQAw%3D%3D"
"Toyota","Supra A80","Series II","Grey","2014","parked","7","1","8","Exceptionally clean looking and tastefully modded with Top Secret aero","https://www.google.dk/maps/@35.6993942,140.0367338,3a,36.9y,171.41h,76.75t/data=!3m8!1e1!3m6!1sp_rHwSNWdY-Q4VpvwBbFhg!2e0!5s20140501T000000!6shttps:%2F%2Fstreetviewpixels-pa.googleapis.com%2Fv1%2Fthumbnail%3Fcb_client%3Dmaps_sv.tactile%26w%3D900%26h%3D600%26pitch%3D13.252688101224791%26panoid%3Dp_rHwSNWdY-Q4VpvwBbFhg%26yaw%3D171.40601637699237!7i13312!8i6656?hl=da&entry=ttu&g_ep=EgoyMDI1MDEyNi4wIKXMDSoASAFQAw%3D%3D"
"Combos","Other","Other","Other","2015","parked","1","5","6","S2000 & Supra A80 hanging out","https://www.google.dk/maps/@35.5199695,139.4756694,3a,29.9y,184.68h,84.44t/data=!3m8!1e1!3m6!1s74BGDxJc8wwJiKeefRdVsw!2e0!5s20150501T000000!6shttps:%2F%2Fstreetviewpixels-pa.googleapis.com%2Fv1%2Fthumbnail%3Fcb_client%3Dmaps_sv.tactile%26w%3D900%26h%3D600%26pitch%3D5.5646261202808205%26panoid%3D74BGDxJc8wwJiKeefRdVsw%26yaw%3D184.67900256321693!7i13312!8i6656?hl=da&entry=ttu&g_ep=EgoyMDI1MDIwMy4wIKXMDSoASAFQAw%3D%3D"
"Combos","Other","Other","Other","2015","parked","1","3","4","300ZX & 350Z hanging out","https://www.google.dk/maps/@35.4757645,139.5239929,3a,47.8y,48.67h,73.57t/data=!3m8!1e1!3m6!1sTX90XGe7owJFpVj1wdglVA!2e0!5s20150501T000000!6shttps:%2F%2Fstreetviewpixels-pa.googleapis.com%2Fv1%2Fthumbnail%3Fcb_client%3Dmaps_sv.tactile%26w%3D900%26h%3D600%26pitch%3D16.429193915011467%26panoid%3DTX90XGe7owJFpVj1wdglVA%26yaw%3D48.66580580616543!7i13312!8i6656?hl=da&entry=ttu&g_ep=EgoyMDI1MDIwMy4wIKXMDSoASAFQAw%3D%3D"
"Combos","Other","Other","Other","2014","parked","1","4","5","Toyota Starlet Glanza & Honda CR-X hanging out","https://www.google.dk/maps/@35.4517212,139.5000361,3a,49y,221.65h,72.4t/data=!3m8!1e1!3m6!1sjWBMaX4vwW8FIcpKC8eLWg!2e0!5s20140301T000000!6shttps:%2F%2Fstreetviewpixels-pa.googleapis.com%2Fv1%2Fthumbnail%3Fcb_client%3Dmaps_sv.tactile%26w%3D900%26h%3D600%26pitch%3D17.599999999999994%26panoid%3DjWBMaX4vwW8FIcpKC8eLWg%26yaw%3D221.65!7i13312!8i6656?hl=da&entry=ttu&g_ep=EgoyMDI1MDIwMy4wIKXMDSoASAFQAw%3D%3D"
"Combos","Other","Other","Other","2022","parked","1","3","4","Toyota GR86 & GR Yaris hanging out","https://www.google.dk/maps/@35.4947114,139.6100282,3a,48.9y,157.36h,72.43t/data=!3m8!1e1!3m6!1sKvQrJj9_c1FTfRHplypmAQ!2e0!5s20221201T000000!6shttps:%2F%2Fstreetviewpixels-pa.googleapis.com%2Fv1%2Fthumbnail%3Fcb_client%3Dmaps_sv.tactile%26w%3D900%26h%3D600%26pitch%3D17.56999912423656%26panoid%3DKvQrJj9_c1FTfRHplypmAQ%26yaw%3D157.3626695176964!7i16384!8i8192?hl=da&entry=ttu&g_ep=EgoyMDI1MDIwMy4wIKXMDSoASAFQAw%3D%3D"
"Combos","Other","Other","Other","2014","parked","1","4","5","R32 GT-R & S2000 hanging out","https://www.google.dk/maps/@35.5051526,139.6607595,3a,51.9y,59.79h,77.25t/data=!3m8!1e1!3m6!1s16xxxnGwybkh0i70c8MWhg!2e0!5s20140501T000000!6shttps:%2F%2Fstreetviewpixels-pa.googleapis.com%2Fv1%2Fthumbnail%3Fcb_client%3Dmaps_sv.tactile%26w%3D900%26h%3D600%26pitch%3D12.7461527077662%26panoid%3D16xxxnGwybkh0i70c8MWhg%26yaw%3D59.78937719737631!7i13312!8i6656?hl=da&entry=ttu&g_ep=EgoyMDI1MDIwMy4wIKXMDSoASAFQAw%3D%3D"
"Combos","Other","Other","Other","2014","parked","1","4","5","RX-7 FC3S & Evo IX hanging out","https://www.google.dk/maps/@35.5145516,139.6630058,3a,45.8y,284.33h,82.61t/data=!3m8!1e1!3m6!1semJhJUH4C7Nerpqplw_kyw!2e0!5s20140501T000000!6shttps:%2F%2Fstreetviewpixels-pa.googleapis.com%2Fv1%2Fthumbnail%3Fcb_client%3Dmaps_sv.tactile%26w%3D900%26h%3D600%26pitch%3D7.390000000000001%26panoid%3DemJhJUH4C7Nerpqplw_kyw%26yaw%3D284.33!7i13312!8i6656?hl=da&entry=ttu&g_ep=EgoyMDI1MDIwMy4wIKXMDSoASAFQAw%3D%3D"
"Combos","Other","Other","Other","2009","parked","1","4","5","S15 & 180SX hanging out","https://www.google.dk/maps/@35.7913952,139.7665077,3a,33.9y,60.72h,78.92t/data=!3m8!1e1!3m6!1sE8Do7DlCHYDFrmZMwM8XHg!2e0!5s20091101T000000!6shttps:%2F%2Fstreetviewpixels-pa.googleapis.com%2Fv1%2Fthumbnail%3Fcb_client%3Dmaps_sv.tactile%26w%3D900%26h%3D600%26pitch%3D11.079999999999998%26panoid%3DE8Do7DlCHYDFrmZMwM8XHg%26yaw%3D60.72!7i13312!8i6656?hl=da&entry=ttu&g_ep=EgoyMDI1MDIwMy4wIKXMDSoASAFQAw%3D%3D"
"Combos","Other","Other","White","2009","parked","1","4","5","R32 GT-R and MR2 SW20 hanging out","https://www.google.dk/maps/@35.7717751,139.9408859,3a,51.6y,193.9h,76.93t/data=!3m8!1e1!3m6!1syTfuS2q2Z4clrvbr3r10JA!2e0!5s20090901T000000!6shttps:%2F%2Fstreetviewpixels-pa.googleapis.com%2Fv1%2Fthumbnail%3Fcb_client%3Dmaps_sv.tactile%26w%3D900%26h%3D600%26pitch%3D13.069999999999993%26panoid%3DyTfuS2q2Z4clrvbr3r10JA%26yaw%3D193.9!7i13312!8i6656?hl=da&entry=ttu&g_ep=EgoyMDI1MDIwMy4wIKXMDSoASAFQAw%3D%3D"
"Combos","Other","Other","Other","2009","parked","1","6","7","Datsun 240Z & Evo IV hanging out","https://www.google.dk/maps/@35.7463908,139.5784395,3a,53.4y,67.02h,81.4t/data=!3m8!1e1!3m6!1slizhuA0J32bfHOhvj72opA!2e0!5s20090801T000000!6shttps:%2F%2Fstreetviewpixels-pa.googleapis.com%2Fv1%2Fthumbnail%3Fcb_client%3Dmaps_sv.tactile%26w%3D900%26h%3D600%26pitch%3D8.60126751952923%26panoid%3DlizhuA0J32bfHOhvj72opA%26yaw%3D67.0232683559219!7i13312!8i6656?hl=da&entry=ttu&g_ep=EgoyMDI1MDIwMy4wIKXMDSoASAFQAw%3D%3D"
"Combos","Other","Other","Other","2009","parked","1","5","6","R32 GT-R & PS13 hanging out","https://www.google.dk/maps/@35.7708774,139.9061384,3a,46.1y,203.33h,82.02t/data=!3m8!1e1!3m6!1sl2D_Zmsno2utoq0C3om0qA!2e0!5s20090701T000000!6shttps:%2F%2Fstreetviewpixels-pa.googleapis.com%2Fv1%2Fthumbnail%3Fcb_client%3Dmaps_sv.tactile%26w%3D900%26h%3D600%26pitch%3D7.97540999608448%26panoid%3Dl2D_Zmsno2utoq0C3om0qA%26yaw%3D203.32750555188133!7i13312!8i6656?hl=da&entry=ttu&g_ep=EgoyMDI1MDIwMy4wIKXMDSoASAFQAw%3D%3D"
"Combos","Other","Other","Other","2009","parked","1","4","5","R32 GTS-T & R35 GT-R hanging out","https://www.google.dk/maps/@35.7713935,139.7730255,3a,15y,106.12h,86.33t/data=!3m7!1e1!3m5!1sLd2b4LyfBDj4AI1wb6J8xA!2e0!6shttps:%2F%2Fstreetviewpixels-pa.googleapis.com%2Fv1%2Fthumbnail%3Fcb_client%3Dmaps_sv.tactile%26w%3D900%26h%3D600%26pitch%3D3.6681503664325703%26panoid%3DLd2b4LyfBDj4AI1wb6J8xA%26yaw%3D106.11707529290973!7i13312!8i6656?hl=da&entry=ttu&g_ep=EgoyMDI1MDIwMy4wIKXMDSoASAFQAw%3D%3D"
"Combos","Other","Other","Other","2009","parked","1","6","7","EVO IX, 370Z, 360 Modena and C4 ZR1 hanging out","https://www.google.dk/maps/@35.6359816,139.6515113,3a,75y,0.9h,76.09t/data=!3m8!1e1!3m6!1s24K_AGEgPktnlsLRnbuQ6A!2e0!5s20090901T000000!6shttps:%2F%2Fstreetviewpixels-pa.googleapis.com%2Fv1%2Fthumbnail%3Fcb_client%3Dmaps_sv.tactile%26w%3D900%26h%3D600%26pitch%3D13.91441635645704%26panoid%3D24K_AGEgPktnlsLRnbuQ6A%26yaw%3D0.8990495007456407!7i13312!8i6656?hl=da&entry=ttu&g_ep=EgoyMDI1MDIwMy4wIKXMDSoASAFQAw%3D%3D"
"Combos","Other","Other","Other","2018","parked","1","6","7","AE86 Trueno & Civic EG Coupé hanging out","https://www.google.dk/maps/@35.7198981,139.8709697,3a,15.2y,99.61h,87.42t/data=!3m8!1e1!3m6!1s5IcV3lsHrn7CBxXhTLxieA!2e0!5s20180501T000000!6shttps:%2F%2Fstreetviewpixels-pa.googleapis.com%2Fv1%2Fthumbnail%3Fcb_client%3Dmaps_sv.tactile%26w%3D900%26h%3D600%26pitch%3D2.5779723729482242%26panoid%3D5IcV3lsHrn7CBxXhTLxieA%26yaw%3D99.60850292056291!7i16384!8i8192?hl=da&entry=ttu&g_ep=EgoyMDI1MDIwMy4wIKXMDSoASAFQAw%3D%3D"
"Combos","Other","Other","Other","2011","parked","1","5","6","Track spec RX-7 FD3S & R32 GT-R hanging out","https://www.google.dk/maps/@35.829772,139.6749048,3a,57.7y,99.75h,70.39t/data=!3m8!1e1!3m6!1sFSsTd5c7tmpG291C2J3FrQ!2e0!5s20110101T000000!6shttps:%2F%2Fstreetviewpixels-pa.googleapis.com%2Fv1%2Fthumbnail%3Fcb_client%3Dmaps_sv.tactile%26w%3D900%26h%3D600%26pitch%3D19.608077473590328%26panoid%3DFSsTd5c7tmpG291C2J3FrQ%26yaw%3D99.74848664431966!7i13312!8i6656?hl=da&entry=ttu&g_ep=EgoyMDI1MDIwMy4wIKXMDSoASAFQAw%3D%3D"
"Combos","Other","Other","Other","2015","parked","1","4","5","R32 GT-R and Evo VIII hanging out","https://www.google.dk/maps/@35.8981309,139.9184104,3a,16y,290.04h,86.68t/data=!3m8!1e1!3m6!1szNnsvN5zRDUahu7rmWgiWA!2e0!5s20150701T000000!6shttps:%2F%2Fstreetviewpixels-pa.googleapis.com%2Fv1%2Fthumbnail%3Fcb_client%3Dmaps_sv.tactile%26w%3D900%26h%3D600%26pitch%3D3.3208517428790003%26panoid%3DzNnsvN5zRDUahu7rmWgiWA%26yaw%3D290.0423852963638!7i13312!8i6656?hl=da&entry=ttu&g_ep=EgoyMDI1MDIwMy4wIKXMDSoASAFQAw%3D%3D"
"Combos","Other","Other","Other","2011","parked","1","3","4","Silvia S15, RX-7 FD3S and R32 GTS-T hanging out","https://www.google.dk/maps/@35.8266288,139.6683377,3a,26.3y,294.52h,84.66t/data=!3m8!1e1!3m6!1sAGWKv5S0VtBLw87L-X0vGQ!2e0!5s20110101T000000!6shttps:%2F%2Fstreetviewpixels-pa.googleapis.com%2Fv1%2Fthumbnail%3Fcb_client%3Dmaps_sv.tactile%26w%3D900%26h%3D600%26pitch%3D5.3399145538941895%26panoid%3DAGWKv5S0VtBLw87L-X0vGQ%26yaw%3D294.5240141873864!7i13312!8i6656?hl=da&entry=ttu&g_ep=EgoyMDI1MDIwMy4wIKXMDSoASAFQAw%3D%3D"
"Combos","Other","Other","Other","2009","parked","1","4","5","180SX & FD3S hanging out together","https://www.google.dk/maps/@35.5151512,139.565001,3a,32.8y,229.45h,82.25t/data=!3m8!1e1!3m6!1snf8BJKwIxLa1c_2WXYMjwQ!2e0!5s20090901T000000!6shttps:%2F%2Fstreetviewpixels-pa.googleapis.com%2Fv1%2Fthumbnail%3Fcb_client%3Dmaps_sv.tactile%26w%3D900%26h%3D600%26pitch%3D7.750568124015999%26panoid%3Dnf8BJKwIxLa1c_2WXYMjwQ%26yaw%3D229.44632154014795!7i13312!8i6656?hl=da&entry=ttu&g_ep=EgoyMDI1MDIwMy4wIKXMDSoASAFQAw%3D%3D"
"Combos","Other","Other","Silver","2015","parked","1","6","7","R33 GT-R & Supra A80 hanging out together","https://www.google.dk/maps/@35.7824031,139.5156726,3a,21.1y,244.78h,86.96t/data=!3m8!1e1!3m6!1sr08jLAIV5oxiX5xt6eZYeQ!2e0!5s20150301T000000!6shttps:%2F%2Fstreetviewpixels-pa.googleapis.com%2Fv1%2Fthumbnail%3Fcb_client%3Dmaps_sv.tactile%26w%3D900%26h%3D600%26pitch%3D3.0379894743563653%26panoid%3Dr08jLAIV5oxiX5xt6eZYeQ%26yaw%3D244.77759982991574!7i13312!8i6656?hl=da&entry=ttu&g_ep=EgoyMDI1MDIwMy4wIKXMDSoASAFQAw%3D%3D"
"Mazda","RX-7 FD3S","Base","Grey","2022","parked","6","2","8","Very clean build, Mazdaspeed GT Concept front bumper","https://www.google.dk/maps/@35.8457146,139.8132815,3a,38y,319.12h,77.18t/data=!3m8!1e1!3m6!1sLVfiieHIrS_2ILnhQ-BpbQ!2e0!5s20221001T000000!6shttps:%2F%2Fstreetviewpixels-pa.googleapis.com%2Fv1%2Fthumbnail%3Fcb_client%3Dmaps_sv.tactile%26w%3D900%26h%3D600%26pitch%3D12.819086019249%26panoid%3DLVfiieHIrS_2ILnhQ-BpbQ%26yaw%3D319.1194953995463!7i16384!8i8192?hl=da&entry=ttu&g_ep=EgoyMDI1MDEyNy4wIKXMDSoASAFQAw%3D%3D"
"Nissan","Skyline R33","GT-R","White","2019","parked","7","3","10","Nismo 400R","https://www.google.dk/maps/@35.5780766,139.504699,3a,31.3y,325.35h,88.94t/data=!3m8!1e1!3m6!1sH-Qf_7vaxzveO1O5QG60vA!2e0!5s20190801T000000!6shttps:%2F%2Fstreetviewpixels-pa.googleapis.com%2Fv1%2Fthumbnail%3Fcb_client%3Dmaps_sv.tactile%26w%3D900%26h%3D600%26pitch%3D1.0600000000000023%26panoid%3DH-Qf_7vaxzveO1O5QG60vA%26yaw%3D325.3526644816463!7i16384!8i8192?hl=da&entry=ttu&g_ep=EgoyMDI1MDEyNi4wIKXMDSoASAFQAw%3D%3D"
"Nissan","Vintage","GT-R KPGC110","White","2021","parked","10","0","10","","https://www.google.dk/maps/@35.514043,139.5667101,3a,22.4y,49.43h,81.75t/data=!3m8!1e1!3m6!1s8nPXfhuLNuKkZGzbtDkFMQ!2e0!5s20210801T000000!6shttps:%2F%2Fstreetviewpixels-pa.googleapis.com%2Fv1%2Fthumbnail%3Fcb_client%3Dmaps_sv.tactile%26w%3D900%26h%3D600%26pitch%3D8.24943857245897%26panoid%3D8nPXfhuLNuKkZGzbtDkFMQ%26yaw%3D49.428373775699846!7i16384!8i8192?hl=da&entry=ttu&g_ep=EgoyMDI1MDEyNi4wIKXMDSoASAFQAw%3D%3D"
"Mitsubishi","Starion","A187A","Black","2019","parked","4","0","4","With roll cage","https://www.google.dk/maps/@35.4998827,139.6440777,3a,51.1y,292.36h,77.16t/data=!3m8!1e1!3m6!1sk0IwbqkcXoscUAZsOW2Xjw!2e0!5s20190401T000000!6shttps:%2F%2Fstreetviewpixels-pa.googleapis.com%2Fv1%2Fthumbnail%3Fcb_client%3Dmaps_sv.tactile%26w%3D900%26h%3D600%26pitch%3D12.83724170324399%26panoid%3Dk0IwbqkcXoscUAZsOW2Xjw%26yaw%3D292.363149844145!7i16384!8i8192?hl=da&entry=ttu&g_ep=EgoyMDI1MDEyNy4wIKXMDSoASAFQAw%3D%3D"
"Peugeot","205","GTi","Black","2021","driving","4","0","4","","https://www.google.dk/maps/@35.6870509,139.414558,3a,15.2y,37.59h,85.09t/data=!3m8!1e1!3m6!1sOfEx3huHVicO8sAydJdSag!2e0!5s20210401T000000!6shttps:%2F%2Fstreetviewpixels-pa.googleapis.com%2Fv1%2Fthumbnail%3Fcb_client%3Dmaps_sv.tactile%26w%3D900%26h%3D600%26pitch%3D4.906458350886965%26panoid%3DOfEx3huHVicO8sAydJdSag%26yaw%3D37.59288121528417!7i16384!8i8192?hl=da&entry=ttu&g_ep=EgoyMDI1MDIwMi4wIKXMDSoASAFQAw%3D%3D"
"Nissan","180SX","Base","White","2010","parked","4","0","4","Some visual mods","https://www.google.dk/maps/@35.6870294,139.4145796,3a,43y,68.42h,77.81t/data=!3m8!1e1!3m6!1s_IsMCWK5B1RwKcxiPv3i8A!2e0!5s20100201T000000!6shttps:%2F%2Fstreetviewpixels-pa.googleapis.com%2Fv1%2Fthumbnail%3Fcb_client%3Dmaps_sv.tactile%26w%3D900%26h%3D600%26pitch%3D12.186761876160674%26panoid%3D_IsMCWK5B1RwKcxiPv3i8A%26yaw%3D68.42429775925955!7i13312!8i6656?hl=da&entry=ttu&g_ep=EgoyMDI1MDIwMi4wIKXMDSoASAFQAw%3D%3D"
"Toyota","Supra A70","Base","White","2018","parked","6","0","6","","https://www.google.dk/maps/@35.6882992,139.4134213,3a,26.1y,90.78h,84.99t/data=!3m8!1e1!3m6!1sY91BVle9dsOfZ3OIPwxuyA!2e0!5s20180601T000000!6shttps:%2F%2Fstreetviewpixels-pa.googleapis.com%2Fv1%2Fthumbnail%3Fcb_client%3Dmaps_sv.tactile%26w%3D900%26h%3D600%26pitch%3D5.010923081267691%26panoid%3DY91BVle9dsOfZ3OIPwxuyA%26yaw%3D90.78137641634048!7i16384!8i8192?hl=da&entry=ttu&g_ep=EgoyMDI1MDIwMi4wIKXMDSoASAFQAw%3D%3D"
"Nissan","Skyline R34","GT-R","Grey","2015","parked","8","0","8","Nismo LMGT4","https://www.google.dk/maps/@35.6475366,140.0725364,3a,15.7y,149.62h,86.7t/data=!3m8!1e1!3m6!1s5sZrBKaloOR5iBUa8AHdNA!2e0!5s20151101T000000!6shttps:%2F%2Fstreetviewpixels-pa.googleapis.com%2Fv1%2Fthumbnail%3Fcb_client%3Dmaps_sv.tactile%26w%3D900%26h%3D600%26pitch%3D3.300344477728828%26panoid%3D5sZrBKaloOR5iBUa8AHdNA%26yaw%3D149.61744439262955!7i13312!8i6656?hl=da&entry=ttu&g_ep=EgoyMDI1MDEyOS4xIKXMDSoASAFQAw%3D%3D"
"Combos","Other","Other","Other","2010","parked","1","5","6","300ZX & AE86 hanging out together","https://www.google.dk/maps/@35.5915972,139.385993,3a,28.6y,69.58h,85.27t/data=!3m8!1e1!3m6!1sp0e6YDpQzRZWUy2GDUJzOg!2e0!5s20100301T000000!6shttps:%2F%2Fstreetviewpixels-pa.googleapis.com%2Fv1%2Fthumbnail%3Fcb_client%3Dmaps_sv.tactile%26w%3D900%26h%3D600%26pitch%3D4.731991718162448%26panoid%3Dp0e6YDpQzRZWUy2GDUJzOg%26yaw%3D69.57962315429626!7i13312!8i6656?hl=da&entry=ttu&g_ep=EgoyMDI1MDEyOS4xIKXMDSoASAFQAw%3D%3D"
"Nissan","Skyline R32","GT-R","Grey","2022","parked","7","0","7","TE37","https://www.google.dk/maps/@35.5917162,139.3852363,3a,34.3y,155.68h,81.53t/data=!3m7!1e1!3m5!1sqez4KIPOuhoyv7eztk4jlw!2e0!6shttps:%2F%2Fstreetviewpixels-pa.googleapis.com%2Fv1%2Fthumbnail%3Fcb_client%3Dmaps_sv.tactile%26w%3D900%26h%3D600%26pitch%3D8.468213296232648%26panoid%3Dqez4KIPOuhoyv7eztk4jlw%26yaw%3D155.6751265732166!7i16384!8i8192?hl=da&entry=ttu&g_ep=EgoyMDI1MDEyOS4xIKXMDSoASAFQAw%3D%3D"
"Toyota","Yaris","GR Sport","White","2023","parked","4","0","4","","https://www.google.dk/maps/@35.5944341,139.3890318,3a,41.1y,78.34h,85.21t/data=!3m8!1e1!3m6!1sZe6m-80PlYY24HzAsBuqUQ!2e0!5s20230201T000000!6shttps:%2F%2Fstreetviewpixels-pa.googleapis.com%2Fv1%2Fthumbnail%3Fcb_client%3Dmaps_sv.tactile%26w%3D900%26h%3D600%26pitch%3D4.785728664530879%26panoid%3DZe6m-80PlYY24HzAsBuqUQ%26yaw%3D78.33739132141893!7i16384!8i8192?hl=da&entry=ttu&g_ep=EgoyMDI1MDEyOS4xIKXMDSoASAFQAw%3D%3D"
"Honda","Integra","DC5 Type R","White","2016","parked","6","0.5","6.5","Mugen aero parts","https://www.google.dk/maps/@35.5946905,139.3788704,3a,61.8y,78.23h,73.86t/data=!3m8!1e1!3m6!1sieCJ70fOryY6NzBHR8OcKg!2e0!5s20150401T000000!6shttps:%2F%2Fstreetviewpixels-pa.googleapis.com%2Fv1%2Fthumbnail%3Fcb_client%3Dmaps_sv.tactile%26w%3D900%26h%3D600%26pitch%3D16.140311566228405%26panoid%3DieCJ70fOryY6NzBHR8OcKg%26yaw%3D78.23499319573197!7i13312!8i6656?hl=da&entry=ttu&g_ep=EgoyMDI1MDEyOS4xIKXMDSoASAFQAw%3D%3D"
"Honda","Civic EP","EP3 Type R","Grey","2015","parked","7","0","7","Many visual mods, mismatched paint","https://www.google.dk/maps/@35.5938717,139.378132,3a,29.9y,249.74h,83t/data=!3m8!1e1!3m6!1spv0G-iRk_g54Ad4RNHfWnA!2e0!5s20150401T000000!6shttps:%2F%2Fstreetviewpixels-pa.googleapis.com%2Fv1%2Fthumbnail%3Fcb_client%3Dmaps_sv.tactile%26w%3D900%26h%3D600%26pitch%3D7.004105976162336%26panoid%3Dpv0G-iRk_g54Ad4RNHfWnA%26yaw%3D249.73538505612848!7i13312!8i6656?hl=da&entry=ttu&g_ep=EgoyMDI1MDEyOS4xIKXMDSoASAFQAw%3D%3D"
"Toyota","Corolla AE86","Trueno","White","2020","parked","6","0","6","","https://www.google.dk/maps/@35.5902883,139.3705397,3a,37.6y,241.91h,82.03t/data=!3m7!1e1!3m5!1sxSX4qZSvAy9hLLvBlA_9GA!2e0!6shttps:%2F%2Fstreetviewpixels-pa.googleapis.com%2Fv1%2Fthumbnail%3Fcb_client%3Dmaps_sv.tactile%26w%3D900%26h%3D600%26pitch%3D7.972766661498838%26panoid%3DxSX4qZSvAy9hLLvBlA_9GA%26yaw%3D241.90821123924877!7i13312!8i6656?hl=da&entry=ttu&g_ep=EgoyMDI1MDEyOS4xIKXMDSoASAFQAw%3D%3D"
"Honda","NSX","NA1","Red","2010","driving","8","0","8","","https://www.google.dk/maps/@35.5916861,139.3820013,3a,37.6y,5.94h,84.67t/data=!3m8!1e1!3m6!1sEkuMVoh_8_JlU7kHIXC2cg!2e0!5s20100301T000000!6shttps:%2F%2Fstreetviewpixels-pa.googleapis.com%2Fv1%2Fthumbnail%3Fcb_client%3Dmaps_sv.tactile%26w%3D900%26h%3D600%26pitch%3D5.330908419974122%26panoid%3DEkuMVoh_8_JlU7kHIXC2cg%26yaw%3D5.93831499574469!7i13312!8i6656?hl=da&entry=ttu&g_ep=EgoyMDI1MDEyOS4xIKXMDSoASAFQAw%3D%3D"
"Nissan","Skyline R33","GTS-T","Red","2019","parked","3","1","4","","https://www.google.dk/maps/@35.589807,139.3779313,3a,52.7y,306.17h,81.16t/data=!3m7!1e1!3m5!1sMQyEBuCcTBicR0ogyvwzfw!2e0!6shttps:%2F%2Fstreetviewpixels-pa.googleapis.com%2Fv1%2Fthumbnail%3Fcb_client%3Dmaps_sv.tactile%26w%3D900%26h%3D600%26pitch%3D8.842507812189822%26panoid%3DMQyEBuCcTBicR0ogyvwzfw%26yaw%3D306.16925064806713!7i16384!8i8192?hl=da&entry=ttu&g_ep=EgoyMDI1MDEyOS4xIKXMDSoASAFQAw%3D%3D"
"Nissan","Silvia S15","Spec R","White","2022","parked","6","0","6","Full aero kit drift car","https://www.google.dk/maps/@35.5588428,139.4162217,3a,31.3y,250.76h,84.53t/data=!3m8!1e1!3m6!1sT0QUPS-xJE3PToNrlTH_9g!2e0!5s20220301T000000!6shttps:%2F%2Fstreetviewpixels-pa.googleapis.com%2Fv1%2Fthumbnail%3Fcb_client%3Dmaps_sv.tactile%26w%3D900%26h%3D600%26pitch%3D5.468519268685924%26panoid%3DT0QUPS-xJE3PToNrlTH_9g%26yaw%3D250.76144428696682!7i16384!8i8192?hl=da&entry=ttu&g_ep=EgoyMDI1MDEyOS4xIKXMDSoASAFQAw%3D%3D"
"Honda","Civic FN","FN2 Type R","White","2024","parked","6","0","6","","https://www.google.dk/maps/@35.5620261,139.4181091,3a,28.6y,290.74h,86.37t/data=!3m7!1e1!3m5!1sD70FGqFgEipQbtZ_fVbGVg!2e0!6shttps:%2F%2Fstreetviewpixels-pa.googleapis.com%2Fv1%2Fthumbnail%3Fcb_client%3Dmaps_sv.tactile%26w%3D900%26h%3D600%26pitch%3D3.6260581260374494%26panoid%3DD70FGqFgEipQbtZ_fVbGVg%26yaw%3D290.7437192142975!7i16384!8i8192?hl=da&entry=ttu&g_ep=EgoyMDI1MDEyOS4xIKXMDSoASAFQAw%3D%3D"
"Mitsubishi","Lancer Evolution","VII","White","2017","parked","6","0","6","","https://www.google.dk/maps/@35.3273782,139.3406119,3a,75y,227.24h,78.95t/data=!3m8!1e1!3m6!1sUV6N7ErZzbNjI1q24s1KZw!2e0!5s20170301T000000!6shttps:%2F%2Fstreetviewpixels-pa.googleapis.com%2Fv1%2Fthumbnail%3Fcb_client%3Dmaps_sv.tactile%26w%3D900%26h%3D600%26pitch%3D11.05380837210528%26panoid%3DUV6N7ErZzbNjI1q24s1KZw%26yaw%3D227.2422357013025!7i13312!8i6656?hl=da&entry=ttu&g_ep=EgoyMDI1MDEyOS4xIKXMDSoASAFQAw%3D%3D"
"Honda","Integra","DC2 Type R","White","2024","parked","7","0","7","Fully built racecar","https://www.google.dk/maps/@35.329308,139.3485537,3a,19.3y,73h,87.88t/data=!3m8!1e1!3m6!1sKG9SX4Rjh1XAnfKR1DFWuw!2e0!5s20240301T000000!6shttps:%2F%2Fstreetviewpixels-pa.googleapis.com%2Fv1%2Fthumbnail%3Fcb_client%3Dmaps_sv.tactile%26w%3D900%26h%3D600%26pitch%3D2.1249307046933126%26panoid%3DKG9SX4Rjh1XAnfKR1DFWuw%26yaw%3D72.9975227075307!7i16384!8i8192?hl=da&entry=ttu&g_ep=EgoyMDI1MDEyOS4xIKXMDSoASAFQAw%3D%3D"
"Honda","Civic FN","FN2 Type R","White","2024","parked","6","0","6","","https://www.google.dk/maps/@35.3338264,139.3508511,3a,75y,162.06h,77.2t/data=!3m8!1e1!3m6!1sqiM9PIVAfo4w1q7UQkWnrQ!2e0!5s20240301T000000!6shttps:%2F%2Fstreetviewpixels-pa.googleapis.com%2Fv1%2Fthumbnail%3Fcb_client%3Dmaps_sv.tactile%26w%3D900%26h%3D600%26pitch%3D12.796490890363415%26panoid%3DqiM9PIVAfo4w1q7UQkWnrQ%26yaw%3D162.06245532865626!7i16384!8i8192?hl=da&entry=ttu&g_ep=EgoyMDI1MDEyOS4xIKXMDSoASAFQAw%3D%3D"
"Nissan","Silvia S15","Base","Red","2024","parked","4","0","4","Some visual mods","https://www.google.dk/maps/@35.5583796,139.3666056,3a,25y,171.55h,84.99t/data=!3m8!1e1!3m6!1sD8w6EWeYX2UuSjNBgZ0OYg!2e0!5s20240201T000000!6shttps:%2F%2Fstreetviewpixels-pa.googleapis.com%2Fv1%2Fthumbnail%3Fcb_client%3Dmaps_sv.tactile%26w%3D900%26h%3D600%26pitch%3D5.009479453766019%26panoid%3DD8w6EWeYX2UuSjNBgZ0OYg%26yaw%3D171.55428998112822!7i16384!8i8192?hl=da&entry=ttu&g_ep=EgoyMDI1MDEyOS4xIKXMDSoASAFQAw%3D%3D"
"Mazda","RX-7 FD3S","Base","Red","2010","driving","6","1","7","Mazdaspeed aero kit","https://www.google.dk/maps/@35.5581547,139.368453,3a,47.5y,305.06h,78.34t/data=!3m8!1e1!3m6!1sbKy8lhzw8JWZGC0SPbxSyQ!2e0!5s20100401T000000!6shttps:%2F%2Fstreetviewpixels-pa.googleapis.com%2Fv1%2Fthumbnail%3Fcb_client%3Dmaps_sv.tactile%26w%3D900%26h%3D600%26pitch%3D11.660755565775787%26panoid%3DbKy8lhzw8JWZGC0SPbxSyQ%26yaw%3D305.06296449700983!7i13312!8i6656?hl=da&entry=ttu&g_ep=EgoyMDI1MDEyOS4xIKXMDSoASAFQAw%3D%3D"
"Mazda","RX-7 FD3S","Base","White","2018","parked","6","1","7","Mazdaspeed A-spec II bumper, TE37","https://www.google.dk/maps/@35.5572756,139.3702764,3a,35.9y,320.67h,79.76t/data=!3m8!1e1!3m6!1sX3We_fANuJYoIAZWpj8LNQ!2e0!5s20180901T000000!6shttps:%2F%2Fstreetviewpixels-pa.googleapis.com%2Fv1%2Fthumbnail%3Fcb_client%3Dmaps_sv.tactile%26w%3D900%26h%3D600%26pitch%3D10.236787756983105%26panoid%3DX3We_fANuJYoIAZWpj8LNQ%26yaw%3D320.6673498625466!7i16384!8i8192?hl=da&entry=ttu&g_ep=EgoyMDI1MDEyOS4xIKXMDSoASAFQAw%3D%3D"
"Toyota","Cresta","JZX100","Red","2014","parked","2","4","6","Street drifter","https://www.google.dk/maps/@35.4529121,139.4146879,3a,23.4y,150.76h,85.51t/data=!3m8!1e1!3m6!1sptP3nspOl24unNReT6mTGw!2e0!5s20140301T000000!6shttps:%2F%2Fstreetviewpixels-pa.googleapis.com%2Fv1%2Fthumbnail%3Fcb_client%3Dmaps_sv.tactile%26w%3D900%26h%3D600%26pitch%3D4.487747222141593%26panoid%3DptP3nspOl24unNReT6mTGw%26yaw%3D150.7574802551545!7i13312!8i6656?hl=da&entry=ttu&g_ep=EgoyMDI1MDEyOS4xIKXMDSoASAFQAw%3D%3D"
"Nissan","Skyline R32","GT-R","Grey","2011","parked","7","0","7","","https://www.google.dk/maps/@35.45515,139.4154394,3a,34.9y,60.2h,88.91t/data=!3m8!1e1!3m6!1smdlTA8Lkxrx8178FBSO5xA!2e0!5s20110101T000000!6shttps:%2F%2Fstreetviewpixels-pa.googleapis.com%2Fv1%2Fthumbnail%3Fcb_client%3Dmaps_sv.tactile%26w%3D900%26h%3D600%26pitch%3D1.0885936714276596%26panoid%3DmdlTA8Lkxrx8178FBSO5xA%26yaw%3D60.20164158619183!7i13312!8i6656?hl=da&entry=ttu&g_ep=EgoyMDI1MDEyOS4xIKXMDSoASAFQAw%3D%3D"
"Toyota","Starlet","P70 Turbo S","Black","2018","parked","7","0","7","Disrespected, rare OEM ","https://www.google.dk/maps/@35.4565179,139.3990524,3a,27.3y,24.18h,84.41t/data=!3m8!1e1!3m6!1sdZywjPdRZAO2pjeVg-4RLA!2e0!5s20180901T000000!6shttps:%2F%2Fstreetviewpixels-pa.googleapis.com%2Fv1%2Fthumbnail%3Fcb_client%3Dmaps_sv.tactile%26w%3D900%26h%3D600%26pitch%3D5.5863460487233%26panoid%3DdZywjPdRZAO2pjeVg-4RLA%26yaw%3D24.178521300729514!7i16384!8i8192?hl=da&entry=ttu&g_ep=EgoyMDI1MDEyOS4xIKXMDSoASAFQAw%3D%3D"
"Subaru","Impreza Meaneye","WRX STi","Silver","2011","parked","6","0","6","","https://www.google.dk/maps/@35.456331,139.3985433,3a,39.3y,273.44h,81.04t/data=!3m8!1e1!3m6!1sgucq_zkNtaVBwLlkKPB72w!2e0!5s20110101T000000!6shttps:%2F%2Fstreetviewpixels-pa.googleapis.com%2Fv1%2Fthumbnail%3Fcb_client%3Dmaps_sv.tactile%26w%3D900%26h%3D600%26pitch%3D8.95942605984655%26panoid%3Dgucq_zkNtaVBwLlkKPB72w%26yaw%3D273.4413169653922!7i13312!8i6656?hl=da&entry=ttu&g_ep=EgoyMDI1MDEyOS4xIKXMDSoASAFQAw%3D%3D"
"Nissan","GT-R","R35","Orange","2017","parked","7","0","7","","https://www.google.dk/maps/@35.4523633,139.3979219,3a,29.9y,131.74h,90.32t/data=!3m8!1e1!3m6!1sS-tSd2U_uMgJO92ZxC6_Nw!2e0!5s20170701T000000!6shttps:%2F%2Fstreetviewpixels-pa.googleapis.com%2Fv1%2Fthumbnail%3Fcb_client%3Dmaps_sv.tactile%26w%3D900%26h%3D600%26pitch%3D-0.3150234834224932%26panoid%3DS-tSd2U_uMgJO92ZxC6_Nw%26yaw%3D131.74313222729438!7i13312!8i6656?hl=da&entry=ttu&g_ep=EgoyMDI1MDEyOS4xIKXMDSoASAFQAw%3D%3D"
"Nissan","Silvia S15","Spec R","Blue","2023","parked","6","0.5","6.5","Many visual mods, Advan RG","https://www.google.dk/maps/@35.4512947,139.3978825,3a,21.3y,294.88h,85.92t/data=!3m8!1e1!3m6!1sfYZUUrf76q6aaSM8FvMwxw!2e0!5s20231001T000000!6shttps:%2F%2Fstreetviewpixels-pa.googleapis.com%2Fv1%2Fthumbnail%3Fcb_client%3Dmaps_sv.tactile%26w%3D900%26h%3D600%26pitch%3D4.081789672755548%26panoid%3DfYZUUrf76q6aaSM8FvMwxw%26yaw%3D294.8757913197975!7i16384!8i8192?hl=da&entry=ttu&g_ep=EgoyMDI1MDEyOS4xIKXMDSoASAFQAw%3D%3D"
"Nissan","180SX","Type X","Red","2015","parked","1","7","8","RPS13 with PS13 front swap","https://www.google.dk/maps/@35.4475846,139.3975254,3a,35.9y,214.13h,79.51t/data=!3m8!1e1!3m6!1sw7VSLMBkMIVRikhlJrv8mg!2e0!5s20150601T000000!6shttps:%2F%2Fstreetviewpixels-pa.googleapis.com%2Fv1%2Fthumbnail%3Fcb_client%3Dmaps_sv.tactile%26w%3D900%26h%3D600%26pitch%3D10.49316638947441%26panoid%3Dw7VSLMBkMIVRikhlJrv8mg%26yaw%3D214.13167358706116!7i13312!8i6656?hl=da&entry=ttu&g_ep=EgoyMDI1MDEyOS4xIKXMDSoASAFQAw%3D%3D"
"Honda","NSX","NA2 Type R","White","2020","parked","8","0","8","","https://www.google.dk/maps/@35.6280265,139.6179796,3a,75y,203.68h,72.05t/data=!3m8!1e1!3m6!1sA6XHl1PWNy59FbPnbX-_og!2e0!5s20200201T000000!6shttps:%2F%2Fstreetviewpixels-pa.googleapis.com%2Fv1%2Fthumbnail%3Fcb_client%3Dmaps_sv.tactile%26w%3D900%26h%3D600%26pitch%3D17.946333358005433%26panoid%3DA6XHl1PWNy59FbPnbX-_og%26yaw%3D203.67727126689422!7i16384!8i8192?hl=da&entry=ttu&g_ep=EgoyMDI1MDEyNi4wIKXMDSoASAFQAw%3D%3D"
"Honda","NSX","NA2","Blue","2015","parked","8","0","8","Hard to see, but the car appears to be sporting a massive bodykit","https://www.google.dk/maps/@35.4948208,139.6058683,3a,15y,180.39h,85.61t/data=!3m8!1e1!3m6!1sTVWho7PpRh6nEabTacJViA!2e0!5s20150901T000000!6shttps:%2F%2Fstreetviewpixels-pa.googleapis.com%2Fv1%2Fthumbnail%3Fcb_client%3Dmaps_sv.tactile%26w%3D900%26h%3D600%26pitch%3D4.389750824736311%26panoid%3DTVWho7PpRh6nEabTacJViA%26yaw%3D180.39444079033876!7i13312!8i6656?hl=da&entry=ttu&g_ep=EgoyMDI1MDEyNi4wIKXMDSoASAFQAw%3D%3D"
"Honda","NSX","NA2 Type R","White","2011","parked","9","0","9","","https://www.google.dk/maps/@35.3329603,139.4093716,3a,24.5y,97.02h,87.95t/data=!3m8!1e1!3m6!1snAHheFemvpPeALILG45nIQ!2e0!5s20110101T000000!6shttps:%2F%2Fstreetviewpixels-pa.googleapis.com%2Fv1%2Fthumbnail%3Fcb_client%3Dmaps_sv.tactile%26w%3D900%26h%3D600%26pitch%3D2.049999999999997%26panoid%3DnAHheFemvpPeALILG45nIQ%26yaw%3D97.02!7i13312!8i6656?hl=da&entry=ttu&g_ep=EgoyMDI1MDEyNi4wIKXMDSoASAFQAw%3D%3D"
"Honda","NSX","NA2","White","2015","parked","8","0","8","Big wing","https://www.google.dk/maps/@35.8204689,139.6523875,3a,17.1y,23.6h,84.08t/data=!3m8!1e1!3m6!1sZlocP_pmqHkUh3pQvujkoA!2e0!5s20150501T000000!6shttps:%2F%2Fstreetviewpixels-pa.googleapis.com%2Fv1%2Fthumbnail%3Fcb_client%3Dmaps_sv.tactile%26w%3D900%26h%3D600%26pitch%3D5.916284111646959%26panoid%3DZlocP_pmqHkUh3pQvujkoA%26yaw%3D23.596036243670635!7i13312!8i6656?hl=da&entry=ttu&g_ep=EgoyMDI1MDEyNi4wIKXMDSoASAFQAw%3D%3D"
"Honda","NSX","NA1","Grey","2024","parked","8","1","9","Full widebody and GT wing trackday car","https://www.google.dk/maps/@35.4528172,139.5063572,3a,21.7y,319.83h,84.87t/data=!3m8!1e1!3m6!1snJV3LSZHb0Cj1Yr7puDBYA!2e0!5s20240801T000000!6shttps:%2F%2Fstreetviewpixels-pa.googleapis.com%2Fv1%2Fthumbnail%3Fcb_client%3Dmaps_sv.tactile%26w%3D900%26h%3D600%26pitch%3D5.126967467605311%26panoid%3DnJV3LSZHb0Cj1Yr7puDBYA%26yaw%3D319.83225631531644!7i16384!8i8192?hl=da&entry=ttu&g_ep=EgoyMDI1MDEyNi4wIKXMDSoASAFQAw%3D%3D"
"Honda","NSX","NA1","Red","2009","parked","8","0","8","TE37","https://www.google.dk/maps/@35.5638864,139.5116303,3a,43.5y,126.5h,73.44t/data=!3m8!1e1!3m6!1sb0ajWMpJDhbyuEA45LrkMA!2e0!5s20091001T000000!6shttps:%2F%2Fstreetviewpixels-pa.googleapis.com%2Fv1%2Fthumbnail%3Fcb_client%3Dmaps_sv.tactile%26w%3D900%26h%3D600%26pitch%3D16.564165291313714%26panoid%3Db0ajWMpJDhbyuEA45LrkMA%26yaw%3D126.50462208278344!7i13312!8i6656?hl=da&entry=ttu&g_ep=EgoyMDI1MDEyNi4wIKXMDSoASAFQAw%3D%3D"
"Honda","NSX","NA1 Type R","White","2022","parked","9","0","9","","https://www.google.dk/maps/@35.4526435,139.4140607,3a,25.2y,53.11h,84.82t/data=!3m8!1e1!3m6!1sHN72W9HlM2_0f325hFihQA!2e0!5s20110101T000000!6shttps:%2F%2Fstreetviewpixels-pa.googleapis.com%2Fv1%2Fthumbnail%3Fcb_client%3Dmaps_sv.tactile%26w%3D900%26h%3D600%26pitch%3D5.184858944673266%26panoid%3DHN72W9HlM2_0f325hFihQA%26yaw%3D53.114456089798615!7i16384!8i8192?hl=da&entry=ttu&g_ep=EgoyMDI1MDEyNi4wIKXMDSoASAFQAw%3D%3D"
"Honda","NSX","NA1","Red","2018","parked","8","0","8","","https://www.google.dk/maps/@35.7566811,139.3894048,3a,28.4y,219.97h,80.64t/data=!3m8!1e1!3m6!1scOSqS0qo4MSHPn5II17y6Q!2e0!5s20180701T000000!6shttps:%2F%2Fstreetviewpixels-pa.googleapis.com%2Fv1%2Fthumbnail%3Fcb_client%3Dmaps_sv.tactile%26w%3D900%26h%3D600%26pitch%3D9.361492364784354%26panoid%3DcOSqS0qo4MSHPn5II17y6Q%26yaw%3D219.96897155255536!7i16384!8i8192?hl=da&entry=ttu&g_ep=EgoyMDI1MDEyNi4wIKXMDSoASAFQAw%3D%3D"
"Honda","NSX","NA1","Black","2014","parked","8","0","8","","https://www.google.dk/maps/@35.3342425,139.4608366,3a,37.7y,128.53h,82.03t/data=!3m7!1e1!3m5!1s59dMe2m_Pqrk8ubGBJfKTg!2e0!6shttps:%2F%2Fstreetviewpixels-pa.googleapis.com%2Fv1%2Fthumbnail%3Fcb_client%3Dmaps_sv.tactile%26w%3D900%26h%3D600%26pitch%3D7.969999999999999%26panoid%3D59dMe2m_Pqrk8ubGBJfKTg%26yaw%3D128.53!7i13312!8i6656?hl=da&entry=ttu&g_ep=EgoyMDI1MDEyNi4wIKXMDSoASAFQAw%3D%3D"
"Honda","NSX","NA1","Red","2009","parked","8","0","8","","https://www.google.dk/maps/@35.6275848,139.6502408,3a,26.2y,83h,82.23t/data=!3m7!1e1!3m5!1s2eoGEBUkGMWkOcsvD-Ci-w!2e0!6shttps:%2F%2Fstreetviewpixels-pa.googleapis.com%2Fv1%2Fthumbnail%3Fcb_client%3Dmaps_sv.tactile%26w%3D900%26h%3D600%26pitch%3D7.769394013716379%26panoid%3D2eoGEBUkGMWkOcsvD-Ci-w%26yaw%3D83.00362503748953!7i13312!8i6656?hl=da&entry=ttu&g_ep=EgoyMDI1MDEyNi4wIKXMDSoASAFQAw%3D%3D"
"Honda","NSX","NA1 Type R","Black","2022","parked","9","0","9","","https://www.google.dk/maps/@35.5288917,139.5396017,3a,54.9y,91.86h,71.73t/data=!3m8!1e1!3m6!1shVGXUBWOXI6oP47M3BDwZg!2e0!5s20220501T000000!6shttps:%2F%2Fstreetviewpixels-pa.googleapis.com%2Fv1%2Fthumbnail%3Fcb_client%3Dmaps_sv.tactile%26w%3D900%26h%3D600%26pitch%3D18.27477675474333%26panoid%3DhVGXUBWOXI6oP47M3BDwZg%26yaw%3D91.85692204017019!7i16384!8i8192?hl=da&entry=ttu&g_ep=EgoyMDI1MDEyNi4wIKXMDSoASAFQAw%3D%3D"
"Honda","NSX","NA1","Black","2009","parked","8","0","8","","https://www.google.dk/maps/@35.4739461,139.6225767,3a,37.6y,297.67h,78.39t/data=!3m8!1e1!3m6!1scm5KWm7g-jAEOo-9KHQb_A!2e0!5s20190501T000000!6shttps:%2F%2Fstreetviewpixels-pa.googleapis.com%2Fv1%2Fthumbnail%3Fcb_client%3Dmaps_sv.tactile%26w%3D900%26h%3D600%26pitch%3D11.61%26panoid%3Dcm5KWm7g-jAEOo-9KHQb_A%26yaw%3D297.67!7i13312!8i6656?hl=da&entry=ttu&g_ep=EgoyMDI1MDEyNi4wIKXMDSoASAFQAw%3D%3D"
"Honda","NSX","NA1","White","2010","driving","8","0","8","","https://www.google.dk/maps/@35.8048922,139.591959,3a,37.6y,119.79h,78.5t/data=!3m8!1e1!3m6!1sk-y0dvCczR0bvZ-nv8MggA!2e0!5s20100401T000000!6shttps:%2F%2Fstreetviewpixels-pa.googleapis.com%2Fv1%2Fthumbnail%3Fcb_client%3Dmaps_sv.tactile%26w%3D900%26h%3D600%26pitch%3D11.49690481794913%26panoid%3Dk-y0dvCczR0bvZ-nv8MggA%26yaw%3D119.78623925652373!7i13312!8i6656?hl=da&entry=ttu&g_ep=EgoyMDI1MDEyNi4wIKXMDSoASAFQAw%3D%3D"
"Honda","NSX","NA1","Black","2009","parked","8","0","8","","https://www.google.dk/maps/@35.5382993,139.5377231,3a,16.1y,250.27h,89.07t/data=!3m8!1e1!3m6!1skSOugL_gBPJ6kGQMUDDQgw!2e0!5s20090801T000000!6shttps:%2F%2Fstreetviewpixels-pa.googleapis.com%2Fv1%2Fthumbnail%3Fcb_client%3Dmaps_sv.tactile%26w%3D900%26h%3D600%26pitch%3D0.9305305614083892%26panoid%3DkSOugL_gBPJ6kGQMUDDQgw%26yaw%3D250.26717731707566!7i13312!8i6656?hl=da&entry=ttu&g_ep=EgoyMDI1MDEyNi4wIKXMDSoASAFQAw%3D%3D"
"Honda","NSX","NA1","Red","2024","parked","8","1","9","Heavily modified","https://www.google.dk/maps/@35.5158969,139.5584376,3a,16.2y,86.19h,86.43t/data=!3m8!1e1!3m6!1sZ7m15b8tpftyHCc9fKM1XA!2e0!5s20240601T000000!6shttps:%2F%2Fstreetviewpixels-pa.googleapis.com%2Fv1%2Fthumbnail%3Fcb_client%3Dmaps_sv.tactile%26w%3D900%26h%3D600%26pitch%3D3.5681931166783727%26panoid%3DZ7m15b8tpftyHCc9fKM1XA%26yaw%3D86.19260955733144!7i16384!8i8192?hl=da&entry=ttu&g_ep=EgoyMDI1MDEyNi4wIKXMDSoASAFQAw%3D%3D"
"Honda","NSX","NA1","Silver","2009","parked","8","0","8","Volk CE28N","https://www.google.dk/maps/@35.5362067,139.5450586,3a,41.6y,185.97h,77.95t/data=!3m8!1e1!3m6!1sZ2oUAKcIsogjrIbS4twzYg!2e0!5s20090701T000000!6shttps:%2F%2Fstreetviewpixels-pa.googleapis.com%2Fv1%2Fthumbnail%3Fcb_client%3Dmaps_sv.tactile%26w%3D900%26h%3D600%26pitch%3D12.047900092811872%26panoid%3DZ2oUAKcIsogjrIbS4twzYg%26yaw%3D185.96727033559543!7i13312!8i6656?hl=da&entry=ttu&g_ep=EgoyMDI1MDEyNi4wIKXMDSoASAFQAw%3D%3D"
"Honda","NSX","NA1","White","2009","parked","8","0","8","","https://www.google.dk/maps/@35.5995868,139.6024319,3a,46.2y,251.03h,70.01t/data=!3m8!1e1!3m6!1sox0wj9AQCtW3qvRHOdsYOw!2e0!5s20090801T000000!6shttps:%2F%2Fstreetviewpixels-pa.googleapis.com%2Fv1%2Fthumbnail%3Fcb_client%3Dmaps_sv.tactile%26w%3D900%26h%3D600%26pitch%3D19.987818390560818%26panoid%3Dox0wj9AQCtW3qvRHOdsYOw%26yaw%3D251.0302625819421!7i13312!8i6656?hl=da&entry=ttu&g_ep=EgoyMDI1MDEyNi4wIKXMDSoASAFQAw%3D%3D"
"Honda","NSX","NA1","Silver","2010","parked","8","0","8","","https://www.google.dk/maps/@35.9081049,139.7806489,3a,57.7y,257.58h,73.45t/data=!3m8!1e1!3m6!1s3jpoUItz8BK112idX0yQgQ!2e0!5s20100801T000000!6shttps:%2F%2Fstreetviewpixels-pa.googleapis.com%2Fv1%2Fthumbnail%3Fcb_client%3Dmaps_sv.tactile%26w%3D900%26h%3D600%26pitch%3D16.547460578735567%26panoid%3D3jpoUItz8BK112idX0yQgQ%26yaw%3D257.5773983670668!7i13312!8i6656?hl=da&entry=ttu&g_ep=EgoyMDI1MDEyNi4wIKXMDSoASAFQAw%3D%3D"
"Honda","NSX","NA1","Red","2015","parked","8","0","8","","https://www.google.dk/maps/@35.863119,139.7582883,3a,15.2y,229.02h,85.94t/data=!3m8!1e1!3m6!1sxtKKBml_sMR-O4zgipdmlg!2e0!5s20150401T000000!6shttps:%2F%2Fstreetviewpixels-pa.googleapis.com%2Fv1%2Fthumbnail%3Fcb_client%3Dmaps_sv.tactile%26w%3D900%26h%3D600%26pitch%3D4.064031221714458%26panoid%3DxtKKBml_sMR-O4zgipdmlg%26yaw%3D229.01961777617484!7i13312!8i6656?hl=da&entry=ttu&g_ep=EgoyMDI1MDEyNi4wIKXMDSoASAFQAw%3D%3D"
"Honda","NSX","NA1","White","2019","driving","8","0","8","","https://www.google.dk/maps/@35.4617356,139.6798183,3a,15y,343.49h,84.58t/data=!3m8!1e1!3m6!1sVXrD8gaBsQBdXsEjxukRVA!2e0!5s20190701T000000!6shttps:%2F%2Fstreetviewpixels-pa.googleapis.com%2Fv1%2Fthumbnail%3Fcb_client%3Dmaps_sv.tactile%26w%3D900%26h%3D600%26pitch%3D5.420000000000002%26panoid%3DVXrD8gaBsQBdXsEjxukRVA%26yaw%3D343.49!7i16384!8i8192?hl=da&entry=ttu&g_ep=EgoyMDI1MDEyNi4wIKXMDSoASAFQAw%3D%3D"
"Honda","NSX","NA1","Red","2009","parked","8","0","8","","https://www.google.dk/maps/@35.7535408,139.7965297,3a,19.2y,258.37h,83.6t/data=!3m8!1e1!3m6!1sdCaapCrduqiHklV7CBDj0w!2e0!5s20091201T000000!6shttps:%2F%2Fstreetviewpixels-pa.googleapis.com%2Fv1%2Fthumbnail%3Fcb_client%3Dmaps_sv.tactile%26w%3D900%26h%3D600%26pitch%3D6.395607550825886%26panoid%3DdCaapCrduqiHklV7CBDj0w%26yaw%3D258.3654810645005!7i13312!8i6656?hl=da&entry=ttu&g_ep=EgoyMDI1MDEyNi4wIKXMDSoASAFQAw%3D%3D"
"Honda","NSX","NA1","Red","2010","parked","8","0","8","BBS LM","https://www.google.dk/maps/@35.5068843,139.3536862,3a,37.6y,275.63h,86.61t/data=!3m8!1e1!3m6!1snTxYUBZEnO4W8aOWkOSINw!2e0!5s20100801T000000!6shttps:%2F%2Fstreetviewpixels-pa.googleapis.com%2Fv1%2Fthumbnail%3Fcb_client%3Dmaps_sv.tactile%26w%3D900%26h%3D600%26pitch%3D3.394502332323114%26panoid%3DnTxYUBZEnO4W8aOWkOSINw%26yaw%3D275.62813638790294!7i13312!8i6656?hl=da&entry=ttu&g_ep=EgoyMDI1MDEyNy4wIKXMDSoASAFQAw%3D%3D"
"Honda","NSX","NA1","Red","2018","parked","8","0","8","","https://www.google.dk/maps/@35.5546597,139.4435741,3a,18y,295.46h,84.86t/data=!3m8!1e1!3m6!1suThjloOKZ1f0WfNJomMe8A!2e0!5s20180701T000000!6shttps:%2F%2Fstreetviewpixels-pa.googleapis.com%2Fv1%2Fthumbnail%3Fcb_client%3Dmaps_sv.tactile%26w%3D900%26h%3D600%26pitch%3D5.1438619001871615%26panoid%3DuThjloOKZ1f0WfNJomMe8A%26yaw%3D295.4620182103374!7i16384!8i8192?hl=da&entry=ttu&g_ep=EgoyMDI1MDEyNi4wIKXMDSoASAFQAw%3D%3D"
"Honda","NSX","NA1","Red","2009","parked","8","0","8","","https://www.google.dk/maps/@35.5574839,139.5204142,3a,45y,25.45h,74.33t/data=!3m8!1e1!3m6!1s0Br8f1PuJKOzzIEXmu6VXw!2e0!5s20090801T000000!6shttps:%2F%2Fstreetviewpixels-pa.googleapis.com%2Fv1%2Fthumbnail%3Fcb_client%3Dmaps_sv.tactile%26w%3D900%26h%3D600%26pitch%3D15.669216349092977%26panoid%3D0Br8f1PuJKOzzIEXmu6VXw%26yaw%3D25.445697620653522!7i13312!8i6656?hl=da&entry=ttu&g_ep=EgoyMDI1MDEyNi4wIKXMDSoASAFQAw%3D%3D"
"Honda","NSX","NA1","Red","2018","parked","8","0","8","","https://www.google.dk/maps/@35.7330388,139.5545247,3a,15y,301.52h,85.51t/data=!3m8!1e1!3m6!1s86sLvzxEbtHDyO9Wd3k73Q!2e0!5s20180701T000000!6shttps:%2F%2Fstreetviewpixels-pa.googleapis.com%2Fv1%2Fthumbnail%3Fcb_client%3Dmaps_sv.tactile%26w%3D900%26h%3D600%26pitch%3D4.489999999999995%26panoid%3D86sLvzxEbtHDyO9Wd3k73Q%26yaw%3D301.52!7i16384!8i8192?hl=da&entry=ttu&g_ep=EgoyMDI1MDEyNi4wIKXMDSoASAFQAw%3D%3D"
"Nissan","GT-R","R35","Grey","2021","parked","7","0","7","","https://www.google.dk/maps/@35.4890509,139.3600623,3a,35.9y,340.85h,83.77t/data=!3m8!1e1!3m6!1sezB_4TQGxvJaU2BTufvJNA!2e0!5s20210501T000000!6shttps:%2F%2Fstreetviewpixels-pa.googleapis.com%2Fv1%2Fthumbnail%3Fcb_client%3Dmaps_sv.tactile%26w%3D900%26h%3D600%26pitch%3D6.232715965083429%26panoid%3DezB_4TQGxvJaU2BTufvJNA%26yaw%3D340.85449372427047!7i16384!8i8192?hl=da&entry=ttu&g_ep=EgoyMDI1MDEyNy4wIKXMDSoASAFQAw%3D%3D"
"Toyota","Aristo","JZS161","White","2014","parked","3","3","6","Pink rims","https://www.google.dk/maps/@35.5212728,139.3331264,3a,48.9y,180.65h,76.75t/data=!3m8!1e1!3m6!1sZvqYtCCQv6Qs-tR5Dz85TQ!2e0!5s20140301T000000!6shttps:%2F%2Fstreetviewpixels-pa.googleapis.com%2Fv1%2Fthumbnail%3Fcb_client%3Dmaps_sv.tactile%26w%3D900%26h%3D600%26pitch%3D13.245943569286013%26panoid%3DZvqYtCCQv6Qs-tR5Dz85TQ%26yaw%3D180.64592975953823!7i13312!8i6656?hl=da&entry=ttu&g_ep=EgoyMDI1MDEyNy4wIKXMDSoASAFQAw%3D%3D"
"Nissan","180SX","Base","White","2023","parked","4","1","5","Some visual mods","https://www.google.dk/maps/@35.4854784,139.3402268,3a,43y,310.54h,76.31t/data=!3m8!1e1!3m6!1sRTgtAnXFB8Eov-kA9rLf_g!2e0!5s20230101T000000!6shttps:%2F%2Fstreetviewpixels-pa.googleapis.com%2Fv1%2Fthumbnail%3Fcb_client%3Dmaps_sv.tactile%26w%3D900%26h%3D600%26pitch%3D13.689670136018407%26panoid%3DRTgtAnXFB8Eov-kA9rLf_g%26yaw%3D310.5383808171554!7i16384!8i8192?hl=da&entry=ttu&g_ep=EgoyMDI1MDEyNy4wIKXMDSoASAFQAw%3D%3D"
"Subaru","Impreza Meaneye","WRX","White","2015","parked","4","0","4","","https://www.google.dk/maps/@35.4846297,139.3395811,3a,48.9y,246.12h,83.57t/data=!3m8!1e1!3m6!1sAO37ynmqBBljGfFL7nHm5A!2e0!5s20150701T000000!6shttps:%2F%2Fstreetviewpixels-pa.googleapis.com%2Fv1%2Fthumbnail%3Fcb_client%3Dmaps_sv.tactile%26w%3D900%26h%3D600%26pitch%3D6.430071267662541%26panoid%3DAO37ynmqBBljGfFL7nHm5A%26yaw%3D246.11716446766096!7i13312!8i6656?hl=da&entry=ttu&g_ep=EgoyMDI1MDEyNy4wIKXMDSoASAFQAw%3D%3D"
"Nissan","180SX","Base","Red","2015","parked","4","3","7","Parked in driveway next to completely smashed S14 on jack stands","https://www.google.dk/maps/@35.5034623,139.3543331,3a,59.5y,204.44h,82.63t/data=!3m8!1e1!3m6!1sxdxbHaIQBwC3mACsHqgNDw!2e0!5s20150701T000000!6shttps:%2F%2Fstreetviewpixels-pa.googleapis.com%2Fv1%2Fthumbnail%3Fcb_client%3Dmaps_sv.tactile%26w%3D900%26h%3D600%26pitch%3D7.37271285321674%26panoid%3DxdxbHaIQBwC3mACsHqgNDw%26yaw%3D204.44087786266348!7i13312!8i6656?hl=da&entry=ttu&g_ep=EgoyMDI1MDEyNy4wIKXMDSoASAFQAw%3D%3D"
"Nissan","Silvia S14","Zenki","Black","2024","parked","4","0","4","R33 GT-R rims","https://www.google.dk/maps/@35.5052976,139.3548189,3a,41.1y,294.5h,80.09t/data=!3m8!1e1!3m6!1s5itrsTV1PEMbVc2w4zDj4g!2e0!5s20240301T000000!6shttps:%2F%2Fstreetviewpixels-pa.googleapis.com%2Fv1%2Fthumbnail%3Fcb_client%3Dmaps_sv.tactile%26w%3D900%26h%3D600%26pitch%3D9.914875132461916%26panoid%3D5itrsTV1PEMbVc2w4zDj4g%26yaw%3D294.50155993537606!7i16384!8i8192?hl=da&entry=ttu&g_ep=EgoyMDI1MDEyNy4wIKXMDSoASAFQAw%3D%3D"
"Mazda","RX-7 FB3S","Base","Blue","2010","parked","5","0","5","","https://www.google.dk/maps/@35.5065572,139.3538474,3a,39.4y,87.1h,82.62t/data=!3m8!1e1!3m6!1sBx055kivYXe_1bzzB_WpHA!2e0!5s20100801T000000!6shttps:%2F%2Fstreetviewpixels-pa.googleapis.com%2Fv1%2Fthumbnail%3Fcb_client%3Dmaps_sv.tactile%26w%3D900%26h%3D600%26pitch%3D7.375545607529375%26panoid%3DBx055kivYXe_1bzzB_WpHA%26yaw%3D87.0966749504333!7i13312!8i6656?hl=da&entry=ttu&g_ep=EgoyMDI1MDEyNy4wIKXMDSoASAFQAw%3D%3D"
"Nissan","Skyline R32","GT-R","White","2010","parked","7","0","7","","https://www.google.dk/maps/@35.5047003,139.3580773,3a,61.8y,278.53h,79.75t/data=!3m8!1e1!3m6!1sa6FtHP6B1ZAOTUpta7sO1A!2e0!5s20100901T000000!6shttps:%2F%2Fstreetviewpixels-pa.googleapis.com%2Fv1%2Fthumbnail%3Fcb_client%3Dmaps_sv.tactile%26w%3D900%26h%3D600%26pitch%3D10.249083928232992%26panoid%3Da6FtHP6B1ZAOTUpta7sO1A%26yaw%3D278.5335343451777!7i13312!8i6656?hl=da&entry=ttu&g_ep=EgoyMDI1MDEyNy4wIKXMDSoASAFQAw%3D%3D"
"Toyota","Supra A80","Series I","Silver","2018","parked","7","0","7","Full Bomex bodykit and large wing","https://www.google.dk/maps/@35.5050608,139.3612852,3a,19.3y,144.22h,85.42t/data=!3m8!1e1!3m6!1surXerdr0jyd74by0kqf87w!2e0!5s20180701T000000!6shttps:%2F%2Fstreetviewpixels-pa.googleapis.com%2Fv1%2Fthumbnail%3Fcb_client%3Dmaps_sv.tactile%26w%3D900%26h%3D600%26pitch%3D4.576666036295222%26panoid%3DurXerdr0jyd74by0kqf87w%26yaw%3D144.21673450629828!7i16384!8i8192?hl=da&entry=ttu&g_ep=EgoyMDI1MDEyNy4wIKXMDSoASAFQAw%3D%3D"
"Toyota","Corolla AE86","Levin","White","2024","parked","6","0","6","Disrespected AE86 rusting away in front of a GR Yaris","https://www.google.dk/maps/@35.5048984,139.3623727,3a,63.5y,265.48h,84.1t/data=!3m8!1e1!3m6!1sCVJDLtlwTuFtsOnNtU13oQ!2e0!5s20240301T000000!6shttps:%2F%2Fstreetviewpixels-pa.googleapis.com%2Fv1%2Fthumbnail%3Fcb_client%3Dmaps_sv.tactile%26w%3D900%26h%3D600%26pitch%3D5.898783489339706%26panoid%3DCVJDLtlwTuFtsOnNtU13oQ%26yaw%3D265.4792187838774!7i16384!8i8192?hl=da&entry=ttu&g_ep=EgoyMDI1MDEyNy4wIKXMDSoASAFQAw%3D%3D"
"Nissan","Silvia S13","K's","Silver","2015","parked","6","0","6","","https://www.google.dk/maps/@35.5014314,139.3627791,3a,50.1y,308.83h,71.77t/data=!3m8!1e1!3m6!1s5R1wJjoZiBvuwk-khrjvJw!2e0!5s20150701T000000!6shttps:%2F%2Fstreetviewpixels-pa.googleapis.com%2Fv1%2Fthumbnail%3Fcb_client%3Dmaps_sv.tactile%26w%3D900%26h%3D600%26pitch%3D18.227648128672016%26panoid%3D5R1wJjoZiBvuwk-khrjvJw%26yaw%3D308.8328979682176!7i13312!8i6656?hl=da&entry=ttu&g_ep=EgoyMDI1MDEyNy4wIKXMDSoASAFQAw%3D%3D"
"Honda","Civic EA","Si","White","2021","parked","6","1","7","Mugen MR-5","https://www.google.dk/maps/@35.495864,139.3631963,3a,43.5y,106.41h,82.26t/data=!3m8!1e1!3m6!1s6DOfdAOmt25xNn6qkXgOIQ!2e0!5s20210801T000000!6shttps:%2F%2Fstreetviewpixels-pa.googleapis.com%2Fv1%2Fthumbnail%3Fcb_client%3Dmaps_sv.tactile%26w%3D900%26h%3D600%26pitch%3D7.735982149474893%26panoid%3D6DOfdAOmt25xNn6qkXgOIQ%26yaw%3D106.40577848502257!7i16384!8i8192?hl=da&entry=ttu&g_ep=EgoyMDI1MDEyNy4wIKXMDSoASAFQAw%3D%3D"
"Nissan","Skyline R34","GT-R","Black","2018","parked","8","0","8","Nismo bodykit and LMGT4","https://www.google.dk/maps/@35.4958332,139.3632077,3a,28.6y,42.53h,86.36t/data=!3m8!1e1!3m6!1sDavEdUp01jRvQKWnvShTBA!2e0!5s20180701T000000!6shttps:%2F%2Fstreetviewpixels-pa.googleapis.com%2Fv1%2Fthumbnail%3Fcb_client%3Dmaps_sv.tactile%26w%3D900%26h%3D600%26pitch%3D3.6432393703061052%26panoid%3DDavEdUp01jRvQKWnvShTBA%26yaw%3D42.5265817210339!7i16384!8i8192?hl=da&entry=ttu&g_ep=EgoyMDI1MDEyNy4wIKXMDSoASAFQAw%3D%3D"
"Nissan","Skyline R34","Sedan","Other","2019","parked","3","0","3","Garage shop that specializes in Skyline ER34 ","https://www.google.dk/maps/@35.4956368,139.3632557,3a,83.4y,86.52h,76.67t/data=!3m8!1e1!3m6!1sKm-r7VYYtLnuykvYAE9WCQ!2e0!5s20190501T000000!6shttps:%2F%2Fstreetviewpixels-pa.googleapis.com%2Fv1%2Fthumbnail%3Fcb_client%3Dmaps_sv.tactile%26w%3D900%26h%3D600%26pitch%3D13.333857796425562%26panoid%3DKm-r7VYYtLnuykvYAE9WCQ%26yaw%3D86.51998235730095!7i16384!8i8192?hl=da&entry=ttu&g_ep=EgoyMDI1MDEyNy4wIKXMDSoASAFQAw%3D%3D"
"Honda","Civic EF","EF8 CR-X","Blue","2024","parked","5","0","5","","https://www.google.dk/maps/@35.4946347,139.3633833,3a,41y,288.81h,80.18t/data=!3m8!1e1!3m6!1sVZ2UPoc-kQGKAdU06EoWyQ!2e0!5s20240301T000000!6shttps:%2F%2Fstreetviewpixels-pa.googleapis.com%2Fv1%2Fthumbnail%3Fcb_client%3Dmaps_sv.tactile%26w%3D900%26h%3D600%26pitch%3D9.821994103568073%26panoid%3DVZ2UPoc-kQGKAdU06EoWyQ%26yaw%3D288.81112170494725!7i16384!8i8192?hl=da&entry=ttu&g_ep=EgoyMDI1MDEyNy4wIKXMDSoASAFQAw%3D%3D"
"Honda","CR-Z","ZF1","White","2018","parked","4","1","5","Mugen aero kit","https://www.google.dk/maps/@35.4956744,139.3638268,3a,75y,351.58h,73.24t/data=!3m8!1e1!3m6!1saBAzFuBO5kRg_D7l323_EQ!2e0!5s20180701T000000!6shttps:%2F%2Fstreetviewpixels-pa.googleapis.com%2Fv1%2Fthumbnail%3Fcb_client%3Dmaps_sv.tactile%26w%3D900%26h%3D600%26pitch%3D16.76296656907155%26panoid%3DaBAzFuBO5kRg_D7l323_EQ%26yaw%3D351.5790134884295!7i16384!8i8192?hl=da&entry=ttu&g_ep=EgoyMDI1MDEyNy4wIKXMDSoASAFQAw%3D%3D"
"Subaru","Legacy","BD","White","2018","parked","1","3","4","Many visual mods, very clean","https://www.google.dk/maps/@35.7693854,139.94045,3a,43.2y,31.58h,73.79t/data=!3m8!1e1!3m6!1s5Zx2T6nNJ64M0_nD0YcmAw!2e0!5s20180801T000000!6shttps:%2F%2Fstreetviewpixels-pa.googleapis.com%2Fv1%2Fthumbnail%3Fcb_client%3Dmaps_sv.tactile%26w%3D900%26h%3D600%26pitch%3D16.206783202959414%26panoid%3D5Zx2T6nNJ64M0_nD0YcmAw%26yaw%3D31.582391938337288!7i16384!8i8192?hl=da&entry=ttu&g_ep=EgoyMDI1MDEyNy4wIKXMDSoASAFQAw%3D%3D"
"Subaru","Impreza Hawkeye","WRX STi","Blue","2015","parked","6","0","6","","https://www.google.dk/maps/@35.8259821,139.5679858,3a,30.5y,110.06h,80.01t/data=!3m8!1e1!3m6!1sPOTpEtI7REveZBCxunO37Q!2e0!5s20150401T000000!6shttps:%2F%2Fstreetviewpixels-pa.googleapis.com%2Fv1%2Fthumbnail%3Fcb_client%3Dmaps_sv.tactile%26w%3D900%26h%3D600%26pitch%3D9.99278913705973%26panoid%3DPOTpEtI7REveZBCxunO37Q%26yaw%3D110.06352190107718!7i13312!8i6656?hl=da&entry=ttu&g_ep=EgoyMDI1MDEyNy4wIKXMDSoASAFQAw%3D%3D"
"Subaru","Impreza Hawkeye","WRX STi","Red","2021","parked","6","1","7","With full Chargespeed aero kit","https://www.google.dk/maps/@35.8274262,139.6731047,3a,29y,292.26h,81.4t/data=!3m8!1e1!3m6!1sHWZf40ubFIcLsYsHwOzEkA!2e0!5s20210101T000000!6shttps:%2F%2Fstreetviewpixels-pa.googleapis.com%2Fv1%2Fthumbnail%3Fcb_client%3Dmaps_sv.tactile%26w%3D900%26h%3D600%26pitch%3D8.598509683446252%26panoid%3DHWZf40ubFIcLsYsHwOzEkA%26yaw%3D292.2631813702556!7i16384!8i8192?hl=da&entry=ttu&g_ep=EgoyMDI1MDEyNy4wIKXMDSoASAFQAw%3D%3D"
"Subaru","Impreza Meaneye","WRX STi","Blue","2009","parked","6","0","6","With roof scoop","https://www.google.dk/maps/@35.716249,139.8693375,3a,28.3y,69.27h,82.15t/data=!3m8!1e1!3m6!1sY9brD23nTlrTrbe1ew6rXQ!2e0!5s20090801T000000!6shttps:%2F%2Fstreetviewpixels-pa.googleapis.com%2Fv1%2Fthumbnail%3Fcb_client%3Dmaps_sv.tactile%26w%3D900%26h%3D600%26pitch%3D7.849808815024701%26panoid%3DY9brD23nTlrTrbe1ew6rXQ%26yaw%3D69.27022552715029!7i13312!8i6656?hl=da&entry=ttu&g_ep=EgoyMDI1MDEyNy4wIKXMDSoASAFQAw%3D%3D"
"Subaru","Impreza Meaneye","WRX STi","Silver","2012","driving","6","1","7","Super clean track build","https://www.google.dk/maps/@35.8252211,139.664609,3a,25.1y,25.87h,82.64t/data=!3m8!1e1!3m6!1sKq-7su-CI71bCPasotZ38w!2e0!5s20120401T000000!6shttps:%2F%2Fstreetviewpixels-pa.googleapis.com%2Fv1%2Fthumbnail%3Fcb_client%3Dmaps_sv.tactile%26w%3D900%26h%3D600%26pitch%3D7.359999999999999%26panoid%3DKq-7su-CI71bCPasotZ38w%26yaw%3D25.869923113876258!7i13312!8i6656?hl=da&entry=ttu&g_ep=EgoyMDI1MDEyNy4wIKXMDSoASAFQAw%3D%3D"
"Mitsubishi","Pajero","Evolution","Silver","2019","parked","7","1","8","Parked next to an EVO IX","https://www.google.dk/maps/@35.6991593,140.0354759,3a,19.3y,214.5h,87.4t/data=!3m7!1e1!3m5!1sicKZfDeL8yGIalS7xue2NQ!2e0!6shttps:%2F%2Fstreetviewpixels-pa.googleapis.com%2Fv1%2Fthumbnail%3Fcb_client%3Dmaps_sv.tactile%26w%3D900%26h%3D600%26pitch%3D2.5953701989624136%26panoid%3DicKZfDeL8yGIalS7xue2NQ%26yaw%3D214.50211749332365!7i16384!8i8192?hl=da&entry=ttu&g_ep=EgoyMDI1MDEyNy4wIKXMDSoASAFQAw%3D%3D"
"Mitsubishi","3000 GT","VR4","Black","2013","parked","5","0","5","","https://www.google.dk/maps/@35.7015765,139.9032033,3a,43.7y,319.86h,86.36t/data=!3m8!1e1!3m6!1sQyuQXg5cl36wyg6F6RzHmA!2e0!5s20130601T000000!6shttps:%2F%2Fstreetviewpixels-pa.googleapis.com%2Fv1%2Fthumbnail%3Fcb_client%3Dmaps_sv.tactile%26w%3D900%26h%3D600%26pitch%3D3.6441727909624007%26panoid%3DQyuQXg5cl36wyg6F6RzHmA%26yaw%3D319.86328182228067!7i13312!8i6656?hl=da&entry=ttu&g_ep=EgoyMDI1MDEyNy4wIKXMDSoASAFQAw%3D%3D"
"Mitsubishi","3000 GT","VR4","Black","2010","parked","5","0","5","","https://www.google.dk/maps/@35.6757535,140.0422766,3a,36.7y,268.33h,70.6t/data=!3m8!1e1!3m6!1sZ-CYVNwdCajhPww5__uvyw!2e0!5s20101201T000000!6shttps:%2F%2Fstreetviewpixels-pa.googleapis.com%2Fv1%2Fthumbnail%3Fcb_client%3Dmaps_sv.tactile%26w%3D900%26h%3D600%26pitch%3D19.402816041044375%26panoid%3DZ-CYVNwdCajhPww5__uvyw%26yaw%3D268.33378080315106!7i13312!8i6656?hl=da&entry=ttu&g_ep=EgoyMDI1MDEyNy4wIKXMDSoASAFQAw%3D%3D"
"Mitsubishi","Pajero","Evolution","White","2017","parked","7","0","7","","https://www.google.dk/maps/@35.509721,139.4494399,3a,32.8y,309.72h,83.74t/data=!3m8!1e1!3m6!1sjalKoNks94f1UPnI_GV5XA!2e0!5s20170301T000000!6shttps:%2F%2Fstreetviewpixels-pa.googleapis.com%2Fv1%2Fthumbnail%3Fcb_client%3Dmaps_sv.tactile%26w%3D900%26h%3D600%26pitch%3D6.260000000000005%26panoid%3DjalKoNks94f1UPnI_GV5XA%26yaw%3D309.72!7i13312!8i6656?hl=da&entry=ttu&g_ep=EgoyMDI1MDEyNy4wIKXMDSoASAFQAw%3D%3D"
"Mitsubishi","Pajero","Evolution","White","2011","parked","7","0","7","","https://www.google.dk/maps/@35.6917799,139.944439,3a,19.9y,269.09h,83.43t/data=!3m8!1e1!3m6!1sNectN9mbYEuRalCG7Zfh-Q!2e0!5s20091101T000000!6shttps:%2F%2Fstreetviewpixels-pa.googleapis.com%2Fv1%2Fthumbnail%3Fcb_client%3Dmaps_sv.tactile%26w%3D900%26h%3D600%26pitch%3D6.569011625260032%26panoid%3DNectN9mbYEuRalCG7Zfh-Q%26yaw%3D269.08566035144054!7i13312!8i6656?hl=da&entry=ttu&g_ep=EgoyMDI1MDEyNy4wIKXMDSoASAFQAw%3D%3D"
"Mazda","MX-5","NA","Black","2014","parked","2","2","4","","https://www.google.dk/maps/@35.8576539,139.6994443,3a,58.8y,306.24h,65.57t/data=!3m8!1e1!3m6!1sZNpKvZSBscZPeFUfxhLnVg!2e0!5s20140401T000000!6shttps:%2F%2Fstreetviewpixels-pa.googleapis.com%2Fv1%2Fthumbnail%3Fcb_client%3Dmaps_sv.tactile%26w%3D900%26h%3D600%26pitch%3D24.426906927311748%26panoid%3DZNpKvZSBscZPeFUfxhLnVg%26yaw%3D306.238412797592!7i13312!8i6656?hl=da&entry=ttu&g_ep=EgoyMDI1MDEyNy4wIKXMDSoASAFQAw%3D%3D"
"Mazda","Autozam","AZ-1","White","2009","parked","5","0","5","Fog lights in the hood","https://www.google.dk/maps/@35.5346574,139.6453047,3a,30.8y,202h,80.12t/data=!3m8!1e1!3m6!1shyM9W0SmpzK2PbTGj33iDw!2e0!5s20090901T000000!6shttps:%2F%2Fstreetviewpixels-pa.googleapis.com%2Fv1%2Fthumbnail%3Fcb_client%3Dmaps_sv.tactile%26w%3D900%26h%3D600%26pitch%3D9.883597355378555%26panoid%3DhyM9W0SmpzK2PbTGj33iDw%26yaw%3D201.9964140655177!7i13312!8i6656?hl=da&entry=ttu&g_ep=EgoyMDI1MDEyNy4wIKXMDSoASAFQAw%3D%3D"
"Mazda","Autozam","AZ-1","Red","2024","parked","5","0","5","","https://www.google.dk/maps/@35.5178296,139.6624408,3a,23.9y,83.42h,78.84t/data=!3m8!1e1!3m6!1susSF3HjJzkMWH-itp_6BqQ!2e0!5s20210701T000000!6shttps:%2F%2Fstreetviewpixels-pa.googleapis.com%2Fv1%2Fthumbnail%3Fcb_client%3Dmaps_sv.tactile%26w%3D900%26h%3D600%26pitch%3D11.157697353089503%26panoid%3DusSF3HjJzkMWH-itp_6BqQ%26yaw%3D83.42424957699838!7i16384!8i8192?hl=da&entry=ttu&g_ep=EgoyMDI1MDEyNy4wIKXMDSoASAFQAw%3D%3D"
"Mazda","Eunos","Cosmo","Black","2015","parked","6","0","6","","https://www.google.dk/maps/@35.4526788,139.5063945,3a,30.5y,192.65h,84.53t/data=!3m8!1e1!3m6!1sI70QLcLKliXTNSX4F73eFw!2e0!5s20150701T000000!6shttps:%2F%2Fstreetviewpixels-pa.googleapis.com%2Fv1%2Fthumbnail%3Fcb_client%3Dmaps_sv.tactile%26w%3D900%26h%3D600%26pitch%3D5.469999999999999%26panoid%3DI70QLcLKliXTNSX4F73eFw%26yaw%3D192.65!7i13312!8i6656?hl=da&entry=ttu&g_ep=EgoyMDI1MDEyNy4wIKXMDSoASAFQAw%3D%3D"
"Mazda","Eunos","Cosmo","Silver","2009","parked","6","0","6","","https://www.google.dk/maps/@35.5008371,139.6570443,3a,35.8y,19.15h,79.43t/data=!3m8!1e1!3m6!1s1dQc-j3JLQEtY6Rlu0oM5g!2e0!5s20160401T000000!6shttps:%2F%2Fstreetviewpixels-pa.googleapis.com%2Fv1%2Fthumbnail%3Fcb_client%3Dmaps_sv.tactile%26w%3D900%26h%3D600%26pitch%3D10.569999999999993%26panoid%3D1dQc-j3JLQEtY6Rlu0oM5g%26yaw%3D19.15!7i13312!8i6656?hl=da&entry=ttu&g_ep=EgoyMDI1MDEyNy4wIKXMDSoASAFQAw%3D%3D"
"Mazda","MX-5","NA","White","2019","parked","2","5","7","Extreme widebody and aero modifications","https://www.google.dk/maps/@35.767622,139.7873201,3a,24.1y,301.4h,85.55t/data=!3m8!1e1!3m6!1s7S_g8bVSBAk5XKV0jWWkNw!2e0!5s20190401T000000!6shttps:%2F%2Fstreetviewpixels-pa.googleapis.com%2Fv1%2Fthumbnail%3Fcb_client%3Dmaps_sv.tactile%26w%3D900%26h%3D600%26pitch%3D4.449548912389744%26panoid%3D7S_g8bVSBAk5XKV0jWWkNw%26yaw%3D301.40007765584386!7i16384!8i8192?hl=da&entry=ttu&g_ep=EgoyMDI1MDEyNy4wIKXMDSoASAFQAw%3D%3D"
"Mazda","RX-8","Akama GT","Red","2011","parked","8","0","8","Coach-built custom RX-8","https://www.google.dk/maps/@35.8412476,139.9638317,3a,53.2y,225.67h,78.78t/data=!3m8!1e1!3m6!1sqUCYGtTB8kG37PzGzulxkA!2e0!5s20111001T000000!6shttps:%2F%2Fstreetviewpixels-pa.googleapis.com%2Fv1%2Fthumbnail%3Fcb_client%3Dmaps_sv.tactile%26w%3D900%26h%3D600%26pitch%3D11.21614473938267%26panoid%3DqUCYGtTB8kG37PzGzulxkA%26yaw%3D225.66856872212924!7i13312!8i6656?hl=da&entry=ttu&g_ep=EgoyMDI1MDEyNy4wIKXMDSoASAFQAw%3D%3D"
"Mazda","RX-8","Base","Yellow","2014","parked","2","0","2","Mazdaspeed bumper","https://www.google.dk/maps/@35.4566137,139.4989302,3a,35.4y,359.32h,77.42t/data=!3m8!1e1!3m6!1su1Z8v0LA--OX0f3g_COpsw!2e0!5s20140301T000000!6shttps:%2F%2Fstreetviewpixels-pa.googleapis.com%2Fv1%2Fthumbnail%3Fcb_client%3Dmaps_sv.tactile%26w%3D900%26h%3D600%26pitch%3D12.579999999999998%26panoid%3Du1Z8v0LA--OX0f3g_COpsw%26yaw%3D359.32!7i13312!8i6656?hl=da&entry=ttu&g_ep=EgoyMDI1MDEyNy4wIKXMDSoASAFQAw%3D%3D"
"Mazda","RX-7 FD3S","Base","Blue","2021","parked","6","0","6","Many visual mods","https://www.google.dk/maps/@35.483254,139.6226252,3a,48.9y,309.58h,71.33t/data=!3m8!1e1!3m6!1s94Wa5dOsK3tOGbSZgptdwA!2e0!5s20210701T000000!6shttps:%2F%2Fstreetviewpixels-pa.googleapis.com%2Fv1%2Fthumbnail%3Fcb_client%3Dmaps_sv.tactile%26w%3D900%26h%3D600%26pitch%3D18.67266181913108%26panoid%3D94Wa5dOsK3tOGbSZgptdwA%26yaw%3D309.5827293444095!7i16384!8i8192?hl=da&entry=ttu&g_ep=EgoyMDI1MDEyNy4wIKXMDSoASAFQAw%3D%3D"
"Mazda","RX-7 FD3S","Base","White","2010","parked","6","0","6","","https://www.google.dk/maps/@35.7531378,139.943839,3a,39.2y,341.56h,79.38t/data=!3m8!1e1!3m6!1sp0llfiBEFM3qVzwDcFCOlQ!2e0!5s20101201T000000!6shttps:%2F%2Fstreetviewpixels-pa.googleapis.com%2Fv1%2Fthumbnail%3Fcb_client%3Dmaps_sv.tactile%26w%3D900%26h%3D600%26pitch%3D10.619361107713104%26panoid%3Dp0llfiBEFM3qVzwDcFCOlQ%26yaw%3D341.56!7i13312!8i6656?hl=da&entry=ttu&g_ep=EgoyMDI1MDEyNy4wIKXMDSoASAFQAw%3D%3D"
"Mazda","RX-7 FD3S","Base","Blue","2009","parked","6","0","6","","https://www.google.dk/maps/@35.5309204,139.6100257,3a,54.8y,310.1h,75.79t/data=!3m8!1e1!3m6!1s26sGAfFxkQvd97JYJcz2CQ!2e0!5s20090701T000000!6shttps:%2F%2Fstreetviewpixels-pa.googleapis.com%2Fv1%2Fthumbnail%3Fcb_client%3Dmaps_sv.tactile%26w%3D900%26h%3D600%26pitch%3D14.209999999999994%26panoid%3D26sGAfFxkQvd97JYJcz2CQ%26yaw%3D310.1!7i13312!8i6656?hl=da&entry=ttu&g_ep=EgoyMDI1MDEyNy4wIKXMDSoASAFQAw%3D%3D"
"Mazda","RX-7 FD3S","Base","Red","2014","parked","6","0","6","","https://www.google.dk/maps/@35.7460462,139.6916736,3a,31.7y,201.04h,81.94t/data=!3m8!1e1!3m6!1sziFtnXLr9CjuyUr90KEHxA!2e0!5s20140701T000000!6shttps:%2F%2Fstreetviewpixels-pa.googleapis.com%2Fv1%2Fthumbnail%3Fcb_client%3Dmaps_sv.tactile%26w%3D900%26h%3D600%26pitch%3D8.05854525358123%26panoid%3DziFtnXLr9CjuyUr90KEHxA%26yaw%3D201.03719969772533!7i13312!8i6656?hl=da&entry=ttu&g_ep=EgoyMDI1MDEyNy4wIKXMDSoASAFQAw%3D%3D"
"Mazda","RX-7 FD3S","Base","Blue","2019","parked","6","1","7","Blue car with blue rims, very clean","https://www.google.dk/maps/@35.7451393,139.6492663,3a,53.6y,325.33h,71.8t/data=!3m8!1e1!3m6!1sih1d2_Qmzdz0wWWYrllv5w!2e0!5s20190401T000000!6shttps:%2F%2Fstreetviewpixels-pa.googleapis.com%2Fv1%2Fthumbnail%3Fcb_client%3Dmaps_sv.tactile%26w%3D900%26h%3D600%26pitch%3D18.199884568772248%26panoid%3Dih1d2_Qmzdz0wWWYrllv5w%26yaw%3D325.32910833516394!7i16384!8i8192?hl=da&entry=ttu&g_ep=EgoyMDI1MDEyNy4wIKXMDSoASAFQAw%3D%3D"
"Mazda","RX-7 FD3S","Base","Black","2014","parked","6","0","6","","https://www.google.dk/maps/@35.7791726,139.8369456,3a,32.7y,53.84h,82.47t/data=!3m8!1e1!3m6!1svgPjCtid-ckKD5TqWabf1g!2e0!5s20140401T000000!6shttps:%2F%2Fstreetviewpixels-pa.googleapis.com%2Fv1%2Fthumbnail%3Fcb_client%3Dmaps_sv.tactile%26w%3D900%26h%3D600%26pitch%3D7.533927008936402%26panoid%3DvgPjCtid-ckKD5TqWabf1g%26yaw%3D53.83905601821239!7i13312!8i6656?hl=da&entry=ttu&g_ep=EgoyMDI1MDEyNy4wIKXMDSoASAFQAw%3D%3D"
"Mazda","RX-7 FD3S","Base","Black","2015","parked","6","0","6","All riced out","https://www.google.dk/maps/@35.762676,139.6236736,3a,44.5y,224.61h,81.27t/data=!3m8!1e1!3m6!1sJEhFpatqwHSYtbzeJvgMEg!2e0!5s20150301T000000!6shttps:%2F%2Fstreetviewpixels-pa.googleapis.com%2Fv1%2Fthumbnail%3Fcb_client%3Dmaps_sv.tactile%26w%3D900%26h%3D600%26pitch%3D8.731807557874092%26panoid%3DJEhFpatqwHSYtbzeJvgMEg%26yaw%3D224.61104770644167!7i13312!8i6656?hl=da&entry=ttu&g_ep=EgoyMDI1MDEyNy4wIKXMDSoASAFQAw%3D%3D"
"Mazda","RX-7 FD3S","Base","Green","2009","parked","6","0","6","Looks clean!","https://www.google.dk/maps/@35.7454917,139.5750365,3a,60y,10.04h,71.03t/data=!3m8!1e1!3m6!1sdIIquMtvTVfwJ7g5P0j4Zg!2e0!5s20090801T000000!6shttps:%2F%2Fstreetviewpixels-pa.googleapis.com%2Fv1%2Fthumbnail%3Fcb_client%3Dmaps_sv.tactile%26w%3D900%26h%3D600%26pitch%3D18.96643760812225%26panoid%3DdIIquMtvTVfwJ7g5P0j4Zg%26yaw%3D10.035156649226945!7i13312!8i6656?hl=da&entry=ttu&g_ep=EgoyMDI1MDEyNy4wIKXMDSoASAFQAw%3D%3D"
"Mazda","RX-7 FD3S","Base","Red","2018","parked","6","2","8","Very boxy widebodykit and low-rise wing","https://www.google.dk/maps/@35.841339,139.7696372,3a,25.2y,294.03h,79.29t/data=!3m8!1e1!3m6!1sRFXbok_88a73ia4EdSUzEA!2e0!5s20180801T000000!6shttps:%2F%2Fstreetviewpixels-pa.googleapis.com%2Fv1%2Fthumbnail%3Fcb_client%3Dmaps_sv.tactile%26w%3D900%26h%3D600%26pitch%3D10.706490587077099%26panoid%3DRFXbok_88a73ia4EdSUzEA%26yaw%3D294.0293724094605!7i16384!8i8192?hl=da&entry=ttu&g_ep=EgoyMDI1MDEyNy4wIKXMDSoASAFQAw%3D%3D"
"Mazda","RX-7 FD3S","Base","Yellow","2011","parked","6","0","6","","https://www.google.dk/maps/@35.8153527,139.6831025,3a,35.5y,144.35h,78.98t/data=!3m8!1e1!3m6!1siV_JKOLyfWK_VrxyApReEw!2e0!5s20110101T000000!6shttps:%2F%2Fstreetviewpixels-pa.googleapis.com%2Fv1%2Fthumbnail%3Fcb_client%3Dmaps_sv.tactile%26w%3D900%26h%3D600%26pitch%3D11.022114806993386%26panoid%3DiV_JKOLyfWK_VrxyApReEw%26yaw%3D144.34869870336027!7i13312!8i6656?hl=da&entry=ttu&g_ep=EgoyMDI1MDEyNy4wIKXMDSoASAFQAw%3D%3D"
"Mazda","RX-7 FD3S","Base","Yellow","2018","parked","6","0","6","Heavily modified","https://www.google.dk/maps/@35.86304,139.7636051,3a,30.1y,229.62h,84.01t/data=!3m8!1e1!3m6!1sUH1MX0POciWa-2gHL5E5Dw!2e0!5s20180801T000000!6shttps:%2F%2Fstreetviewpixels-pa.googleapis.com%2Fv1%2Fthumbnail%3Fcb_client%3Dmaps_sv.tactile%26w%3D900%26h%3D600%26pitch%3D5.9934829366631135%26panoid%3DUH1MX0POciWa-2gHL5E5Dw%26yaw%3D229.6162848875716!7i16384!8i8192?hl=da&entry=ttu&g_ep=EgoyMDI1MDEyNy4wIKXMDSoASAFQAw%3D%3D"
"Mazda","RX-7 FD3S","Base","Red","2019","parked","6","0","6","Many aero upgrades","https://www.google.dk/maps/@35.8178116,139.6713527,3a,29.9y,293.09h,84.41t/data=!3m8!1e1!3m6!1seI6HrlKPw1HavYxFM3s86g!2e0!5s20190501T000000!6shttps:%2F%2Fstreetviewpixels-pa.googleapis.com%2Fv1%2Fthumbnail%3Fcb_client%3Dmaps_sv.tactile%26w%3D900%26h%3D600%26pitch%3D5.591520973542899%26panoid%3DeI6HrlKPw1HavYxFM3s86g%26yaw%3D293.0949696618824!7i16384!8i8192?hl=da&entry=ttu&g_ep=EgoyMDI1MDEyNy4wIKXMDSoASAFQAw%3D%3D"
"Mazda","RX-7 FD3S","Base","Blue","2014","parked","6","0","6","","https://www.google.dk/maps/@35.8842994,139.7807171,3a,30.6y,259.55h,80.45t/data=!3m8!1e1!3m6!1swiLwMAzywuuf6YwvpTzXxQ!2e0!5s20201001T000000!6shttps:%2F%2Fstreetviewpixels-pa.googleapis.com%2Fv1%2Fthumbnail%3Fcb_client%3Dmaps_sv.tactile%26w%3D900%26h%3D600%26pitch%3D9.546557962277703%26panoid%3DwiLwMAzywuuf6YwvpTzXxQ%26yaw%3D259.5480329144926!7i13312!8i6656?hl=da&entry=ttu&g_ep=EgoyMDI1MDEyNy4wIKXMDSoASAFQAw%3D%3D"
"Mazda","RX-7 FD3S","Spirit R","Black","2009","parked","7","0","7","","https://www.google.dk/maps/@35.5216686,139.5752519,3a,65.2y,57.43h,72.47t/data=!3m7!1e1!3m5!1sJMQzcFsNqGJJ0PvTsEUO9Q!2e0!6shttps:%2F%2Fstreetviewpixels-pa.googleapis.com%2Fv1%2Fthumbnail%3Fcb_client%3Dmaps_sv.tactile%26w%3D900%26h%3D600%26pitch%3D17.527099401848247%26panoid%3DJMQzcFsNqGJJ0PvTsEUO9Q%26yaw%3D57.430816502800596!7i13312!8i6656?hl=da&entry=ttu&g_ep=EgoyMDI1MDEyNy4wIKXMDSoASAFQAw%3D%3D"
"Mazda","RX-7 FD3S","Base","Red","2009","parked","6","0","6","TE37","https://www.google.dk/maps/@35.7476185,139.5774016,3a,54.7y,188.38h,72.15t/data=!3m8!1e1!3m6!1sHqHpnD8GHLS8NNNc75XE1g!2e0!5s20090801T000000!6shttps:%2F%2Fstreetviewpixels-pa.googleapis.com%2Fv1%2Fthumbnail%3Fcb_client%3Dmaps_sv.tactile%26w%3D900%26h%3D600%26pitch%3D17.851315593736715%26panoid%3DHqHpnD8GHLS8NNNc75XE1g%26yaw%3D188.37941430551447!7i13312!8i6656?hl=da&entry=ttu&g_ep=EgoyMDI1MDEyNy4wIKXMDSoASAFQAw%3D%3D"
"Mazda","RX-7 FD3S","Base","White","2011","parked","6","1","7","Mazdaspeed GT Concept front bumper","https://www.google.dk/maps/@34.3818468,132.4417021,3a,63.3y,236.08h,69.88t/data=!3m8!1e1!3m6!1sB9JdXQ_TMpvYFMaQ3txzAQ!2e0!5s20110601T000000!6shttps:%2F%2Fstreetviewpixels-pa.googleapis.com%2Fv1%2Fthumbnail%3Fcb_client%3Dmaps_sv.tactile%26w%3D900%26h%3D600%26pitch%3D20.12478562697362%26panoid%3DB9JdXQ_TMpvYFMaQ3txzAQ%26yaw%3D236.0790398460706!7i13312!8i6656?hl=da&entry=ttu&g_ep=EgoyMDI1MDEyNy4wIKXMDSoASAFQAw%3D%3D"
"Mazda","RX-7 FD3S","Base","White","2009","parked","6","0","6","Some visual mods","https://www.google.dk/maps/@35.4963756,139.6435048,3a,50.7y,26.25h,74.2t/data=!3m8!1e1!3m6!1sqCcrt1shjgcOscFANCfhDw!2e0!5s20190401T000000!6shttps:%2F%2Fstreetviewpixels-pa.googleapis.com%2Fv1%2Fthumbnail%3Fcb_client%3Dmaps_sv.tactile%26w%3D900%26h%3D600%26pitch%3D15.798528783594179%26panoid%3DqCcrt1shjgcOscFANCfhDw%26yaw%3D26.245779098828326!7i13312!8i6656?hl=da&entry=ttu&g_ep=EgoyMDI1MDEyNy4wIKXMDSoASAFQAw%3D%3D"
"Mazda","RX-7 FC3S","Base","Black","2023","parked","4","1","5","Some visual mods, VeilSide Andrew","https://www.google.dk/maps/@35.7018082,140.0444646,3a,68.1y,114.04h,63.89t/data=!3m8!1e1!3m6!1sSJ1D8TFdYDjJCqo57-gTFg!2e0!5s20230101T000000!6shttps:%2F%2Fstreetviewpixels-pa.googleapis.com%2Fv1%2Fthumbnail%3Fcb_client%3Dmaps_sv.tactile%26w%3D900%26h%3D600%26pitch%3D26.10618278992777%26panoid%3DSJ1D8TFdYDjJCqo57-gTFg%26yaw%3D114.03801357900807!7i16384!8i8192?hl=da&entry=ttu&g_ep=EgoyMDI1MDEyNy4wIKXMDSoASAFQAw%3D%3D"
"Mazda","RX-7 FC3S","Base","Red","2009","parked","4","0.5","4.5","Some visual mods","https://www.google.dk/maps/@35.7339898,139.545587,3a,42.7y,161.61h,82.42t/data=!3m8!1e1!3m6!1sXRzqkfUH5mwqEVh4KbR-aQ!2e0!5s20090801T000000!6shttps:%2F%2Fstreetviewpixels-pa.googleapis.com%2Fv1%2Fthumbnail%3Fcb_client%3Dmaps_sv.tactile%26w%3D900%26h%3D600%26pitch%3D7.579230198123099%26panoid%3DXRzqkfUH5mwqEVh4KbR-aQ%26yaw%3D161.60892473503648!7i13312!8i6656?hl=da&entry=ttu&g_ep=EgoyMDI1MDEyNy4wIKXMDSoASAFQAw%3D%3D"
"Mazda","RX-7 FC3S","Base","Red","2022","parked","4","1","5","RE-Amemiya bodykit","https://www.google.dk/maps/@35.4550319,139.4986745,3a,43.7y,140.14h,74.46t/data=!3m8!1e1!3m6!1syz1PdfweKLXoUvLnd7utVA!2e0!5s20220701T000000!6shttps:%2F%2Fstreetviewpixels-pa.googleapis.com%2Fv1%2Fthumbnail%3Fcb_client%3Dmaps_sv.tactile%26w%3D900%26h%3D600%26pitch%3D15.53567058000823%26panoid%3Dyz1PdfweKLXoUvLnd7utVA%26yaw%3D140.13833738132138!7i16384!8i8192?hl=da&entry=ttu&g_ep=EgoyMDI1MDEyNy4wIKXMDSoASAFQAw%3D%3D"
"Mazda","RX-7 FC3S","Base","White","2015","parked","4","4","8","RE-Amemiya Super G full aero kit","https://www.google.dk/maps/@35.8383104,139.7054176,3a,20.2y,33.75h,82.47t/data=!3m8!1e1!3m6!1sg-wTDg53dnIbl3pZs-9w2A!2e0!5s20150501T000000!6shttps:%2F%2Fstreetviewpixels-pa.googleapis.com%2Fv1%2Fthumbnail%3Fcb_client%3Dmaps_sv.tactile%26w%3D900%26h%3D600%26pitch%3D7.529952817077955%26panoid%3Dg-wTDg53dnIbl3pZs-9w2A%26yaw%3D33.754741660087625!7i13312!8i6656?hl=da&entry=ttu&g_ep=EgoyMDI1MDEyNy4wIKXMDSoASAFQAw%3D%3D"
"Toyota","Chaser","Tourer V","Red","2009","parked","3","0","3","Street drifter","https://www.google.dk/maps/@35.5376043,139.5778408,3a,29.9y,154.89h,83.24t/data=!3m8!1e1!3m6!1s5rut5-OjtyTwZLp1KvAK2A!2e0!5s20090801T000000!6shttps:%2F%2Fstreetviewpixels-pa.googleapis.com%2Fv1%2Fthumbnail%3Fcb_client%3Dmaps_sv.tactile%26w%3D900%26h%3D600%26pitch%3D6.761942197064968%26panoid%3D5rut5-OjtyTwZLp1KvAK2A%26yaw%3D154.88880231342338!7i13312!8i6656?hl=da&entry=ttu&g_ep=EgoyMDI1MDEyNy4wIKXMDSoASAFQAw%3D%3D"
"Toyota","GT86","Base","Yellow","2020","parked","2","4","6","Rocket Bunny aero kit","https://www.google.dk/maps/@35.498857,139.644425,3a,35.9y,303.2h,78.64t/data=!3m8!1e1!3m6!1sNxUwtaaYGMGGSv3KhOV8hQ!2e0!5s20201201T000000!6shttps:%2F%2Fstreetviewpixels-pa.googleapis.com%2Fv1%2Fthumbnail%3Fcb_client%3Dmaps_sv.tactile%26w%3D900%26h%3D600%26pitch%3D11.36%26panoid%3DNxUwtaaYGMGGSv3KhOV8hQ%26yaw%3D303.20369531755466!7i16384!8i8192?hl=da&entry=ttu&g_ep=EgoyMDI1MDEyNy4wIKXMDSoASAFQAw%3D%3D"
"Toyota","Century","G50 V12","Black","2018","parked","5","0","5","","https://www.google.dk/maps/@35.5595013,139.3820203,3a,75y,105.62h,67.67t/data=!3m8!1e1!3m6!1sL63kO2FtXuDPZF4o4qywew!2e0!5s20180901T000000!6shttps:%2F%2Fstreetviewpixels-pa.googleapis.com%2Fv1%2Fthumbnail%3Fcb_client%3Dmaps_sv.tactile%26w%3D900%26h%3D600%26pitch%3D22.33002183312972%26panoid%3DL63kO2FtXuDPZF4o4qywew%26yaw%3D105.62328003832324!7i16384!8i8192?hl=da&entry=ttu&g_ep=EgoyMDI1MDEyNy4wIKXMDSoASAFQAw%3D%3D"
"Toyota","MR2","W20","White","2011","parked","4","4","8","Full TRD 2000GT widebody kit","https://www.google.dk/maps/@35.3373404,139.4136259,3a,44.9y,209.93h,78.03t/data=!3m8!1e1!3m6!1sS_XgVd-6HESyr-U_mTD9pQ!2e0!5s20110101T000000!6shttps:%2F%2Fstreetviewpixels-pa.googleapis.com%2Fv1%2Fthumbnail%3Fcb_client%3Dmaps_sv.tactile%26w%3D900%26h%3D600%26pitch%3D11.965710776313642%26panoid%3DS_XgVd-6HESyr-U_mTD9pQ%26yaw%3D209.92769357334552!7i13312!8i6656?hl=da&entry=ttu&g_ep=EgoyMDI1MDEyNy4wIKXMDSoASAFQAw%3D%3D"
"Toyota","MR2","W30","Blue","2022","parked","4","1","5","Full aero kit","https://www.google.dk/maps/@35.6703837,140.0365228,3a,37.5y,158.6h,77.6t/data=!3m8!1e1!3m6!1sD6Bwhb83-pyWpqkx-nztnw!2e0!5s20150501T000000!6shttps:%2F%2Fstreetviewpixels-pa.googleapis.com%2Fv1%2Fthumbnail%3Fcb_client%3Dmaps_sv.tactile%26w%3D900%26h%3D600%26pitch%3D12.395325213429501%26panoid%3DD6Bwhb83-pyWpqkx-nztnw%26yaw%3D158.60340806099614!7i16384!8i8192?hl=da&entry=ttu&g_ep=EgoyMDI1MDEyNy4wIKXMDSoASAFQAw%3D%3D"
"Toyota","Prius","GR","White","2022","parked","1","1","2","","https://www.google.dk/maps/@35.7271119,139.8897504,3a,22.3y,152.03h,82.88t/data=!3m8!1e1!3m6!1s-iRk4DPKky0gXZCYmWhu4w!2e0!5s20220801T000000!6shttps:%2F%2Fstreetviewpixels-pa.googleapis.com%2Fv1%2Fthumbnail%3Fcb_client%3Dmaps_sv.tactile%26w%3D900%26h%3D600%26pitch%3D7.121156803794591%26panoid%3D-iRk4DPKky0gXZCYmWhu4w%26yaw%3D152.0306803803339!7i16384!8i8192?hl=da&entry=ttu&g_ep=EgoyMDI1MDEyNy4wIKXMDSoASAFQAw%3D%3D"
"Toyota","Celica","TA22","Blue","2018","parked","4","2","6","2000 GT","https://www.google.dk/maps/@35.5368602,139.6920802,3a,43.8y,330.44h,74.55t/data=!3m8!1e1!3m6!1sOQCOfaVP5KWJgRTlIjbluQ!2e0!5s20180701T000000!6shttps:%2F%2Fstreetviewpixels-pa.googleapis.com%2Fv1%2Fthumbnail%3Fcb_client%3Dmaps_sv.tactile%26w%3D900%26h%3D600%26pitch%3D15.451918682822566%26panoid%3DOQCOfaVP5KWJgRTlIjbluQ%26yaw%3D330.44002287110305!7i16384!8i8192?hl=da&entry=ttu&g_ep=EgoyMDI1MDEyNy4wIKXMDSoASAFQAw%3D%3D"
"Toyota","Celica","TA60","White","2009","parked","4","0","4","","https://www.google.dk/maps/@35.4633738,139.5047865,3a,30y,247.8h,78.98t/data=!3m8!1e1!3m6!1sCdv47WIbgN80dCd1BO0sBQ!2e0!5s20091101T000000!6shttps:%2F%2Fstreetviewpixels-pa.googleapis.com%2Fv1%2Fthumbnail%3Fcb_client%3Dmaps_sv.tactile%26w%3D900%26h%3D600%26pitch%3D11.019999999999996%26panoid%3DCdv47WIbgN80dCd1BO0sBQ%26yaw%3D247.8!7i13312!8i6656?hl=da&entry=ttu&g_ep=EgoyMDI1MDEyNy4wIKXMDSoASAFQAw%3D%3D"
"Toyota","Aristo","JZS161","Black","2016","parked","3","2","5","","https://www.google.dk/maps/@35.7358572,139.657161,3a,67.3y,319.58h,70.96t/data=!3m8!1e1!3m6!1sTx-bYlGJAflXitjtaqaPVA!2e0!5s20161101T000000!6shttps:%2F%2Fstreetviewpixels-pa.googleapis.com%2Fv1%2Fthumbnail%3Fcb_client%3Dmaps_sv.tactile%26w%3D900%26h%3D600%26pitch%3D19.041068215211254%26panoid%3DTx-bYlGJAflXitjtaqaPVA%26yaw%3D319.5789027281565!7i13312!8i6656?hl=da&entry=ttu&g_ep=EgoyMDI1MDEyNy4wIKXMDSoASAFQAw%3D%3D"
"Nissan","Skyline R32","GTS-T","Grey","2011","parked","3","0","3","Missing front bumper","https://www.google.dk/maps/@35.554731,139.395861,3a,37.1y,56.81h,79.31t/data=!3m8!1e1!3m6!1sw-f8Q4vHrhFUCNrq4igCQA!2e0!5s20110301T000000!6shttps:%2F%2Fstreetviewpixels-pa.googleapis.com%2Fv1%2Fthumbnail%3Fcb_client%3Dmaps_sv.tactile%26w%3D900%26h%3D600%26pitch%3D10.694967970330126%26panoid%3Dw-f8Q4vHrhFUCNrq4igCQA%26yaw%3D56.813753274705434!7i13312!8i6656?hl=da&entry=ttu&g_ep=EgoyMDI1MDEyNy4wIKXMDSoASAFQAw%3D%3D"
"Mitsubishi","Lancer Evolution","VI","Black","2011","driving","5","0","5","","https://www.google.dk/maps/@35.5549575,139.3955996,3a,76.6y,188.9h,66.26t/data=!3m8!1e1!3m6!1sECI0AtiOe7KEGfZi3PSorQ!2e0!5s20110301T000000!6shttps:%2F%2Fstreetviewpixels-pa.googleapis.com%2Fv1%2Fthumbnail%3Fcb_client%3Dmaps_sv.tactile%26w%3D900%26h%3D600%26pitch%3D23.73881262734848%26panoid%3DECI0AtiOe7KEGfZi3PSorQ%26yaw%3D188.9031692646938!7i13312!8i6656?hl=da&entry=ttu&g_ep=EgoyMDI1MDEyNy4wIKXMDSoASAFQAw%3D%3D"
"Mazda","RX-7 FD3S","Base","White","2010","parked","6","0","6","","https://www.google.dk/maps/@35.560973,139.3865663,3a,74y,198.32h,73.18t/data=!3m8!1e1!3m6!1siHm6zLmMp52UBr7kcNKn4w!2e0!5s20100401T000000!6shttps:%2F%2Fstreetviewpixels-pa.googleapis.com%2Fv1%2Fthumbnail%3Fcb_client%3Dmaps_sv.tactile%26w%3D900%26h%3D600%26pitch%3D16.818359039538677%26panoid%3DiHm6zLmMp52UBr7kcNKn4w%26yaw%3D198.32487190538623!7i13312!8i6656?hl=da&entry=ttu&g_ep=EgoyMDI1MDEyNy4wIKXMDSoASAFQAw%3D%3D"
"Nissan","Skyline R34","GT-R","White","2024","parked","8","0","8","Looks abandoned, doesn't move throughout the years","https://www.google.dk/maps/@35.5607759,139.3887967,3a,42.5y,294.68h,77.81t/data=!3m8!1e1!3m6!1s8pBJYFQLVv1RzFxvYuzMsA!2e0!5s20240201T000000!6shttps:%2F%2Fstreetviewpixels-pa.googleapis.com%2Fv1%2Fthumbnail%3Fcb_client%3Dmaps_sv.tactile%26w%3D900%26h%3D600%26pitch%3D12.191282252596437%26panoid%3D8pBJYFQLVv1RzFxvYuzMsA%26yaw%3D294.6761324552906!7i16384!8i8192?hl=da&entry=ttu&g_ep=EgoyMDI1MDEyNy4wIKXMDSoASAFQAw%3D%3D"
"Toyota","MR2","Base","Black","2015","parked","4","1","5","Some aero mods","https://www.google.dk/maps/@35.5646913,139.3946144,3a,48.9y,224.73h,78.35t/data=!3m8!1e1!3m6!1s8rgkWPR_HFDWJi3g9crWSQ!2e0!5s20150301T000000!6shttps:%2F%2Fstreetviewpixels-pa.googleapis.com%2Fv1%2Fthumbnail%3Fcb_client%3Dmaps_sv.tactile%26w%3D900%26h%3D600%26pitch%3D11.646718903388916%26panoid%3D8rgkWPR_HFDWJi3g9crWSQ%26yaw%3D224.73434874685466!7i13312!8i6656?hl=da&entry=ttu&g_ep=EgoyMDI1MDEyNy4wIKXMDSoASAFQAw%3D%3D"
"Other","German","Other","Red","2011","parked","1","7","8","23-window VW Samba bus","https://www.google.dk/maps/@35.5697345,139.4044663,3a,65y,119.72h,77.73t/data=!3m8!1e1!3m6!1saCPffg_N8nDW_zVg7nkDvQ!2e0!5s20110301T000000!6shttps:%2F%2Fstreetviewpixels-pa.googleapis.com%2Fv1%2Fthumbnail%3Fcb_client%3Dmaps_sv.tactile%26w%3D900%26h%3D600%26pitch%3D12.267923690472472%26panoid%3DaCPffg_N8nDW_zVg7nkDvQ%26yaw%3D119.72228500337476!7i13312!8i6656?hl=da&entry=ttu&g_ep=EgoyMDI1MDEyNy4wIKXMDSoASAFQAw%3D%3D"
"Nissan","Skyline R33","GT-R","White","2015","parked","7","0","7","GT-R with GTS-T rims, disrespected and abandoned","https://www.google.dk/maps/@35.5702334,139.4052135,3a,37.6y,13.57h,83.54t/data=!3m8!1e1!3m6!1sWJpcj7dmXmqL3prf0g_bAA!2e0!5s20150401T000000!6shttps:%2F%2Fstreetviewpixels-pa.googleapis.com%2Fv1%2Fthumbnail%3Fcb_client%3Dmaps_sv.tactile%26w%3D900%26h%3D600%26pitch%3D6.460587497485463%26panoid%3DWJpcj7dmXmqL3prf0g_bAA%26yaw%3D13.5745488502021!7i13312!8i6656?hl=da&entry=ttu&g_ep=EgoyMDI1MDEyNy4wIKXMDSoASAFQAw%3D%3D"
"Subaru","Impreza Meaneye","WRX STi","White","2010","parked","6","0","6","","https://www.google.dk/maps/@35.5818348,139.4016107,3a,48.9y,310.57h,72.96t/data=!3m8!1e1!3m6!1sTwFFyOO9RjWOm6M55F54xQ!2e0!5s20101101T000000!6shttps:%2F%2Fstreetviewpixels-pa.googleapis.com%2Fv1%2Fthumbnail%3Fcb_client%3Dmaps_sv.tactile%26w%3D900%26h%3D600%26pitch%3D17.043324380396513%26panoid%3DTwFFyOO9RjWOm6M55F54xQ%26yaw%3D310.57133004716195!7i13312!8i6656?hl=da&entry=ttu&g_ep=EgoyMDI1MDEyNy4wIKXMDSoASAFQAw%3D%3D"
"Toyota","Century","G50 V12","Black","2010","driving","5","0","5","","https://www.google.dk/maps/@35.5832791,139.4030846,3a,28.6y,356.93h,87.57t/data=!3m8!1e1!3m6!1sb5WI3ijk3zIpYyj3G8QwLA!2e0!5s20101101T000000!6shttps:%2F%2Fstreetviewpixels-pa.googleapis.com%2Fv1%2Fthumbnail%3Fcb_client%3Dmaps_sv.tactile%26w%3D900%26h%3D600%26pitch%3D2.432098029228868%26panoid%3Db5WI3ijk3zIpYyj3G8QwLA%26yaw%3D356.9273998183305!7i13312!8i6656?hl=da&entry=ttu&g_ep=EgoyMDI1MDEyNy4wIKXMDSoASAFQAw%3D%3D"
"Toyota","Corolla AE86","Trueno","White","2015","parked","6","0","6","Panda theme","https://www.google.dk/maps/@35.6332678,139.5414827,3a,34.1y,65.54h,84.48t/data=!3m8!1e1!3m6!1sUPkHja0_tpd1bK0ZZZNeeQ!2e0!5s20150301T000000!6shttps:%2F%2Fstreetviewpixels-pa.googleapis.com%2Fv1%2Fthumbnail%3Fcb_client%3Dmaps_sv.tactile%26w%3D900%26h%3D600%26pitch%3D5.519999999999996%26panoid%3DUPkHja0_tpd1bK0ZZZNeeQ%26yaw%3D65.54!7i13312!8i6656?hl=da&entry=ttu&g_ep=EgoyMDI1MDEyNi4wIKXMDSoASAFQAw%3D%3D"
"Toyota","Corolla AE86","Levin","White","2009","parked","6","0","6","Disrespected","https://www.google.dk/maps/@35.559225,139.6323424,3a,31.5y,80.79h,77.11t/data=!3m8!1e1!3m6!1sH1T7-7dpQYFxZzHDe1q2ww!2e0!5s20090901T000000!6shttps:%2F%2Fstreetviewpixels-pa.googleapis.com%2Fv1%2Fthumbnail%3Fcb_client%3Dmaps_sv.tactile%26w%3D900%26h%3D600%26pitch%3D12.89076562570736%26panoid%3DH1T7-7dpQYFxZzHDe1q2ww%26yaw%3D80.78774726612356!7i13312!8i6656?hl=da&entry=ttu&g_ep=EgoyMDI1MDEyNi4wIKXMDSoASAFQAw%3D%3D"
"Toyota","Corolla AE86","Levin","White","2009","parked","6","0","6","Panda theme","https://www.google.dk/maps/@35.5055272,139.660523,3a,58.4y,95.39h,81.4t/data=!3m8!1e1!3m6!1s1TWwz-2xeJE7zexd6AvBmg!2e0!5s20090701T000000!6shttps:%2F%2Fstreetviewpixels-pa.googleapis.com%2Fv1%2Fthumbnail%3Fcb_client%3Dmaps_sv.tactile%26w%3D900%26h%3D600%26pitch%3D8.599999999999994%26panoid%3D1TWwz-2xeJE7zexd6AvBmg%26yaw%3D95.39!7i13312!8i6656?hl=da&entry=ttu&g_ep=EgoyMDI1MDEyNi4wIKXMDSoASAFQAw%3D%3D"
"Toyota","Corolla AE86","Levin","White","2020","parked","6","0","6","","https://www.google.dk/maps/@35.7415519,139.6876442,3a,62.9y,153.59h,73.83t/data=!3m8!1e1!3m6!1sCBC2uly2ujq2kTDcPDgg6A!2e0!5s20201101T000000!6shttps:%2F%2Fstreetviewpixels-pa.googleapis.com%2Fv1%2Fthumbnail%3Fcb_client%3Dmaps_sv.tactile%26w%3D900%26h%3D600%26pitch%3D16.17%26panoid%3DCBC2uly2ujq2kTDcPDgg6A%26yaw%3D153.59!7i16384!8i8192?hl=da&entry=ttu&g_ep=EgoyMDI1MDEyNi4wIKXMDSoASAFQAw%3D%3D"
"Toyota","Corolla AE86","Levin","White","2015","parked","6","0","6","Disrespected","https://www.google.dk/maps/@35.7015867,139.903203,3a,19.4y,207.99h,82.92t/data=!3m8!1e1!3m6!1sN8H4LcO1ODYTJ2AeuaO01w!2e0!5s20150301T000000!6shttps:%2F%2Fstreetviewpixels-pa.googleapis.com%2Fv1%2Fthumbnail%3Fcb_client%3Dmaps_sv.tactile%26w%3D900%26h%3D600%26pitch%3D7.079999999999998%26panoid%3DN8H4LcO1ODYTJ2AeuaO01w%26yaw%3D207.99!7i13312!8i6656?hl=da&entry=ttu&g_ep=EgoyMDI1MDEyNi4wIKXMDSoASAFQAw%3D%3D"
"Toyota","Corolla AE86","Trueno","Red","2010","parked","6","0","6","","https://www.google.dk/maps/@35.727485,140.1175586,3a,46.1y,290.18h,76t/data=!3m8!1e1!3m6!1s6OCvQuBxyNecMjshBdK2wA!2e0!5s20100301T000000!6shttps:%2F%2Fstreetviewpixels-pa.googleapis.com%2Fv1%2Fthumbnail%3Fcb_client%3Dmaps_sv.tactile%26w%3D900%26h%3D600%26pitch%3D14.000088582615746%26panoid%3D6OCvQuBxyNecMjshBdK2wA%26yaw%3D290.18238755498174!7i13312!8i6656?hl=da&entry=ttu&g_ep=EgoyMDI1MDEyNi4wIKXMDSoASAFQAw%3D%3D"
"Toyota","Corolla AE86","Levin","White","2009","parked","6","0","6","Panda theme","https://www.google.dk/maps/@35.6595608,139.5524189,3a,43.1y,259.41h,71.41t/data=!3m8!1e1!3m6!1sxVXhRzf5mB4B9iR-nWuwhQ!2e0!5s20090701T000000!6shttps:%2F%2Fstreetviewpixels-pa.googleapis.com%2Fv1%2Fthumbnail%3Fcb_client%3Dmaps_sv.tactile%26w%3D900%26h%3D600%26pitch%3D18.593084194327716%26panoid%3DxVXhRzf5mB4B9iR-nWuwhQ%26yaw%3D259.4098939289352!7i13312!8i6656?hl=da&entry=ttu&g_ep=EgoyMDI1MDEyNi4wIKXMDSoASAFQAw%3D%3D"
"Toyota","Corolla AE86","Trueno","White","2019","parked","6","0","6","Panda theme, disrespected and abandoned","https://www.google.dk/maps/@35.7724163,139.7788753,3a,15y,67.4h,83.2t/data=!3m8!1e1!3m6!1sqtg_MgtB0s7MzwjL4CxyEg!2e0!5s20190401T000000!6shttps:%2F%2Fstreetviewpixels-pa.googleapis.com%2Fv1%2Fthumbnail%3Fcb_client%3Dmaps_sv.tactile%26w%3D900%26h%3D600%26pitch%3D6.8035580165491325%26panoid%3Dqtg_MgtB0s7MzwjL4CxyEg%26yaw%3D67.3997427342484!7i16384!8i8192?hl=da&entry=ttu&g_ep=EgoyMDI1MDEyNi4wIKXMDSoASAFQAw%3D%3D"
"Toyota","Corolla AE86","Levin","White","2018","parked","6","0","6","Pink Weds Tri-Spoke, panda theme","https://www.google.dk/maps/@35.5296006,139.4983449,3a,32.8y,327.32h,79.96t/data=!3m8!1e1!3m6!1sM1WXatKmwpzP7JO-FGu4BA!2e0!5s20180701T000000!6shttps:%2F%2Fstreetviewpixels-pa.googleapis.com%2Fv1%2Fthumbnail%3Fcb_client%3Dmaps_sv.tactile%26w%3D900%26h%3D600%26pitch%3D10.040000000000006%26panoid%3DM1WXatKmwpzP7JO-FGu4BA%26yaw%3D327.32!7i16384!8i8192?hl=da&entry=ttu&g_ep=EgoyMDI1MDEyNi4wIKXMDSoASAFQAw%3D%3D"
"Toyota","Corolla AE86","Levin","White","2010","parked","6","0","6","Panda theme","https://www.google.dk/maps/@35.820868,139.7496344,3a,27.6y,106.72h,80.58t/data=!3m8!1e1!3m6!1sYfVHRfhXChQVZwepVc9QLQ!2e0!5s20101001T000000!6shttps:%2F%2Fstreetviewpixels-pa.googleapis.com%2Fv1%2Fthumbnail%3Fcb_client%3Dmaps_sv.tactile%26w%3D900%26h%3D600%26pitch%3D9.422729140130627%26panoid%3DYfVHRfhXChQVZwepVc9QLQ%26yaw%3D106.71545339071851!7i13312!8i6656?hl=da&entry=ttu&g_ep=EgoyMDI1MDEyNi4wIKXMDSoASAFQAw%3D%3D"
"Toyota","Corolla AE86","Trueno","White","2020","parked","6","2","8","Fully specced race car with stripped interior, disrespected and abandoned","https://www.google.dk/maps/@35.5309392,139.533392,3a,46.7y,132.73h,76.98t/data=!3m8!1e1!3m6!1sUNvE7ex75DPZECMYO7-dMg!2e0!5s20200701T000000!6shttps:%2F%2Fstreetviewpixels-pa.googleapis.com%2Fv1%2Fthumbnail%3Fcb_client%3Dmaps_sv.tactile%26w%3D900%26h%3D600%26pitch%3D13.023765862150952%26panoid%3DUNvE7ex75DPZECMYO7-dMg%26yaw%3D132.7300621139738!7i16384!8i8192?hl=da&entry=ttu&g_ep=EgoyMDI1MDEyNi4wIKXMDSoASAFQAw%3D%3D"
"Toyota","Corolla AE86","Levin","Black","2014","parked","6","0","6","","https://www.google.dk/maps/@35.547852,139.5343038,3a,35.9y,286.09h,82.8t/data=!3m8!1e1!3m6!1s_oOME2MRhymj8JY0dwrlAQ!2e0!5s20150601T000000!6shttps:%2F%2Fstreetviewpixels-pa.googleapis.com%2Fv1%2Fthumbnail%3Fcb_client%3Dmaps_sv.tactile%26w%3D900%26h%3D600%26pitch%3D7.200000000000003%26panoid%3D_oOME2MRhymj8JY0dwrlAQ%26yaw%3D286.09!7i13312!8i6656?hl=da&entry=ttu&g_ep=EgoyMDI1MDEyNi4wIKXMDSoASAFQAw%3D%3D"
"Toyota","Corolla AE86","Trueno","White","2020","parked","6","0","6","Initial D style, yellow fog lights, panda theme, Watanabe R-type","https://www.google.dk/maps/@35.706479,139.4196034,3a,32.7y,194.05h,83.68t/data=!3m8!1e1!3m6!1sRkmkem_NDG5ZTv-Sy-o8Ag!2e0!5s20201201T000000!6shttps:%2F%2Fstreetviewpixels-pa.googleapis.com%2Fv1%2Fthumbnail%3Fcb_client%3Dmaps_sv.tactile%26w%3D900%26h%3D600%26pitch%3D6.319999999999993%26panoid%3DRkmkem_NDG5ZTv-Sy-o8Ag%26yaw%3D194.05!7i16384!8i8192?hl=da&entry=ttu&g_ep=EgoyMDI1MDEyNi4wIKXMDSoASAFQAw%3D%3D"
"Toyota","Corolla AE86","Trueno","Yellow","2010","parked","6","2","8","Fully modded track car","https://www.google.dk/maps/@35.403247,139.492612,3a,64.3y,73.88h,70.84t/data=!3m8!1e1!3m6!1sTHjM-Axv924_QoXSeGjnSw!2e0!5s20100901T000000!6shttps:%2F%2Fstreetviewpixels-pa.googleapis.com%2Fv1%2Fthumbnail%3Fcb_client%3Dmaps_sv.tactile%26w%3D900%26h%3D600%26pitch%3D19.15877306184339%26panoid%3DTHjM-Axv924_QoXSeGjnSw%26yaw%3D73.88470289101089!7i13312!8i6656?hl=da&entry=ttu&g_ep=EgoyMDI1MDEyNi4wIKXMDSoASAFQAw%3D%3D"
"Toyota","Corolla AE86","Trueno","Black","2014","parked","6","3","9","Black Limited edition","https://www.google.dk/maps/@35.4753104,139.4511976,3a,36.4y,84.17h,78.3t/data=!3m8!1e1!3m6!1sbKAPWLEwKqg7FNqQFVhj7Q!2e0!5s20140301T000000!6shttps:%2F%2Fstreetviewpixels-pa.googleapis.com%2Fv1%2Fthumbnail%3Fcb_client%3Dmaps_sv.tactile%26w%3D900%26h%3D600%26pitch%3D11.697205796129154%26panoid%3DbKAPWLEwKqg7FNqQFVhj7Q%26yaw%3D84.16957276142898!7i13312!8i6656?hl=da&entry=ttu&g_ep=EgoyMDI1MDEyNi4wIKXMDSoASAFQAw%3D%3D"
"Toyota","Supra A70","Base","Black","2021","parked","6","0","6","Disrespected and abandoned","https://www.google.dk/maps/@35.7385937,139.5825009,3a,42.5y,41.12h,83.3t/data=!3m8!1e1!3m6!1sW8zOeXUqf8g9x8zGDB9Isg!2e0!5s20210401T000000!6shttps:%2F%2Fstreetviewpixels-pa.googleapis.com%2Fv1%2Fthumbnail%3Fcb_client%3Dmaps_sv.tactile%26w%3D900%26h%3D600%26pitch%3D6.702826454644679%26panoid%3DW8zOeXUqf8g9x8zGDB9Isg%26yaw%3D41.122325430716465!7i16384!8i8192?hl=da&entry=ttu&g_ep=EgoyMDI1MDEyNi4wIKXMDSoASAFQAw%3D%3D"
"Toyota","Supra A80","Series I","Silver","2009","parked","7","0","7","Hiding behind a couple doing garden work","https://www.google.dk/maps/@35.4614027,139.5000528,3a,41.4y,331.15h,81.11t/data=!3m8!1e1!3m6!1sVnI4IE823OGOfhdp9wB-tA!2e0!5s20091101T000000!6shttps:%2F%2Fstreetviewpixels-pa.googleapis.com%2Fv1%2Fthumbnail%3Fcb_client%3Dmaps_sv.tactile%26w%3D900%26h%3D600%26pitch%3D8.894897846522198%26panoid%3DVnI4IE823OGOfhdp9wB-tA%26yaw%3D331.1530441745977!7i13312!8i6656?hl=da&entry=ttu&g_ep=EgoyMDI1MDEyNi4wIKXMDSoASAFQAw%3D%3D"
"Toyota","Supra A80","Series II","Grey","2014","parked","7","0","7","","https://www.google.dk/maps/@35.5161456,139.5590296,3a,48.6y,240.93h,76.17t/data=!3m8!1e1!3m6!1sI76qbF-z9EA2DTPcHzZW2w!2e0!5s20140201T000000!6shttps:%2F%2Fstreetviewpixels-pa.googleapis.com%2Fv1%2Fthumbnail%3Fcb_client%3Dmaps_sv.tactile%26w%3D900%26h%3D600%26pitch%3D13.834616640353246%26panoid%3DI76qbF-z9EA2DTPcHzZW2w%26yaw%3D240.9306674316871!7i13312!8i6656?hl=da&entry=ttu&g_ep=EgoyMDI1MDEyNi4wIKXMDSoASAFQAw%3D%3D"
"Toyota","Supra A80","Series I","Silver","2009","parked","7","0","7","","https://www.google.dk/maps/@35.5738257,139.5647954,3a,19.8y,17.87h,85.25t/data=!3m8!1e1!3m6!1sZm0PMk4kBZX5wksvv51I0A!2e0!5s20090701T000000!6shttps:%2F%2Fstreetviewpixels-pa.googleapis.com%2Fv1%2Fthumbnail%3Fcb_client%3Dmaps_sv.tactile%26w%3D900%26h%3D600%26pitch%3D4.75063576926722%26panoid%3DZm0PMk4kBZX5wksvv51I0A%26yaw%3D17.868721086419733!7i13312!8i6656?hl=da&entry=ttu&g_ep=EgoyMDI1MDEyNi4wIKXMDSoASAFQAw%3D%3D"
"Toyota","Supra A80","Series I","Black","2013","parked","7","0","7","","https://www.google.dk/maps/@34.9917982,135.8069586,3a,15y,139.38h,87.93t/data=!3m8!1e1!3m6!1sVGvmrjyA2fAURZ-piwLR8Q!2e0!5s20131001T000000!6shttps:%2F%2Fstreetviewpixels-pa.googleapis.com%2Fv1%2Fthumbnail%3Fcb_client%3Dmaps_sv.tactile%26w%3D900%26h%3D600%26pitch%3D2.066891497272067%26panoid%3DVGvmrjyA2fAURZ-piwLR8Q%26yaw%3D139.37639792991988!7i13312!8i6656?hl=da&entry=ttu&g_ep=EgoyMDI1MDEyNi4wIKXMDSoASAFQAw%3D%3D"
"Toyota","Supra A80","Series II","Black","2009","parked","7","0","7","Some visual mods","https://www.google.dk/maps/@35.6396126,139.5231811,3a,21.6y,248.16h,83.3t/data=!3m8!1e1!3m6!1s5Bn8Tp756MF80TpUxI0iHQ!2e0!5s20090801T000000!6shttps:%2F%2Fstreetviewpixels-pa.googleapis.com%2Fv1%2Fthumbnail%3Fcb_client%3Dmaps_sv.tactile%26w%3D900%26h%3D600%26pitch%3D6.700000000000003%26panoid%3D5Bn8Tp756MF80TpUxI0iHQ%26yaw%3D248.16!7i13312!8i6656?hl=da&entry=ttu&g_ep=EgoyMDI1MDEyNi4wIKXMDSoASAFQAw%3D%3D"
"Toyota","Supra A80","Series I","Black","2009","parked","7","0","7","","https://www.google.dk/maps/@35.5299822,139.6098737,3a,33.7y,16.41h,79.45t/data=!3m8!1e1!3m6!1sGbTYAp0VcKzevWJM3m44RA!2e0!5s20090701T000000!6shttps:%2F%2Fstreetviewpixels-pa.googleapis.com%2Fv1%2Fthumbnail%3Fcb_client%3Dmaps_sv.tactile%26w%3D900%26h%3D600%26pitch%3D10.549999999999997%26panoid%3DGbTYAp0VcKzevWJM3m44RA%26yaw%3D16.41!7i13312!8i6656?hl=da&entry=ttu&g_ep=EgoyMDI1MDEyNi4wIKXMDSoASAFQAw%3D%3D"
"Toyota","Supra A80","Series II","Red","2014","parked","7","0","7","","https://www.google.dk/maps/@35.545306,139.6341687,3a,36.1y,241.8h,82.23t/data=!3m8!1e1!3m6!1s05a--Cg7hLI0_UcgHnI5jw!2e0!5s20140401T000000!6shttps:%2F%2Fstreetviewpixels-pa.googleapis.com%2Fv1%2Fthumbnail%3Fcb_client%3Dmaps_sv.tactile%26w%3D900%26h%3D600%26pitch%3D7.765670309128964%26panoid%3D05a--Cg7hLI0_UcgHnI5jw%26yaw%3D241.80048654319873!7i13312!8i6656?hl=da&entry=ttu&g_ep=EgoyMDI1MDEyNi4wIKXMDSoASAFQAw%3D%3D"
"Toyota","Supra A80","Series II","White","2009","parked","7","0","7","","https://www.google.dk/maps/@35.7408502,139.6864516,3a,39.9y,102.52h,75.11t/data=!3m8!1e1!3m6!1s-hbOe39N8zsx5FL4YSyPxQ!2e0!5s20091001T000000!6shttps:%2F%2Fstreetviewpixels-pa.googleapis.com%2Fv1%2Fthumbnail%3Fcb_client%3Dmaps_sv.tactile%26w%3D900%26h%3D600%26pitch%3D14.88975241770018%26panoid%3D-hbOe39N8zsx5FL4YSyPxQ%26yaw%3D102.5186550803915!7i13312!8i6656?hl=da&entry=ttu&g_ep=EgoyMDI1MDEyNi4wIKXMDSoASAFQAw%3D%3D"
"Toyota","Supra A80","Series I","Red","2009","parked","7","0","7","","https://www.google.dk/maps/@35.576646,139.6305341,3a,21.6y,287.33h,85.44t/data=!3m8!1e1!3m6!1s7xMpgPH69uIIn8BuQ1XOpw!2e0!5s20090801T000000!6shttps:%2F%2Fstreetviewpixels-pa.googleapis.com%2Fv1%2Fthumbnail%3Fcb_client%3Dmaps_sv.tactile%26w%3D900%26h%3D600%26pitch%3D4.564229037152288%26panoid%3D7xMpgPH69uIIn8BuQ1XOpw%26yaw%3D287.33213209710163!7i13312!8i6656?hl=da&entry=ttu&g_ep=EgoyMDI1MDEyNi4wIKXMDSoASAFQAw%3D%3D"
"Toyota","Supra A80","Series I","Red","2013","parked","7","0","7","","https://www.google.dk/maps/@35.7808693,139.8684372,3a,75y,339h,75.42t/data=!3m8!1e1!3m6!1sILLjEp9NZRBuqn39uxUVEQ!2e0!5s20130701T000000!6shttps:%2F%2Fstreetviewpixels-pa.googleapis.com%2Fv1%2Fthumbnail%3Fcb_client%3Dmaps_sv.tactile%26w%3D900%26h%3D600%26pitch%3D14.575145119080375%26panoid%3DILLjEp9NZRBuqn39uxUVEQ%26yaw%3D338.99795395748527!7i13312!8i6656?hl=da&entry=ttu&g_ep=EgoyMDI1MDEyNi4wIKXMDSoASAFQAw%3D%3D"
"Toyota","Supra A80","Series I","Black","2010","parked","7","0","7","","https://www.google.dk/maps/@35.7278416,140.1052791,3a,34.8y,271.16h,82.57t/data=!3m8!1e1!3m6!1sHoUKLAPll94jgmJnOOnuQQ!2e0!5s20100301T000000!6shttps:%2F%2Fstreetviewpixels-pa.googleapis.com%2Fv1%2Fthumbnail%3Fcb_client%3Dmaps_sv.tactile%26w%3D900%26h%3D600%26pitch%3D7.43069377591452%26panoid%3DHoUKLAPll94jgmJnOOnuQQ%26yaw%3D271.15711305262306!7i13312!8i6656?hl=da&entry=ttu&g_ep=EgoyMDI1MDEyNi4wIKXMDSoASAFQAw%3D%3D"
"Toyota","Supra A80","Series I","Black","2019","parked","7","0","7","","https://www.google.dk/maps/@35.744967,139.5760313,3a,15y,337.69h,86.79t/data=!3m8!1e1!3m6!1sL5YJVl--GwiAg_0oTpBJbw!2e0!5s20190701T000000!6shttps:%2F%2Fstreetviewpixels-pa.googleapis.com%2Fv1%2Fthumbnail%3Fcb_client%3Dmaps_sv.tactile%26w%3D900%26h%3D600%26pitch%3D3.2119545411200363%26panoid%3DL5YJVl--GwiAg_0oTpBJbw%26yaw%3D337.68694741247174!7i16384!8i8192?hl=da&entry=ttu&g_ep=EgoyMDI1MDEyNi4wIKXMDSoASAFQAw%3D%3D"
"Toyota","Supra A80","Series I","Black","2016","parked","7","0","7","","https://www.google.dk/maps/@35.7472295,139.5733639,3a,62.2y,157.27h,68.57t/data=!3m8!1e1!3m6!1sehesVUvHQyCl6lbTmbauQw!2e0!5s20161101T000000!6shttps:%2F%2Fstreetviewpixels-pa.googleapis.com%2Fv1%2Fthumbnail%3Fcb_client%3Dmaps_sv.tactile%26w%3D900%26h%3D600%26pitch%3D21.427801542067584%26panoid%3DehesVUvHQyCl6lbTmbauQw%26yaw%3D157.27014523795484!7i13312!8i6656?hl=da&entry=ttu&g_ep=EgoyMDI1MDEyNi4wIKXMDSoASAFQAw%3D%3D"
"Toyota","Supra A80","Series II","Silver","2010","parked","7","0","7","","https://www.google.dk/maps/@35.7120767,139.374657,3a,19.3y,55.31h,85.06t/data=!3m8!1e1!3m6!1sbRBJfBebbtHLkglemH0Zbw!2e0!5s20101101T000000!6shttps:%2F%2Fstreetviewpixels-pa.googleapis.com%2Fv1%2Fthumbnail%3Fcb_client%3Dmaps_sv.tactile%26w%3D900%26h%3D600%26pitch%3D4.939999999999998%26panoid%3DbRBJfBebbtHLkglemH0Zbw%26yaw%3D55.31!7i13312!8i6656?hl=da&entry=ttu&g_ep=EgoyMDI1MDEyNi4wIKXMDSoASAFQAw%3D%3D"
"Toyota","Supra A80","Series I","Silver","2010","parked","7","0","7","Small boot lid wing","https://www.google.dk/maps/@35.9135111,139.7636147,3a,32.9y,315.26h,78.83t/data=!3m8!1e1!3m6!1s0TcSFw8zk673j9L5TyjiQA!2e0!5s20100801T000000!6shttps:%2F%2Fstreetviewpixels-pa.googleapis.com%2Fv1%2Fthumbnail%3Fcb_client%3Dmaps_sv.tactile%26w%3D900%26h%3D600%26pitch%3D11.16559740244702%26panoid%3D0TcSFw8zk673j9L5TyjiQA%26yaw%3D315.26351004689786!7i13312!8i6656?hl=da&entry=ttu&g_ep=EgoyMDI1MDEyNi4wIKXMDSoASAFQAw%3D%3D"
"Toyota","Supra A80","Series II","Silver","2019","parked","7","0","7","Full VeilSide Combat C1 bumper and skirts, heavily damaged fender","https://www.google.dk/maps/@35.9045925,139.7788035,3a,15y,18.13h,85.88t/data=!3m8!1e1!3m6!1skKKIneFz-jHsRDsZZNhD4Q!2e0!5s20190601T000000!6shttps:%2F%2Fstreetviewpixels-pa.googleapis.com%2Fv1%2Fthumbnail%3Fcb_client%3Dmaps_sv.tactile%26w%3D900%26h%3D600%26pitch%3D4.1208645949486%26panoid%3DkKKIneFz-jHsRDsZZNhD4Q%26yaw%3D18.125590207528838!7i16384!8i8192?hl=da&entry=ttu&g_ep=EgoyMDI1MDEyNi4wIKXMDSoASAFQAw%3D%3D"
"Toyota","Supra A80","Series I","Silver","2019","parked","7","0","7","","https://www.google.dk/maps/@35.5590635,139.4516423,3a,24.9y,227.77h,85.56t/data=!3m8!1e1!3m6!1sAY6tND1U34Kfspw1OmKH7Q!2e0!5s20190301T000000!6shttps:%2F%2Fstreetviewpixels-pa.googleapis.com%2Fv1%2Fthumbnail%3Fcb_client%3Dmaps_sv.tactile%26w%3D900%26h%3D600%26pitch%3D4.435804744946935%26panoid%3DAY6tND1U34Kfspw1OmKH7Q%26yaw%3D227.77244875541138!7i16384!8i8192?hl=da&entry=ttu&g_ep=EgoyMDI1MDEyNi4wIKXMDSoASAFQAw%3D%3D"
"Toyota","Supra A80","Series I","Black","2011","parked","7","0","7","","https://www.google.dk/maps/@35.8238264,139.694807,3a,32.4y,246.34h,83.82t/data=!3m8!1e1!3m6!1sprFt7L2IN2NWr2D8FavqYA!2e0!5s20210101T000000!6shttps:%2F%2Fstreetviewpixels-pa.googleapis.com%2Fv1%2Fthumbnail%3Fcb_client%3Dmaps_sv.tactile%26w%3D900%26h%3D600%26pitch%3D6.182262110042402%26panoid%3DprFt7L2IN2NWr2D8FavqYA%26yaw%3D246.33818166531745!7i13312!8i6656?hl=da&entry=ttu&g_ep=EgoyMDI1MDEyNi4wIKXMDSoASAFQAw%3D%3D"
"Toyota","Supra A80","Series I","White","2010","parked","7","0","7","","https://www.google.dk/maps/@35.887261,139.780866,3a,15y,63.95h,87.28t/data=!3m8!1e1!3m6!1s2bk-fySS90eBkKJgTPtMrQ!2e0!5s20100801T000000!6shttps:%2F%2Fstreetviewpixels-pa.googleapis.com%2Fv1%2Fthumbnail%3Fcb_client%3Dmaps_sv.tactile%26w%3D900%26h%3D600%26pitch%3D2.721249553079261%26panoid%3D2bk-fySS90eBkKJgTPtMrQ%26yaw%3D63.95135001956866!7i13312!8i6656?hl=da&entry=ttu&g_ep=EgoyMDI1MDEyNi4wIKXMDSoASAFQAw%3D%3D"
"Toyota","Supra A80","Series I","Black","2010","parked","7","0","7","","https://www.google.dk/maps/@35.5351996,139.7325652,3a,15y,144.2h,84.93t/data=!3m8!1e1!3m6!1s5g5eu5q7bIqnqyZVQBbi8Q!2e0!5s20100201T000000!6shttps:%2F%2Fstreetviewpixels-pa.googleapis.com%2Fv1%2Fthumbnail%3Fcb_client%3Dmaps_sv.tactile%26w%3D900%26h%3D600%26pitch%3D5.070963727716617%26panoid%3D5g5eu5q7bIqnqyZVQBbi8Q%26yaw%3D144.20056267066332!7i13312!8i6656?hl=da&entry=ttu&g_ep=EgoyMDI1MDEyNi4wIKXMDSoASAFQAw%3D%3D"
"Toyota","Supra A80","Series II","Red","2010","parked","7","0","7","","https://www.google.dk/maps/@35.5351807,139.7327298,3a,19.2y,240.78h,83.25t/data=!3m8!1e1!3m6!1sC15nyPvg2gOMVkub6yOBFw!2e0!5s20100201T000000!6shttps:%2F%2Fstreetviewpixels-pa.googleapis.com%2Fv1%2Fthumbnail%3Fcb_client%3Dmaps_sv.tactile%26w%3D900%26h%3D600%26pitch%3D6.75335104033914%26panoid%3DC15nyPvg2gOMVkub6yOBFw%26yaw%3D240.77814843665038!7i13312!8i6656?hl=da&entry=ttu&g_ep=EgoyMDI1MDEyNi4wIKXMDSoASAFQAw%3D%3D"
"Toyota","Supra A80","Series II","Red","2010","driving","7","0","7","","https://www.google.dk/maps/@35.8915106,139.7820573,3a,24.7y,148.5h,84.5t/data=!3m8!1e1!3m6!1s9YecItHKM2eUcvn1NbZvJw!2e0!5s20100801T000000!6shttps:%2F%2Fstreetviewpixels-pa.googleapis.com%2Fv1%2Fthumbnail%3Fcb_client%3Dmaps_sv.tactile%26w%3D900%26h%3D600%26pitch%3D5.504157192382124%26panoid%3D9YecItHKM2eUcvn1NbZvJw%26yaw%3D148.50497520911432!7i13312!8i6656?hl=da&entry=ttu&g_ep=EgoyMDI1MDEyNi4wIKXMDSoASAFQAw%3D%3D"
"Toyota","Supra A80","Series II","Black","2015","parked","7","1","8","Full VeilSide Combat C1 aero kit","https://www.google.dk/maps/@35.5328102,139.7288187,3a,29.6y,212.54h,79.81t/data=!3m8!1e1!3m6!1shbRqrmJZ8Em3xG2QybXVFA!2e0!5s20150401T000000!6shttps:%2F%2Fstreetviewpixels-pa.googleapis.com%2Fv1%2Fthumbnail%3Fcb_client%3Dmaps_sv.tactile%26w%3D900%26h%3D600%26pitch%3D10.190694398930503%26panoid%3DhbRqrmJZ8Em3xG2QybXVFA%26yaw%3D212.53516786956868!7i13312!8i6656?hl=da&entry=ttu&g_ep=EgoyMDI1MDEyNi4wIKXMDSoASAFQAw%3D%3D"
"Toyota","Supra A80","Series I","Blue","2010","parked","7","0","7","Some visual mods","https://www.google.dk/maps/@35.373297,139.5124274,3a,34.8y,138.05h,74.92t/data=!3m8!1e1!3m6!1s6_TvMQAQkuKkKb2Zzf_a2w!2e0!5s20100101T000000!6shttps:%2F%2Fstreetviewpixels-pa.googleapis.com%2Fv1%2Fthumbnail%3Fcb_client%3Dmaps_sv.tactile%26w%3D900%26h%3D600%26pitch%3D15.079999999999998%26panoid%3D6_TvMQAQkuKkKb2Zzf_a2w%26yaw%3D138.05!7i13312!8i6656?hl=da&entry=ttu&g_ep=EgoyMDI1MDEyNi4wIKXMDSoASAFQAw%3D%3D"
"Toyota","Supra A80","Series II","Grey","2009","parked","7","0","7","","https://www.google.dk/maps/@35.500056,139.5578986,3a,28.1y,344.21h,80.67t/data=!3m8!1e1!3m6!1srrIQ10IKVYAmBCuOX5_Y9Q!2e0!5s20091001T000000!6shttps:%2F%2Fstreetviewpixels-pa.googleapis.com%2Fv1%2Fthumbnail%3Fcb_client%3Dmaps_sv.tactile%26w%3D900%26h%3D600%26pitch%3D9.325858548782733%26panoid%3DrrIQ10IKVYAmBCuOX5_Y9Q%26yaw%3D344.2077909690253!7i13312!8i6656?hl=da&entry=ttu&g_ep=EgoyMDI1MDEyNi4wIKXMDSoASAFQAw%3D%3D"
"Toyota","Supra A80","Series II","Grey","2019","parked","7","0","7","Some visual mods","https://www.google.dk/maps/@35.7433295,139.9479716,3a,63.5y,52.57h,67.63t/data=!3m8!1e1!3m6!1saHskL6A9rlh9Ka0sjnpsLw!2e0!5s20190701T000000!6shttps:%2F%2Fstreetviewpixels-pa.googleapis.com%2Fv1%2Fthumbnail%3Fcb_client%3Dmaps_sv.tactile%26w%3D900%26h%3D600%26pitch%3D22.373228201498435%26panoid%3DaHskL6A9rlh9Ka0sjnpsLw%26yaw%3D52.57461720423663!7i16384!8i8192?hl=da&entry=ttu&g_ep=EgoyMDI1MDEyNi4wIKXMDSoASAFQAw%3D%3D"
"Toyota","Supra A80","Series I","White","2010","driving","7","0.5","7.5","Some visual mods","https://www.google.dk/maps/@35.5234476,139.5212384,3a,41.3y,230.95h,82.17t/data=!3m8!1e1!3m6!1s7A_IygQjclZE-gHvj79xxg!2e0!5s20100801T000000!6shttps:%2F%2Fstreetviewpixels-pa.googleapis.com%2Fv1%2Fthumbnail%3Fcb_client%3Dmaps_sv.tactile%26w%3D900%26h%3D600%26pitch%3D7.828309516069453%26panoid%3D7A_IygQjclZE-gHvj79xxg%26yaw%3D230.95022506219894!7i13312!8i6656?hl=da&entry=ttu&g_ep=EgoyMDI1MDEyNi4wIKXMDSoASAFQAw%3D%3D"
"Toyota","Supra A80","Series I","Black","2021","parked","7","0","7","Looks abandoned, it never moves throughout the years","https://www.google.dk/maps/@35.5015092,139.4136052,3a,22.7y,186.52h,82.41t/data=!3m8!1e1!3m6!1sv-84oHBM4OrX7JP2u4aEMw!2e0!5s20210501T000000!6shttps:%2F%2Fstreetviewpixels-pa.googleapis.com%2Fv1%2Fthumbnail%3Fcb_client%3Dmaps_sv.tactile%26w%3D900%26h%3D600%26pitch%3D7.5947328976549215%26panoid%3Dv-84oHBM4OrX7JP2u4aEMw%26yaw%3D186.51788229296548!7i16384!8i8192?hl=da&entry=ttu&g_ep=EgoyMDI1MDEyNi4wIKXMDSoASAFQAw%3D%3D"
"Toyota","Supra A80","Series II","Grey","2017","parked","7","0","7","Wingless","https://www.google.dk/maps/@35.5009876,139.4151319,3a,15y,0.93h,85.39t/data=!3m8!1e1!3m6!1sgTDZ5hprhHL60i8XFQAUSQ!2e0!5s20170701T000000!6shttps:%2F%2Fstreetviewpixels-pa.googleapis.com%2Fv1%2Fthumbnail%3Fcb_client%3Dmaps_sv.tactile%26w%3D900%26h%3D600%26pitch%3D4.60810297986869%26panoid%3DgTDZ5hprhHL60i8XFQAUSQ%26yaw%3D0.934167998322548!7i13312!8i6656?hl=da&entry=ttu&g_ep=EgoyMDI1MDEyNi4wIKXMDSoASAFQAw%3D%3D"
"Toyota","Supra A80","Series I","Black","2009","parked","7","0","7","","https://www.google.dk/maps/@35.548882,139.5206074,3a,17.6y,189.03h,85.63t/data=!3m8!1e1!3m6!1s8m3-D19VAD3mhMm5AAP3fw!2e0!5s20090801T000000!6shttps:%2F%2Fstreetviewpixels-pa.googleapis.com%2Fv1%2Fthumbnail%3Fcb_client%3Dmaps_sv.tactile%26w%3D900%26h%3D600%26pitch%3D4.367681745368685%26panoid%3D8m3-D19VAD3mhMm5AAP3fw%26yaw%3D189.0303691950886!7i13312!8i6656?hl=da&entry=ttu&g_ep=EgoyMDI1MDEyNi4wIKXMDSoASAFQAw%3D%3D"
"Toyota","Supra A80","Series II","White","2009","parked","7","0","7","","https://www.google.dk/maps/@35.5156137,139.6463471,3a,36.3y,169.26h,83.89t/data=!3m8!1e1!3m6!1sbTQMDc9pbzafSH0VgWkWTg!2e0!5s20090701T000000!6shttps:%2F%2Fstreetviewpixels-pa.googleapis.com%2Fv1%2Fthumbnail%3Fcb_client%3Dmaps_sv.tactile%26w%3D900%26h%3D600%26pitch%3D6.109865857747508%26panoid%3DbTQMDc9pbzafSH0VgWkWTg%26yaw%3D169.26121439167082!7i13312!8i6656?hl=da&entry=ttu&g_ep=EgoyMDI1MDEyNi4wIKXMDSoASAFQAw%3D%3D"
"Toyota","Supra A80","Series II","White","2018","parked","7","0","7","","https://www.google.dk/maps/@35.5954874,139.3813183,3a,43y,54.71h,79.65t/data=!3m8!1e1!3m6!1sq9OjnlKwS5Hzba9d-3aoTA!2e0!5s20180601T000000!6shttps:%2F%2Fstreetviewpixels-pa.googleapis.com%2Fv1%2Fthumbnail%3Fcb_client%3Dmaps_sv.tactile%26w%3D900%26h%3D600%26pitch%3D10.349042260305922%26panoid%3Dq9OjnlKwS5Hzba9d-3aoTA%26yaw%3D54.71!7i16384!8i8192?hl=da&entry=ttu&g_ep=EgoyMDI1MDEyNi4wIKXMDSoASAFQAw%3D%3D"
"Toyota","Supra A80","Series II","Grey","2011","driving","7","0","7","Motorized antenna is extended","https://www.google.dk/maps/@35.5622463,139.4281776,3a,46.7y,265.02h,72.85t/data=!3m8!1e1!3m6!1sdTNha0qawVNP5G7qrewK9Q!2e0!5s20110301T000000!6shttps:%2F%2Fstreetviewpixels-pa.googleapis.com%2Fv1%2Fthumbnail%3Fcb_client%3Dmaps_sv.tactile%26w%3D900%26h%3D600%26pitch%3D17.1473496924808%26panoid%3DdTNha0qawVNP5G7qrewK9Q%26yaw%3D265.0247732598922!7i13312!8i6656?hl=da&entry=ttu&g_ep=EgoyMDI1MDEyNi4wIKXMDSoASAFQAw%3D%3D"
"Toyota","Supra A80","Series II","Grey","2017","parked","7","1","8","Full Blitz aero kit","https://www.google.dk/maps/@35.7586794,139.4718778,3a,15y,24.56h,87.12t/data=!3m8!1e1!3m6!1sH0hJdperBLOfzJBMM_zl0g!2e0!5s20170601T000000!6shttps:%2F%2Fstreetviewpixels-pa.googleapis.com%2Fv1%2Fthumbnail%3Fcb_client%3Dmaps_sv.tactile%26w%3D900%26h%3D600%26pitch%3D2.875189782141817%26panoid%3DH0hJdperBLOfzJBMM_zl0g%26yaw%3D24.563073065451043!7i13312!8i6656?hl=da&entry=ttu&g_ep=EgoyMDI1MDEyNi4wIKXMDSoASAFQAw%3D%3D"
"Toyota","Supra A80","Series II","Grey","2015","parked","7","0","7","Bomex aero kit","https://www.google.dk/maps/@35.8295725,139.9318445,3a,74y,34.78h,71.86t/data=!3m8!1e1!3m6!1sNHfoAkOjYYPIB5ZqoftMcg!2e0!5s20150901T000000!6shttps:%2F%2Fstreetviewpixels-pa.googleapis.com%2Fv1%2Fthumbnail%3Fcb_client%3Dmaps_sv.tactile%26w%3D900%26h%3D600%26pitch%3D18.14010601931372%26panoid%3DNHfoAkOjYYPIB5ZqoftMcg%26yaw%3D34.77514377144887!7i13312!8i6656?hl=da&entry=ttu&g_ep=EgoyMDI1MDEyNi4wIKXMDSoASAFQAw%3D%3D"
"Toyota","Supra A80","Series I","Silver","2014","parked","7","0","7","Wingless","https://www.google.dk/maps/@35.7803163,139.8234588,3a,32.8y,44h,85.21t/data=!3m8!1e1!3m6!1s1KuoJ9ni5qeHdT5Oxc0zVA!2e0!5s20140401T000000!6shttps:%2F%2Fstreetviewpixels-pa.googleapis.com%2Fv1%2Fthumbnail%3Fcb_client%3Dmaps_sv.tactile%26w%3D900%26h%3D600%26pitch%3D4.786108078867272%26panoid%3D1KuoJ9ni5qeHdT5Oxc0zVA%26yaw%3D44.003714980163565!7i13312!8i6656?hl=da&entry=ttu&g_ep=EgoyMDI1MDEyNi4wIKXMDSoASAFQAw%3D%3D"
"Toyota","Supra A80","Series I","White","2011","parked","7","0","7","","https://www.google.dk/maps/@35.1032416,137.167911,3a,50.9y,287.09h,77.3t/data=!3m8!1e1!3m6!1s3CZl2dO5OrOtthoyBu0qLA!2e0!5s20111201T000000!6shttps:%2F%2Fstreetviewpixels-pa.googleapis.com%2Fv1%2Fthumbnail%3Fcb_client%3Dmaps_sv.tactile%26w%3D900%26h%3D600%26pitch%3D12.695409977689238%26panoid%3D3CZl2dO5OrOtthoyBu0qLA%26yaw%3D287.0856703776349!7i13312!8i6656?hl=da&entry=ttu&g_ep=EgoyMDI1MDEyNi4wIKXMDSoASAFQAw%3D%3D"
"Toyota","Supra A80","Series I","White","2020","parked","7","1","8","Widebody kit, possibly AbFlug","https://www.google.dk/maps/@35.5850454,139.6146664,3a,39.3y,344.1h,82.81t/data=!3m8!1e1!3m6!1sjWfEvONXJ9iadKKC3P1o4g!2e0!5s20201001T000000!6shttps:%2F%2Fstreetviewpixels-pa.googleapis.com%2Fv1%2Fthumbnail%3Fcb_client%3Dmaps_sv.tactile%26w%3D900%26h%3D600%26pitch%3D7.186754615006777%26panoid%3DjWfEvONXJ9iadKKC3P1o4g%26yaw%3D344.09932163007414!7i16384!8i8192?hl=da&entry=ttu&g_ep=EgoyMDI1MDEyNi4wIKXMDSoASAFQAw%3D%3D"
"Toyota","Supra A80","Series I","Red","2015","parked","7","0","7","Heavily modified","https://www.google.dk/maps/@35.7150534,140.0922284,3a,34.4y,328.26h,80.02t/data=!3m8!1e1!3m6!1sYZ2vWjvuUSBlRqp4OQG34A!2e0!5s20150501T000000!6shttps:%2F%2Fstreetviewpixels-pa.googleapis.com%2Fv1%2Fthumbnail%3Fcb_client%3Dmaps_sv.tactile%26w%3D900%26h%3D600%26pitch%3D9.979491850856604%26panoid%3DYZ2vWjvuUSBlRqp4OQG34A%26yaw%3D328.260410217595!7i13312!8i6656?hl=da&entry=ttu&g_ep=EgoyMDI1MDEyNi4wIKXMDSoASAFQAw%3D%3D"
"Toyota","Supra A80","Base","Red","2012","parked","7","1","8","Many aero mods","https://www.google.dk/maps/@35.5487341,139.6245645,3a,27.3y,357.36h,88.01t/data=!3m8!1e1!3m6!1ss0fa6uEh1p-ZcTmSQfmRZA!2e0!5s20090901T000000!6shttps:%2F%2Fstreetviewpixels-pa.googleapis.com%2Fv1%2Fthumbnail%3Fcb_client%3Dmaps_sv.tactile%26w%3D900%26h%3D600%26pitch%3D1.9899999999999949%26panoid%3Ds0fa6uEh1p-ZcTmSQfmRZA%26yaw%3D357.36!7i13312!8i6656?hl=da&entry=ttu&g_ep=EgoyMDI1MDEyNi4wIKXMDSoASAFQAw%3D%3D"
"Toyota","Supra A80","Base","Yellow","2010","parked","7","2","9","Very rare Solar Beam yellow","https://www.google.dk/maps/@35.3618466,139.6288994,3a,48.9y,90.82h,66.35t/data=!3m8!1e1!3m6!1sGtlPgWK-gY-r-YEfA5UNKA!2e0!5s20100201T000000!6shttps:%2F%2Fstreetviewpixels-pa.googleapis.com%2Fv1%2Fthumbnail%3Fcb_client%3Dmaps_sv.tactile%26w%3D900%26h%3D600%26pitch%3D23.651755244731234%26panoid%3DGtlPgWK-gY-r-YEfA5UNKA%26yaw%3D90.82154001569467!7i13312!8i6656?hl=da&entry=ttu&g_ep=EgoyMDI1MDEyNi4wIKXMDSoASAFQAw%3D%3D"
"Nissan","Vintage","GT-R KPGC10","Red","2009","parked","9","0","9","","https://www.google.dk/maps/@35.4490446,139.5037189,3a,15.1y,33.56h,87.18t/data=!3m8!1e1!3m6!1sdogZBy_e_65qxwDx5wycaw!2e0!5s20091201T000000!6shttps:%2F%2Fstreetviewpixels-pa.googleapis.com%2Fv1%2Fthumbnail%3Fcb_client%3Dmaps_sv.tactile%26w%3D900%26h%3D600%26pitch%3D2.8249161471783424%26panoid%3DdogZBy_e_65qxwDx5wycaw%26yaw%3D33.55611139353004!7i13312!8i6656?hl=da&entry=ttu&g_ep=EgoyMDI1MDEyNi4wIKXMDSoASAFQAw%3D%3D"
"Combos","Other","Other","Red","2017","parked","1","9","10","2 x Honda NSX, parked next to each other","https://www.google.dk/maps/@35.2684595,139.6839011,3a,22.7y,182.36h,82.52t/data=!3m8!1e1!3m6!1sxZ4735fwrK_sHc7Qn6ktqQ!2e0!5s20170101T000000!6shttps:%2F%2Fstreetviewpixels-pa.googleapis.com%2Fv1%2Fthumbnail%3Fcb_client%3Dmaps_sv.tactile%26w%3D900%26h%3D600%26pitch%3D7.479579116250733%26panoid%3DxZ4735fwrK_sHc7Qn6ktqQ%26yaw%3D182.35585933785487!7i13312!8i6656?hl=da&entry=ttu&g_ep=EgoyMDI1MDEyNi4wIKXMDSoASAFQAw%3D%3D"
"Honda","Beat","PP1","Yellow","2022","driving","3","2","5","Heavily modified","https://www.google.dk/maps/@35.499991,139.5937743,3a,42.6y,172.14h,68.08t/data=!3m8!1e1!3m6!1shf_qQ9B7bjHU8Kr3Al12CQ!2e0!5s20221201T000000!6shttps:%2F%2Fstreetviewpixels-pa.googleapis.com%2Fv1%2Fthumbnail%3Fcb_client%3Dmaps_sv.tactile%26w%3D900%26h%3D600%26pitch%3D21.92%26panoid%3Dhf_qQ9B7bjHU8Kr3Al12CQ%26yaw%3D172.14!7i16384!8i8192?hl=da&entry=ttu&g_ep=EgoyMDI1MDEyNi4wIKXMDSoASAFQAw%3D%3D"
"Honda","Other","Compomoto","White","2009","parked","5","0","5","","https://www.google.com/maps/@35.5235963,139.6494057,3a,23y,118.88h,69.21t/data=!3m8!1e1!3m6!1sbXQyK384ebrcIuiHJMBP7A!2e0!5s20090701T000000!6shttps:%2F%2Fstreetviewpixels-pa.googleapis.com%2Fv1%2Fthumbnail%3Fcb_client%3Dmaps_sv.tactile%26w%3D900%26h%3D600%26pitch%3D20.790000000000006%26panoid%3DbXQyK384ebrcIuiHJMBP7A%26yaw%3D118.88!7i13312!8i6656?entry=ttu&g_ep=EgoyMDI1MDEyNi4wIKXMDSoASAFQAw%3D%3D"
"Honda","Prelude","BB6","Yellow","2015","parked","4","1","5","Some visual mods","https://www.google.dk/maps/@35.7310725,140.1078736,3a,31.4y,30.36h,78.67t/data=!3m8!1e1!3m6!1sGkasePoTVWBZxdUtJ35wRw!2e0!5s20150501T000000!6shttps:%2F%2Fstreetviewpixels-pa.googleapis.com%2Fv1%2Fthumbnail%3Fcb_client%3Dmaps_sv.tactile%26w%3D900%26h%3D600%26pitch%3D11.325893651149002%26panoid%3DGkasePoTVWBZxdUtJ35wRw%26yaw%3D30.364198532617728!7i13312!8i6656?hl=da&entry=ttu&g_ep=EgoyMDI1MDEyNi4wIKXMDSoASAFQAw%3D%3D"
"Honda","S2000","CR","Blue","2009","parked","7","0","7","","https://www.google.dk/maps/@35.6022222,139.7367323,3a,27.6y,51.62h,82.78t/data=!3m8!1e1!3m6!1shalG_c11G7xhO1Iy3jqCyQ!2e0!5s20091201T000000!6shttps:%2F%2Fstreetviewpixels-pa.googleapis.com%2Fv1%2Fthumbnail%3Fcb_client%3Dmaps_sv.tactile%26w%3D900%26h%3D600%26pitch%3D7.219999999999999%26panoid%3DhalG_c11G7xhO1Iy3jqCyQ%26yaw%3D51.62!7i13312!8i6656?hl=da&entry=ttu&g_ep=EgoyMDI1MDEyNi4wIKXMDSoASAFQAw%3D%3D"
"Honda","S2000","Base","Grey","2009","parked","5","2","7","Full widebody kit","https://www.google.dk/maps/@35.6673082,139.635339,3a,54.1y,337.9h,67.32t/data=!3m8!1e1!3m6!1sYq5Kbvc01-dFsgbTY7V0pQ!2e0!5s20090701T000000!6shttps:%2F%2Fstreetviewpixels-pa.googleapis.com%2Fv1%2Fthumbnail%3Fcb_client%3Dmaps_sv.tactile%26w%3D900%26h%3D600%26pitch%3D22.681169997816113%26panoid%3DYq5Kbvc01-dFsgbTY7V0pQ%26yaw%3D337.9043661812876!7i13312!8i6656?hl=da&entry=ttu&g_ep=EgoyMDI1MDEyNi4wIKXMDSoASAFQAw%3D%3D"
"Honda","Integra","DC2 Type R","White","2012","parked","7","0","7","TE37","https://www.google.dk/maps/@35.8290173,139.5654351,3a,36.7y,273.42h,74.84t/data=!3m8!1e1!3m6!1s2brlYKaRcXhN10LOKXjcyg!2e0!5s20120401T000000!6shttps:%2F%2Fstreetviewpixels-pa.googleapis.com%2Fv1%2Fthumbnail%3Fcb_client%3Dmaps_sv.tactile%26w%3D900%26h%3D600%26pitch%3D15.159999999999997%26panoid%3D2brlYKaRcXhN10LOKXjcyg%26yaw%3D273.42!7i13312!8i6656?hl=da&entry=ttu&g_ep=EgoyMDI1MDEyNi4wIKXMDSoASAFQAw%3D%3D"
"Honda","Integra","DC2 Type R","White","2014","parked","7","1","8","Full Mugen aero kit","https://www.google.dk/maps/@35.7899367,139.5809492,3a,32.8y,98.96h,79.57t/data=!3m8!1e1!3m6!1szJKaajBaiQyfD1knrnRGVg!2e0!5s20140301T000000!6shttps:%2F%2Fstreetviewpixels-pa.googleapis.com%2Fv1%2Fthumbnail%3Fcb_client%3Dmaps_sv.tactile%26w%3D900%26h%3D600%26pitch%3D10.430000000000007%26panoid%3DzJKaajBaiQyfD1knrnRGVg%26yaw%3D98.96!7i13312!8i6656?hl=da&entry=ttu&g_ep=EgoyMDI1MDEyNi4wIKXMDSoASAFQAw%3D%3D"
"Honda","Integra","DC5 Type R","White","2021","parked","6","0","6","","https://www.google.dk/maps/@35.669957,140.0450744,3a,29.9y,197.45h,76.62t/data=!3m8!1e1!3m6!1shZR7H7UoHh9tbHUQip6YyQ!2e0!5s20210701T000000!6shttps:%2F%2Fstreetviewpixels-pa.googleapis.com%2Fv1%2Fthumbnail%3Fcb_client%3Dmaps_sv.tactile%26w%3D900%26h%3D600%26pitch%3D13.37810644970493%26panoid%3DhZR7H7UoHh9tbHUQip6YyQ%26yaw%3D197.448186368408!7i16384!8i8192?hl=da&entry=ttu&g_ep=EgoyMDI1MDEyNi4wIKXMDSoASAFQAw%3D%3D"
"Honda","Integra","DC2 Type R","White","2009","parked","7","0","7","","https://www.google.dk/maps/@35.5917581,139.5869355,3a,43.1y,262.57h,76.4t/data=!3m7!1e1!3m5!1sbbJpD0hNDbgqG4lxFCnbEQ!2e0!6shttps:%2F%2Fstreetviewpixels-pa.googleapis.com%2Fv1%2Fthumbnail%3Fcb_client%3Dmaps_sv.tactile%26w%3D900%26h%3D600%26pitch%3D13.599999999999994%26panoid%3DbbJpD0hNDbgqG4lxFCnbEQ%26yaw%3D262.57!7i13312!8i6656?hl=da&entry=ttu&g_ep=EgoyMDI1MDEyNi4wIKXMDSoASAFQAw%3D%3D"
"Honda","Integra","DC5 Type R","Blue","2011","parked","6","0","6","","https://www.google.dk/maps/@35.8649823,139.5071369,3a,40.7y,70.09h,68.41t/data=!3m8!1e1!3m6!1sdXe9oK7EEQQLsnSi2wpZsg!2e0!5s20110201T000000!6shttps:%2F%2Fstreetviewpixels-pa.googleapis.com%2Fv1%2Fthumbnail%3Fcb_client%3Dmaps_sv.tactile%26w%3D900%26h%3D600%26pitch%3D21.590119809565067%26panoid%3DdXe9oK7EEQQLsnSi2wpZsg%26yaw%3D70.09368954766909!7i13312!8i6656?hl=da&entry=ttu&g_ep=EgoyMDI1MDEyNi4wIKXMDSoASAFQAw%3D%3D"
"Honda","Integra","DC2 Type R","White","2021","parked","7","0","7","","https://www.google.dk/maps/@35.6942659,139.8635325,3a,48.2y,234.23h,63.5t/data=!3m8!1e1!3m6!1srz3tOL4fNMaPaIMshtT20g!2e0!5s20210401T000000!6shttps:%2F%2Fstreetviewpixels-pa.googleapis.com%2Fv1%2Fthumbnail%3Fcb_client%3Dmaps_sv.tactile%26w%3D900%26h%3D600%26pitch%3D26.495847261627375%26panoid%3Drz3tOL4fNMaPaIMshtT20g%26yaw%3D234.23013085160218!7i16384!8i8192?hl=da&entry=ttu&g_ep=EgoyMDI1MDEyNi4wIKXMDSoASAFQAw%3D%3D"
"Honda","Integra","DC2 Type R","White","2019","parked","7","0","7","","https://www.google.dk/maps/@35.7278434,140.0172557,3a,23.5y,23h,80.69t/data=!3m7!1e1!3m5!1sTSU3WvU-9OH4eWALPfrJ8Q!2e0!6shttps:%2F%2Fstreetviewpixels-pa.googleapis.com%2Fv1%2Fthumbnail%3Fcb_client%3Dmaps_sv.tactile%26w%3D900%26h%3D600%26pitch%3D9.310000000000002%26panoid%3DTSU3WvU-9OH4eWALPfrJ8Q%26yaw%3D23!7i16384!8i8192?hl=da&entry=ttu&g_ep=EgoyMDI1MDEyNi4wIKXMDSoASAFQAw%3D%3D"
"Honda","Civic FK","FK8 Type R","White","2019","parked","5","0","5","","https://www.google.dk/maps/@35.7156532,139.8769136,3a,15y,143.51h,85.74t/data=!3m8!1e1!3m6!1sUyKOqsQv6A-SsqWGzCg6SA!2e0!5s20190601T000000!6shttps:%2F%2Fstreetviewpixels-pa.googleapis.com%2Fv1%2Fthumbnail%3Fcb_client%3Dmaps_sv.tactile%26w%3D900%26h%3D600%26pitch%3D4.260000000000005%26panoid%3DUyKOqsQv6A-SsqWGzCg6SA%26yaw%3D143.51!7i16384!8i8192?hl=da&entry=ttu&g_ep=EgoyMDI1MDEyNi4wIKXMDSoASAFQAw%3D%3D"
"Honda","Civic FK","FK2 Type R","White","2016","parked","6","0","6","","https://www.google.dk/maps/@33.8714367,130.8934455,3a,18.3y,57.24h,86.59t/data=!3m7!1e1!3m5!1sdU6M58PtgiBGEjf5C774dg!2e0!5s20161001T000000!7i13312!8i6656?hl=da"
"Honda","Civic FD","FD2 Type R","White","2019","driving","5","3","8","Full Mugen aero kit","https://www.google.dk/maps/@35.5172997,139.6676924,3a,63.3y,132.2h,68.59t/data=!3m8!1e1!3m6!1sNkllCnxQA7iJTUdZEuxIrw!2e0!5s20090701T000000!6shttps:%2F%2Fstreetviewpixels-pa.googleapis.com%2Fv1%2Fthumbnail%3Fcb_client%3Dmaps_sv.tactile%26w%3D900%26h%3D600%26pitch%3D21.409999999999997%26panoid%3DNkllCnxQA7iJTUdZEuxIrw%26yaw%3D132.2!7i16384!8i8192?hl=da&entry=ttu&g_ep=EgoyMDI1MDEyNi4wIKXMDSoASAFQAw%3D%3D"
"Honda","Civic FN","FN2 Type R","White","2015","parked","6","1","7","Championship White edition","https://www.google.dk/maps/@35.719157,139.8716117,3a,15.8y,319.85h,88.18t/data=!3m8!1e1!3m6!1sS49g4e6xlmb8X3Zn6SGO9g!2e0!5s20150301T000000!6shttps:%2F%2Fstreetviewpixels-pa.googleapis.com%2Fv1%2Fthumbnail%3Fcb_client%3Dmaps_sv.tactile%26w%3D900%26h%3D600%26pitch%3D1.8199999999999932%26panoid%3DS49g4e6xlmb8X3Zn6SGO9g%26yaw%3D319.85!7i13312!8i6656?hl=da&entry=ttu&g_ep=EgoyMDI1MDEyNi4wIKXMDSoASAFQAw%3D%3D"
"Honda","Civic FN","FN2 Type R","White","2018","parked","6","1","7","Championship White edition","https://www.google.dk/maps/@35.7452076,139.6493376,3a,30y,84.41h,81.83t/data=!3m8!1e1!3m6!1sepP2lcuYu9gpqmg_io9EVg!2e0!5s20180501T000000!6shttps:%2F%2Fstreetviewpixels-pa.googleapis.com%2Fv1%2Fthumbnail%3Fcb_client%3Dmaps_sv.tactile%26w%3D900%26h%3D600%26pitch%3D8.170000000000002%26panoid%3DepP2lcuYu9gpqmg_io9EVg%26yaw%3D84.41!7i16384!8i8192?hl=da&entry=ttu&g_ep=EgoyMDI1MDEyNi4wIKXMDSoASAFQAw%3D%3D"
"Honda","Civic FN","FN2 Type R","White","2014","parked","6","1","7","Championship White edition","https://www.google.dk/maps/@35.674927,140.0430474,3a,29.8y,101.85h,81.06t/data=!3m8!1e1!3m6!1srzUKL3X6N65X3a4OAO5wbA!2e0!5s20140401T000000!6shttps:%2F%2Fstreetviewpixels-pa.googleapis.com%2Fv1%2Fthumbnail%3Fcb_client%3Dmaps_sv.tactile%26w%3D900%26h%3D600%26pitch%3D8.937638376079079%26panoid%3DrzUKL3X6N65X3a4OAO5wbA%26yaw%3D101.84613895362176!7i13312!8i6656?hl=da&entry=ttu&g_ep=EgoyMDI1MDEyNi4wIKXMDSoASAFQAw%3D%3D"
"Honda","Civic FN","FN2 Type R","Red","2010","parked","6","0.5","6.5","Mugen aero parts","https://www.google.dk/maps/@35.3941515,139.4635608,3a,15y,89.77h,85.76t/data=!3m8!1e1!3m6!1slynbPvB7uhowkLpNb3arMA!2e0!5s20101101T000000!6shttps:%2F%2Fstreetviewpixels-pa.googleapis.com%2Fv1%2Fthumbnail%3Fcb_client%3Dmaps_sv.tactile%26w%3D900%26h%3D600%26pitch%3D4.241996246292942%26panoid%3DlynbPvB7uhowkLpNb3arMA%26yaw%3D89.77316653220029!7i13312!8i6656?hl=da&entry=ttu&g_ep=EgoyMDI1MDEyNi4wIKXMDSoASAFQAw%3D%3D"
"Honda","Civic FN","FN2 Type R","White","2012","parked","6","1","7","Championship White edition","https://www.google.dk/maps/@35.8369377,139.6414666,3a,57.2y,225.72h,72.23t/data=!3m8!1e1!3m6!1sOSaxx55UHAnPJko-0M_q6g!2e0!5s20120401T000000!6shttps:%2F%2Fstreetviewpixels-pa.googleapis.com%2Fv1%2Fthumbnail%3Fcb_client%3Dmaps_sv.tactile%26w%3D900%26h%3D600%26pitch%3D17.766898987158726%26panoid%3DOSaxx55UHAnPJko-0M_q6g%26yaw%3D225.7188408691198!7i13312!8i6656?hl=da&entry=ttu&g_ep=EgoyMDI1MDEyNi4wIKXMDSoASAFQAw%3D%3D"
"Honda","Civic FN","FN2 Type R","Black","2019","parked","6","0","6","","https://www.google.dk/maps/@35.5554165,139.6250355,3a,17y,210.87h,87.57t/data=!3m8!1e1!3m6!1sXdOZDnytBKdt-fEZ-LoNRA!2e0!5s20190501T000000!6shttps:%2F%2Fstreetviewpixels-pa.googleapis.com%2Fv1%2Fthumbnail%3Fcb_client%3Dmaps_sv.tactile%26w%3D900%26h%3D600%26pitch%3D2.4305335633025464%26panoid%3DXdOZDnytBKdt-fEZ-LoNRA%26yaw%3D210.8710190316695!7i16384!8i8192?hl=da&entry=ttu&g_ep=EgoyMDI1MDEyNi4wIKXMDSoASAFQAw%3D%3D"
"Honda","Civic EP","EP3 Type R","White","2022","parked","7","0","7","","https://www.google.dk/maps/@35.6001857,139.6768466,3a,28.1y,315.75h,79.74t/data=!3m7!1e1!3m5!1sKy3PvrWOaR1b9hX7VumfgQ!2e0!6shttps:%2F%2Fstreetviewpixels-pa.googleapis.com%2Fv1%2Fthumbnail%3Fcb_client%3Dmaps_sv.tactile%26w%3D900%26h%3D600%26pitch%3D10.260000000000005%26panoid%3DKy3PvrWOaR1b9hX7VumfgQ%26yaw%3D315.75!7i16384!8i8192?hl=da&entry=ttu&g_ep=EgoyMDI1MDEyNi4wIKXMDSoASAFQAw%3D%3D"
"Honda","Civic EP","EP3 Type R","White","2015","parked","7","0","7","","https://www.google.dk/maps/@35.8256107,139.6590687,3a,19.3y,354.5h,84.79t/data=!3m8!1e1!3m6!1sstOT7ECTrWs9dEVSzesxIg!2e0!5s20150501T000000!6shttps:%2F%2Fstreetviewpixels-pa.googleapis.com%2Fv1%2Fthumbnail%3Fcb_client%3Dmaps_sv.tactile%26w%3D900%26h%3D600%26pitch%3D5.213397548339927%26panoid%3DstOT7ECTrWs9dEVSzesxIg%26yaw%3D354.501731695889!7i13312!8i6656?hl=da&entry=ttu&g_ep=EgoyMDI1MDEyNi4wIKXMDSoASAFQAw%3D%3D"
"Honda","Civic EP","EP3 Type R","White","2024","parked","7","0","7","Some visual mods, roll cage","https://www.google.dk/maps/@35.520434,139.5611632,3a,16y,162.25h,82.83t/data=!3m8!1e1!3m6!1sBLImMnsOBvhmLLU4YcM1bA!2e0!5s20150501T000000!6shttps:%2F%2Fstreetviewpixels-pa.googleapis.com%2Fv1%2Fthumbnail%3Fcb_client%3Dmaps_sv.tactile%26w%3D900%26h%3D600%26pitch%3D7.169866564928583%26panoid%3DBLImMnsOBvhmLLU4YcM1bA%26yaw%3D162.24526860401596!7i16384!8i8192?hl=da&entry=ttu&g_ep=EgoyMDI1MDEyNi4wIKXMDSoASAFQAw%3D%3D"
"Honda","Civic EP","EP3 Type R","White","2014","parked","7","0","7","","https://www.google.dk/maps/@35.512473,139.5582023,3a,31.4y,106.87h,82.48t/data=!3m8!1e1!3m6!1sP0q-7byUKoA0UlVXU1mZnw!2e0!5s20140201T000000!6shttps:%2F%2Fstreetviewpixels-pa.googleapis.com%2Fv1%2Fthumbnail%3Fcb_client%3Dmaps_sv.tactile%26w%3D900%26h%3D600%26pitch%3D7.520222406188296%26panoid%3DP0q-7byUKoA0UlVXU1mZnw%26yaw%3D106.86697476011636!7i13312!8i6656?hl=da&entry=ttu&g_ep=EgoyMDI1MDEyNi4wIKXMDSoASAFQAw%3D%3D"
"Honda","Civic EP","EP3 Type R","White","2010","driving","7","0","7","","https://www.google.dk/maps/@35.8918211,139.7701194,3a,15y,124.59h,87.2t/data=!3m8!1e1!3m6!1sopILv8lQquxTiQYc5jTFkw!2e0!5s20100801T000000!6shttps:%2F%2Fstreetviewpixels-pa.googleapis.com%2Fv1%2Fthumbnail%3Fcb_client%3Dmaps_sv.tactile%26w%3D900%26h%3D600%26pitch%3D2.7963803905647637%26panoid%3DopILv8lQquxTiQYc5jTFkw%26yaw%3D124.59109984481937!7i13312!8i6656?hl=da&entry=ttu&g_ep=EgoyMDI1MDEyNi4wIKXMDSoASAFQAw%3D%3D"
"Honda","Civic EP","EP3 Type R","White","2018","parked","7","0","7","","https://www.google.dk/maps/@35.9107002,139.7639508,3a,15.1y,302.36h,83.65t/data=!3m8!1e1!3m6!1sgYg98S92XZp34q-VIaDtew!2e0!5s20180801T000000!6shttps:%2F%2Fstreetviewpixels-pa.googleapis.com%2Fv1%2Fthumbnail%3Fcb_client%3Dmaps_sv.tactile%26w%3D900%26h%3D600%26pitch%3D6.351356141227711%26panoid%3DgYg98S92XZp34q-VIaDtew%26yaw%3D302.361074525377!7i16384!8i8192?hl=da&entry=ttu&g_ep=EgoyMDI1MDEyNi4wIKXMDSoASAFQAw%3D%3D"
"Honda","Civic EP","EP3 Type R","White","2015","parked","7","0","7","","https://www.google.dk/maps/@35.8307359,139.7795765,3a,15.5y,257.09h,86.75t/data=!3m8!1e1!3m6!1s78cs0HBdRtI0OLJx4vhXxg!2e0!5s20150501T000000!6shttps:%2F%2Fstreetviewpixels-pa.googleapis.com%2Fv1%2Fthumbnail%3Fcb_client%3Dmaps_sv.tactile%26w%3D900%26h%3D600%26pitch%3D3.25%26panoid%3D78cs0HBdRtI0OLJx4vhXxg%26yaw%3D257.09!7i13312!8i6656?hl=da&entry=ttu&g_ep=EgoyMDI1MDEyNi4wIKXMDSoASAFQAw%3D%3D"
"Honda","Civic EP","EP3 Type R","White","2010","parked","7","0","7","","https://www.google.com/maps/@35.7224027,139.6780428,3a,41.4y,47.81h,74.21t/data=!3m8!1e1!3m6!1sBA3l-9CtaGvNiVLDo8jzLA!2e0!5s20100101T000000!6shttps:%2F%2Fstreetviewpixels-pa.googleapis.com%2Fv1%2Fthumbnail%3Fcb_client%3Dmaps_sv.tactile%26w%3D900%26h%3D600%26pitch%3D15.791047540943637%26panoid%3DBA3l-9CtaGvNiVLDo8jzLA%26yaw%3D47.80948190870547!7i13312!8i6656?entry=ttu&g_ep=EgoyMDI1MDEyNi4wIKXMDSoASAFQAw%3D%3D"
"Honda","Civic EP","EP3 Type R","White","2014","parked","7","0","7","","https://www.google.dk/maps/@35.5054169,139.4425586,3a,27.3y,78.14h,83.53t/data=!3m8!1e1!3m6!1s2HlLdlpIpLnCG2TL8pqpCA!2e0!5s20140301T000000!6shttps:%2F%2Fstreetviewpixels-pa.googleapis.com%2Fv1%2Fthumbnail%3Fcb_client%3Dmaps_sv.tactile%26w%3D900%26h%3D600%26pitch%3D6.469999999999999%26panoid%3D2HlLdlpIpLnCG2TL8pqpCA%26yaw%3D78.14!7i13312!8i6656?hl=da&entry=ttu&g_ep=EgoyMDI1MDEyNi4wIKXMDSoASAFQAw%3D%3D"
"Honda","Accord","CL7 Euro R","Blue","2024","parked","5","0","5","","https://www.google.dk/maps/@35.4987373,139.6549658,3a,18.3y,36.75h,87.38t/data=!3m8!1e1!3m6!1s7fHibBYeme8sE-MLmxToXg!2e0!5s20180801T000000!6shttps:%2F%2Fstreetviewpixels-pa.googleapis.com%2Fv1%2Fthumbnail%3Fcb_client%3Dmaps_sv.tactile%26w%3D900%26h%3D600%26pitch%3D2.620986705354781%26panoid%3D7fHibBYeme8sE-MLmxToXg%26yaw%3D36.75473628286516!7i16384!8i8192?hl=da&entry=ttu&g_ep=EgoyMDI1MDEyNi4wIKXMDSoASAFQAw%3D%3D"
"Nissan","350Z","Base","Blue","2017","parked","3","4","7","VeilSide Combat bodykit","https://www.google.dk/maps/@35.6809719,140.019863,3a,24.5y,80.1h,81.11t/data=!3m8!1e1!3m6!1sxtTe_r3Ay9ay1Tf90a5dew!2e0!5s20170701T000000!6shttps:%2F%2Fstreetviewpixels-pa.googleapis.com%2Fv1%2Fthumbnail%3Fcb_client%3Dmaps_sv.tactile%26w%3D900%26h%3D600%26pitch%3D8.888694564461161%26panoid%3DxtTe_r3Ay9ay1Tf90a5dew%26yaw%3D80.10427637631538!7i13312!8i6656?hl=da&entry=ttu&g_ep=EgoyMDI1MDEyNi4wIKXMDSoASAFQAw%3D%3D"
"Nissan","Pulsar","GTi-R","Black","2009","parked","6","0","6","","https://www.google.dk/maps/@35.4771312,139.5661796,3a,42.2y,343.55h,78.87t/data=!3m8!1e1!3m6!1sU-dnTKOZnzwu83TfKjyLug!2e0!5s20091001T000000!6shttps:%2F%2Fstreetviewpixels-pa.googleapis.com%2Fv1%2Fthumbnail%3Fcb_client%3Dmaps_sv.tactile%26w%3D900%26h%3D600%26pitch%3D11.134473047657579%26panoid%3DU-dnTKOZnzwu83TfKjyLug%26yaw%3D343.5517613187427!7i13312!8i6656?hl=da&entry=ttu&g_ep=EgoyMDI1MDEyNi4wIKXMDSoASAFQAw%3D%3D"
"Nissan","March","Base","Black","2015","parked","2","3","5","Widebody March with retro 4-spoke rims","https://www.google.dk/maps/@35.8257371,139.6673816,3a,33.5y,125.78h,72.01t/data=!3m8!1e1!3m6!1sXbFPWZbJOQ5uMQtn3qkXKw!2e0!5s20150501T000000!6shttps:%2F%2Fstreetviewpixels-pa.googleapis.com%2Fv1%2Fthumbnail%3Fcb_client%3Dmaps_sv.tactile%26w%3D900%26h%3D600%26pitch%3D17.992575924992565%26panoid%3DXbFPWZbJOQ5uMQtn3qkXKw%26yaw%3D125.7817306638145!7i13312!8i6656?hl=da&entry=ttu&g_ep=EgoyMDI1MDEyNi4wIKXMDSoASAFQAw%3D%3D"
"Combos","Other","Other","Blue","2018","parked","1","3","4","Two Nissan 370Z with visual mods","https://www.google.dk/maps/@35.6616299,140.0629814,3a,48.9y,108.12h,78.08t/data=!3m8!1e1!3m6!1su4IMq9DrQ80dD3YXPgbJSA!2e0!5s20180501T000000!6shttps:%2F%2Fstreetviewpixels-pa.googleapis.com%2Fv1%2Fthumbnail%3Fcb_client%3Dmaps_sv.tactile%26w%3D900%26h%3D600%26pitch%3D11.917275397072018%26panoid%3Du4IMq9DrQ80dD3YXPgbJSA%26yaw%3D108.11520935854426!7i13312!8i6656?hl=da&entry=ttu&g_ep=EgoyMDI1MDEyNi4wIKXMDSoASAFQAw%3D%3D"
"Nissan","Pulsar","VZ-R N1","Black","2014","parked","8","0","8","Rare homologation edition, only 500 produced","https://www.google.dk/maps/@35.4572788,139.5805267,3a,32.7y,186.77h,79.32t/data=!3m8!1e1!3m6!1s2RGsLgo6Qh5pdYGq8RQY9w!2e0!5s20140201T000000!6shttps:%2F%2Fstreetviewpixels-pa.googleapis.com%2Fv1%2Fthumbnail%3Fcb_client%3Dmaps_sv.tactile%26w%3D900%26h%3D600%26pitch%3D10.67609694317342%26panoid%3D2RGsLgo6Qh5pdYGq8RQY9w%26yaw%3D186.76992498092406!7i13312!8i6656?hl=da&entry=ttu&g_ep=EgoyMDI1MDEyNi4wIKXMDSoASAFQAw%3D%3D"
"Toyota","Corolla AE86","Trueno","White","2019","parked","6","0","6","","https://www.google.dk/maps/@35.829009,139.5654333,3a,32.1y,282.1h,77.48t/data=!3m8!1e1!3m6!1sNkxh4DC-cI76-cqdrO0Asw!2e0!5s20190801T000000!6shttps:%2F%2Fstreetviewpixels-pa.googleapis.com%2Fv1%2Fthumbnail%3Fcb_client%3Dmaps_sv.tactile%26w%3D900%26h%3D600%26pitch%3D12.521920670590916%26panoid%3DNkxh4DC-cI76-cqdrO0Asw%26yaw%3D282.10184119777733!7i16384!8i8192?hl=da&entry=ttu&g_ep=EgoyMDI1MDEyMi4wIKXMDSoASAFQAw%3D%3D"
"Nissan","Vintage","240Z","Brown","2009","parked","6","0","6","Disrespected","https://www.google.dk/maps/@35.4539753,139.5028547,3a,64.3y,168.1h,72.04t/data=!3m8!1e1!3m6!1suLLG7iUXtMSpV85TkJTwIg!2e0!5s20091101T000000!6shttps:%2F%2Fstreetviewpixels-pa.googleapis.com%2Fv1%2Fthumbnail%3Fcb_client%3Dmaps_sv.tactile%26w%3D900%26h%3D600%26pitch%3D17.959999999999994%26panoid%3DuLLG7iUXtMSpV85TkJTwIg%26yaw%3D168.1!7i13312!8i6656?hl=da&entry=ttu&g_ep=EgoyMDI1MDEyNi4wIKXMDSoASAFQAw%3D%3D"
"Nissan","Vintage","240Z","Blue","2013","parked","6","0","6","","https://www.google.dk/maps/@35.729893,139.6747565,3a,34.4y,212.93h,76.17t/data=!3m8!1e1!3m6!1soIQGghmc3Q6pj_N2v0AFVw!2e0!5s20130701T000000!6shttps:%2F%2Fstreetviewpixels-pa.googleapis.com%2Fv1%2Fthumbnail%3Fcb_client%3Dmaps_sv.tactile%26w%3D900%26h%3D600%26pitch%3D13.829999999999998%26panoid%3DoIQGghmc3Q6pj_N2v0AFVw%26yaw%3D212.93!7i13312!8i6656?hl=da&entry=ttu&g_ep=EgoyMDI1MDEyNi4wIKXMDSoASAFQAw%3D%3D"
"Nissan","Vintage","240Z","Yellow","2009","parked","6","0","6","","https://www.google.dk/maps/@35.4961081,139.5993531,3a,40.6y,104.52h,79.21t/data=!3m8!1e1!3m6!1s_QnuWUfHUyarKqk7l0IYDA!2e0!5s20091001T000000!6shttps:%2F%2Fstreetviewpixels-pa.googleapis.com%2Fv1%2Fthumbnail%3Fcb_client%3Dmaps_sv.tactile%26w%3D900%26h%3D600%26pitch%3D10.790000000000006%26panoid%3D_QnuWUfHUyarKqk7l0IYDA%26yaw%3D104.52!7i13312!8i6656?hl=da&entry=ttu&g_ep=EgoyMDI1MDEyNi4wIKXMDSoASAFQAw%3D%3D"
"Nissan","Vintage","GT-R KPGC10","Silver","2015","parked","9","0","9","","https://www.google.dk/maps/@35.6639173,139.5743155,3a,15y,290.21h,85.49t/data=!3m7!1e1!3m5!1s6iakd_jwi33T8JCvwMRTNg!2e0!6shttps:%2F%2Fstreetviewpixels-pa.googleapis.com%2Fv1%2Fthumbnail%3Fcb_client%3Dmaps_sv.tactile%26w%3D900%26h%3D600%26pitch%3D4.510000000000005%26panoid%3D6iakd_jwi33T8JCvwMRTNg%26yaw%3D290.21!7i13312!8i6656?hl=da&entry=ttu&g_ep=EgoyMDI1MDEyNi4wIKXMDSoASAFQAw%3D%3D"
"Nissan","Vintage","240Z","Blue","2010","parked","6","1","7","","https://www.google.dk/maps/@35.7554881,140.0149638,3a,26.6y,83.39h,78.8t/data=!3m8!1e1!3m6!1sANbK1PZNISLtHnuJq8oujg!2e0!5s20100201T000000!6shttps:%2F%2Fstreetviewpixels-pa.googleapis.com%2Fv1%2Fthumbnail%3Fcb_client%3Dmaps_sv.tactile%26w%3D900%26h%3D600%26pitch%3D11.200000000000003%26panoid%3DANbK1PZNISLtHnuJq8oujg%26yaw%3D83.39!7i13312!8i6656?hl=da&entry=ttu&g_ep=EgoyMDI1MDEyNi4wIKXMDSoASAFQAw%3D%3D"
"Nissan","Vintage","Other","Yellow","2011","parked","1","6","7","Unknown model, maybe a Laurel or Skyline.","https://www.google.dk/maps/@35.4930866,139.4603769,3a,16.4y,136.65h,85.05t/data=!3m8!1e1!3m6!1sjlcOrHASTCV3IVg2PEwpdw!2e0!5s20110201T000000!6shttps:%2F%2Fstreetviewpixels-pa.googleapis.com%2Fv1%2Fthumbnail%3Fcb_client%3Dmaps_sv.tactile%26w%3D900%26h%3D600%26pitch%3D4.954951138400176%26panoid%3DjlcOrHASTCV3IVg2PEwpdw%26yaw%3D136.6476336487383!7i13312!8i6656?hl=da&entry=ttu&g_ep=EgoyMDI1MDEyNi4wIKXMDSoASAFQAw%3D%3D"
"Nissan","Vintage","GT-R KPGC10","Orange","2009","parked","9","0","9","","https://www.google.dk/maps/@35.5180419,139.6466573,3a,37.6y,158.99h,72.29t/data=!3m8!1e1!3m6!1sgg_jPG7Mu7ab21tHrzjQ5A!2e0!5s20090701T000000!6shttps:%2F%2Fstreetviewpixels-pa.googleapis.com%2Fv1%2Fthumbnail%3Fcb_client%3Dmaps_sv.tactile%26w%3D900%26h%3D600%26pitch%3D17.70599360216113%26panoid%3Dgg_jPG7Mu7ab21tHrzjQ5A%26yaw%3D158.99106516362494!7i13312!8i6656?hl=da&entry=ttu&g_ep=EgoyMDI1MDEyNi4wIKXMDSoASAFQAw%3D%3D"
"Nissan","Vintage","Datsun 510","Blue","2018","parked","6","0","6","","https://www.google.dk/maps/@35.4723276,139.568599,3a,48.9y,85.31h,72.33t/data=!3m8!1e1!3m6!1sdcXoPOLz61eQVk_10EIzag!2e0!5s20181001T000000!6shttps:%2F%2Fstreetviewpixels-pa.googleapis.com%2Fv1%2Fthumbnail%3Fcb_client%3Dmaps_sv.tactile%26w%3D900%26h%3D600%26pitch%3D17.66837979723681%26panoid%3DdcXoPOLz61eQVk_10EIzag%26yaw%3D85.30617681689503!7i16384!8i8192?hl=da&entry=ttu&g_ep=EgoyMDI1MDEyNi4wIKXMDSoASAFQAw%3D%3D"
"Nissan","Vintage","Datsun 510","Silver","2010","parked","6","0","6","Watanabe R-type","https://www.google.dk/maps/@35.3681094,139.4794007,3a,39.3y,190.75h,75.45t/data=!3m8!1e1!3m6!1s74nOVAMtijs_nLTSzBmVWQ!2e0!5s20100901T000000!6shttps:%2F%2Fstreetviewpixels-pa.googleapis.com%2Fv1%2Fthumbnail%3Fcb_client%3Dmaps_sv.tactile%26w%3D900%26h%3D600%26pitch%3D14.55232276037978%26panoid%3D74nOVAMtijs_nLTSzBmVWQ%26yaw%3D190.7520273332597!7i13312!8i6656?hl=da&entry=ttu&g_ep=EgoyMDI1MDEyNi4wIKXMDSoASAFQAw%3D%3D"
"Nissan","Vintage","GT-R KPGC10","Grey","2018","parked","9","0","9","","https://www.google.dk/maps/@35.7943662,139.9574049,3a,58.5y,158.87h,65.01t/data=!3m8!1e1!3m6!1sClroFNPzjYXKROL0WnS7Yg!2e0!5s20180801T000000!6shttps:%2F%2Fstreetviewpixels-pa.googleapis.com%2Fv1%2Fthumbnail%3Fcb_client%3Dmaps_sv.tactile%26w%3D900%26h%3D600%26pitch%3D24.99209312800224%26panoid%3DClroFNPzjYXKROL0WnS7Yg%26yaw%3D158.86801988503615!7i16384!8i8192?hl=da&entry=ttu&g_ep=EgoyMDI1MDEyNi4wIKXMDSoASAFQAw%3D%3D"
"Nissan","Vintage","GT-R KPGC110","White","2009","parked","10","0","10","","https://www.google.dk/maps/@35.5516228,139.5216521,3a,25.1y,123.16h,77.64t/data=!3m8!1e1!3m6!1smySN4LKfWZnwDSnB0oPXcA!2e0!5s20090801T000000!6shttps:%2F%2Fstreetviewpixels-pa.googleapis.com%2Fv1%2Fthumbnail%3Fcb_client%3Dmaps_sv.tactile%26w%3D900%26h%3D600%26pitch%3D12.359126593134107%26panoid%3DmySN4LKfWZnwDSnB0oPXcA%26yaw%3D123.16180350526129!7i13312!8i6656?hl=da&entry=ttu&g_ep=EgoyMDI1MDEyNi4wIKXMDSoASAFQAw%3D%3D"
"Nissan","Vintage","240Z","White","2010","parked","6","0","6","","https://www.google.dk/maps/@35.4249106,139.4305528,3a,44.6y,151.84h,68.14t/data=!3m8!1e1!3m6!1saVRNsOBP8coJgOscGFcDEw!2e0!5s20101201T000000!6shttps:%2F%2Fstreetviewpixels-pa.googleapis.com%2Fv1%2Fthumbnail%3Fcb_client%3Dmaps_sv.tactile%26w%3D900%26h%3D600%26pitch%3D21.859191591062228%26panoid%3DaVRNsOBP8coJgOscGFcDEw%26yaw%3D151.8376111553885!7i13312!8i6656?hl=da&entry=ttu&g_ep=EgoyMDI1MDEyNi4wIKXMDSoASAFQAw%3D%3D"
"Nissan","Skyline R32","GT-R","Grey","2013","parked","7","0","7","","https://www.google.dk/maps/@35.748456,139.6465968,3a,19.3y,28.31h,80.5t/data=!3m8!1e1!3m6!1sKZxjeKrG_ZN1KZ7HH1ROJg!2e0!5s20130601T000000!6shttps:%2F%2Fstreetviewpixels-pa.googleapis.com%2Fv1%2Fthumbnail%3Fcb_client%3Dmaps_sv.tactile%26w%3D900%26h%3D600%26pitch%3D9.501683778183377%26panoid%3DKZxjeKrG_ZN1KZ7HH1ROJg%26yaw%3D28.314262277407384!7i13312!8i6656?hl=da&entry=ttu&g_ep=EgoyMDI1MDEyNi4wIKXMDSoASAFQAw%3D%3D"
"Nissan","Skyline R32","GT-R","White","2022","parked","7","1","8","V-Spec II","https://www.google.dk/maps/@35.6109733,139.680338,3a,16y,188.54h,84.29t/data=!3m8!1e1!3m6!1sVRCiNq9U_g8NVeotispIlA!2e0!5s20221001T000000!6shttps:%2F%2Fstreetviewpixels-pa.googleapis.com%2Fv1%2Fthumbnail%3Fcb_client%3Dmaps_sv.tactile%26w%3D900%26h%3D600%26pitch%3D5.709999999999994%26panoid%3DVRCiNq9U_g8NVeotispIlA%26yaw%3D188.54!7i16384!8i8192?hl=da&entry=ttu&g_ep=EgoyMDI1MDEyNi4wIKXMDSoASAFQAw%3D%3D"
"Nissan","Skyline R32","GT-R","Red","2022","parked","7","0","7","Disrespected","https://www.google.dk/maps/@35.5994955,139.6172291,3a,41.8y,57.72h,75.3t/data=!3m8!1e1!3m6!1sQ5wgYEd6wKp24Ug9mlPOkg!2e0!5s20220701T000000!6shttps:%2F%2Fstreetviewpixels-pa.googleapis.com%2Fv1%2Fthumbnail%3Fcb_client%3Dmaps_sv.tactile%26w%3D900%26h%3D600%26pitch%3D14.704602165677244%26panoid%3DQ5wgYEd6wKp24Ug9mlPOkg%26yaw%3D57.72465833325729!7i16384!8i8192?hl=da&entry=ttu&g_ep=EgoyMDI1MDEyNi4wIKXMDSoASAFQAw%3D%3D"
"Nissan","Skyline R32","GT-R","Grey","2019","parked","7","0","7","Enkei RS3","https://www.google.dk/maps/@35.5081848,139.6438638,3a,23.5y,255.23h,79.22t/data=!3m8!1e1!3m6!1su9d3AsLfn41hvuIWaY4Zow!2e0!5s20190401T000000!6shttps:%2F%2Fstreetviewpixels-pa.googleapis.com%2Fv1%2Fthumbnail%3Fcb_client%3Dmaps_sv.tactile%26w%3D900%26h%3D600%26pitch%3D10.783410503223678%26panoid%3Du9d3AsLfn41hvuIWaY4Zow%26yaw%3D255.23496837330765!7i16384!8i8192?hl=da&entry=ttu&g_ep=EgoyMDI1MDEyNi4wIKXMDSoASAFQAw%3D%3D"
"Nissan","Skyline R32","GT-R","Grey","2022","parked","7","0","7","","https://www.google.dk/maps/@35.7454567,139.6919533,3a,43.2y,348.79h,76.43t/data=!3m8!1e1!3m6!1sinP_qxmLpFUPWuxSqFxffA!2e0!5s20220701T000000!6shttps:%2F%2Fstreetviewpixels-pa.googleapis.com%2Fv1%2Fthumbnail%3Fcb_client%3Dmaps_sv.tactile%26w%3D900%26h%3D600%26pitch%3D13.569999999999993%26panoid%3DinP_qxmLpFUPWuxSqFxffA%26yaw%3D348.79!7i16384!8i8192?hl=da&entry=ttu&g_ep=EgoyMDI1MDEyNi4wIKXMDSoASAFQAw%3D%3D"
"Nissan","Skyline R32","GT-R","Silver","2013","parked","7","0","7","TE37","https://www.google.dk/maps/@35.7360295,139.890466,3a,41.2y,48.64h,75.13t/data=!3m8!1e1!3m6!1s0NG7XBCEaBbDUYiCKQJS5Q!2e0!5s20130701T000000!6shttps:%2F%2Fstreetviewpixels-pa.googleapis.com%2Fv1%2Fthumbnail%3Fcb_client%3Dmaps_sv.tactile%26w%3D900%26h%3D600%26pitch%3D14.870000000000005%26panoid%3D0NG7XBCEaBbDUYiCKQJS5Q%26yaw%3D48.64!7i13312!8i6656?hl=da&entry=ttu&g_ep=EgoyMDI1MDEyNi4wIKXMDSoASAFQAw%3D%3D"
"Nissan","Skyline R32","GT-R","Yellow","2013","parked","7","1","8","Heavily modified","https://www.google.dk/maps/@35.7630581,139.6203803,3a,20.6y,45.28h,84.55t/data=!3m8!1e1!3m6!1sLHf568MXXPTboMIqTL6gUQ!2e0!5s20130601T000000!6shttps:%2F%2Fstreetviewpixels-pa.googleapis.com%2Fv1%2Fthumbnail%3Fcb_client%3Dmaps_sv.tactile%26w%3D900%26h%3D600%26pitch%3D5.450000000000003%26panoid%3DLHf568MXXPTboMIqTL6gUQ%26yaw%3D45.28!7i13312!8i6656?hl=da&entry=ttu&g_ep=EgoyMDI1MDEyNi4wIKXMDSoASAFQAw%3D%3D"
"Nissan","Skyline R32","GT-R","Silver","2012","parked","7","0","7","","https://www.google.dk/maps/@35.8248296,139.6645879,3a,24.8y,271.25h,84.46t/data=!3m8!1e1!3m6!1sQRK26haakApenhX2okfL_g!2e0!5s20120401T000000!6shttps:%2F%2Fstreetviewpixels-pa.googleapis.com%2Fv1%2Fthumbnail%3Fcb_client%3Dmaps_sv.tactile%26w%3D900%26h%3D600%26pitch%3D5.54103847084275%26panoid%3DQRK26haakApenhX2okfL_g%26yaw%3D271.2477374332844!7i13312!8i6656?hl=da&entry=ttu&g_ep=EgoyMDI1MDEyNi4wIKXMDSoASAFQAw%3D%3D"
"Combos","Other","Other","Black","2010","parked","1","7","8","Nissan Skyline R32 GT-R and Nissan Silvia PS13","https://www.google.dk/maps/@35.8489139,139.8187707,3a,28y,46.18h,75.39t/data=!3m8!1e1!3m6!1sZP-29gULIe9NGZToo8CPkw!2e0!5s20100301T000000!6shttps:%2F%2Fstreetviewpixels-pa.googleapis.com%2Fv1%2Fthumbnail%3Fcb_client%3Dmaps_sv.tactile%26w%3D900%26h%3D600%26pitch%3D14.61044806876555%26panoid%3DZP-29gULIe9NGZToo8CPkw%26yaw%3D46.18017175097688!7i13312!8i6656?hl=da&entry=ttu&g_ep=EgoyMDI1MDEyNi4wIKXMDSoASAFQAw%3D%3D"
"Nissan","Skyline R32","GT-R","White","2011","parked","7","2","9","It has an S1 sticker on the back, indicating that it has a Nismo built engine. Also parked next to a Skyline R33 GTS-T","https://www.google.dk/maps/@34.38318,132.4421764,3a,36.4y,223.9h,71.01t/data=!3m8!1e1!3m6!1swRTTBb3ymE1lzRzIQBu0fg!2e0!5s20110601T000000!6shttps:%2F%2Fstreetviewpixels-pa.googleapis.com%2Fv1%2Fthumbnail%3Fcb_client%3Dmaps_sv.tactile%26w%3D900%26h%3D600%26pitch%3D18.993466721536393%26panoid%3DwRTTBb3ymE1lzRzIQBu0fg%26yaw%3D223.90039452761116!7i13312!8i6656?hl=da&entry=ttu&g_ep=EgoyMDI1MDEyNi4wIKXMDSoASAFQAw%3D%3D"
"Nissan","Skyline R32","GT-R","White","2014","parked","7","0","7","","https://www.google.dk/maps/@35.8443457,139.9743479,3a,32.8y,53.35h,75.13t/data=!3m8!1e1!3m6!1syKQyFWeNrnCG2wMh9EwbQQ!2e0!5s20140301T000000!6shttps:%2F%2Fstreetviewpixels-pa.googleapis.com%2Fv1%2Fthumbnail%3Fcb_client%3Dmaps_sv.tactile%26w%3D900%26h%3D600%26pitch%3D14.87385402666213%26panoid%3DyKQyFWeNrnCG2wMh9EwbQQ%26yaw%3D53.34820638244777!7i13312!8i6656?hl=da&entry=ttu&g_ep=EgoyMDI1MDEyNi4wIKXMDSoASAFQAw%3D%3D"
"Honda","Civic EP","EP3 Type R","White","2015","parked","7","0","7","","https://www.google.dk/maps/@35.9462486,139.7086923,3a,41.2y,279.1h,74.45t/data=!3m8!1e1!3m6!1sNvwMjjaCiMMLxd1QRXhFWQ!2e0!5s20150801T000000!6shttps:%2F%2Fstreetviewpixels-pa.googleapis.com%2Fv1%2Fthumbnail%3Fcb_client%3Dmaps_sv.tactile%26w%3D900%26h%3D600%26pitch%3D15.551607642025488%26panoid%3DNvwMjjaCiMMLxd1QRXhFWQ%26yaw%3D279.09676676134757!7i13312!8i6656?hl=da&entry=ttu&g_ep=EgoyMDI1MDEyNi4wIKXMDSoASAFQAw%3D%3D"
"Nissan","Skyline R32","GT-R","White","2019","parked","7","2","9","Full race spec car","https://www.google.dk/maps/@35.5202749,139.5787682,3a,49y,344.81h,63.87t/data=!3m8!1e1!3m6!1subk3EPIkIg9gehj_HTl6pQ!2e0!5s20190401T000000!6shttps:%2F%2Fstreetviewpixels-pa.googleapis.com%2Fv1%2Fthumbnail%3Fcb_client%3Dmaps_sv.tactile%26w%3D900%26h%3D600%26pitch%3D26.131364386533782%26panoid%3Dubk3EPIkIg9gehj_HTl6pQ%26yaw%3D344.81111451890183!7i16384!8i8192?hl=da&entry=ttu&g_ep=EgoyMDI1MDEyNi4wIKXMDSoASAFQAw%3D%3D"
"Nissan","Skyline R33","GT-R","White","2014","parked","7","0","7","Top Secret bodykit, hood and mirrors","https://www.google.dk/maps/@35.5616242,139.524182,3a,28.6y,237.12h,74.66t/data=!3m8!1e1!3m6!1sYiuFz_l-JLfxKmyTUJS4Ww!2e0!5s20140201T000000!6shttps:%2F%2Fstreetviewpixels-pa.googleapis.com%2Fv1%2Fthumbnail%3Fcb_client%3Dmaps_sv.tactile%26w%3D900%26h%3D600%26pitch%3D15.336770087745023%26panoid%3DYiuFz_l-JLfxKmyTUJS4Ww%26yaw%3D237.1182751294637!7i13312!8i6656?hl=da&entry=ttu&g_ep=EgoyMDI1MDEyNi4wIKXMDSoASAFQAw%3D%3D"
"Nissan","Skyline R33","Autech 4-door GT-R","White","2010","parked","9","0","9","","https://www.google.dk/maps/@35.6279137,139.4381907,3a,15y,64.3h,87.35t/data=!3m8!1e1!3m6!1s7VSv7uP6ZDsRe9OTp5WycA!2e0!5s20100301T000000!6shttps:%2F%2Fstreetviewpixels-pa.googleapis.com%2Fv1%2Fthumbnail%3Fcb_client%3Dmaps_sv.tactile%26w%3D900%26h%3D600%26pitch%3D2.6457930579731226%26panoid%3D7VSv7uP6ZDsRe9OTp5WycA%26yaw%3D64.30215632483913!7i13312!8i6656?hl=da&entry=ttu&g_ep=EgoyMDI1MDEyNi4wIKXMDSoASAFQAw%3D%3D"
"Nissan","Skyline R33","GTS-T","Silver","2015","parked","3","1","4","Street drifter, some visual mods","https://www.google.dk/maps/@35.4515239,139.4984344,3a,27.7y,222.61h,74.28t/data=!3m8!1e1!3m6!1stL22ZBgYNSiDg7kHY7HsmA!2e0!5s20150701T000000!6shttps:%2F%2Fstreetviewpixels-pa.googleapis.com%2Fv1%2Fthumbnail%3Fcb_client%3Dmaps_sv.tactile%26w%3D900%26h%3D600%26pitch%3D15.716224823623548%26panoid%3DtL22ZBgYNSiDg7kHY7HsmA%26yaw%3D222.61107672062002!7i13312!8i6656?hl=da&entry=ttu&g_ep=EgoyMDI1MDEyNi4wIKXMDSoASAFQAw%3D%3D"
"Nissan","Skyline R33","GT-R","Silver","2009","driving","7","0.5","7.5","TE37","https://www.google.dk/maps/@35.7704418,139.5650236,3a,41.2y,66.27h,71.91t/data=!3m8!1e1!3m6!1sOzEu-Z9p6_gDCU2NKWra1g!2e0!5s20090801T000000!6shttps:%2F%2Fstreetviewpixels-pa.googleapis.com%2Fv1%2Fthumbnail%3Fcb_client%3Dmaps_sv.tactile%26w%3D900%26h%3D600%26pitch%3D18.090000000000003%26panoid%3DOzEu-Z9p6_gDCU2NKWra1g%26yaw%3D66.27!7i13312!8i6656?hl=da&entry=ttu&g_ep=EgoyMDI1MDEyNi4wIKXMDSoASAFQAw%3D%3D"
"Nissan","Skyline R33","GT-R","White","2017","parked","7","0","7","","https://www.google.dk/maps/@35.5403026,140.1278124,3a,60.7y,167.2h,76.33t/data=!3m8!1e1!3m6!1see5-0sjJZogXfELcr6BHEQ!2e0!5s20170301T000000!6shttps:%2F%2Fstreetviewpixels-pa.googleapis.com%2Fv1%2Fthumbnail%3Fcb_client%3Dmaps_sv.tactile%26w%3D900%26h%3D600%26pitch%3D13.672028763700979%26panoid%3Dee5-0sjJZogXfELcr6BHEQ%26yaw%3D167.20409866210275!7i13312!8i6656?hl=da&entry=ttu&g_ep=EgoyMDI1MDEyNi4wIKXMDSoASAFQAw%3D%3D"
"Nissan","Skyline R33","GT-R","White","2013","parked","7","0","7","Peekaboo!","https://www.google.dk/maps/@35.7507538,139.6167315,3a,33.1y,253.14h,73.18t/data=!3m8!1e1!3m6!1sEWM7DXh8dVDK8L93ESRamQ!2e0!5s20130601T000000!6shttps:%2F%2Fstreetviewpixels-pa.googleapis.com%2Fv1%2Fthumbnail%3Fcb_client%3Dmaps_sv.tactile%26w%3D900%26h%3D600%26pitch%3D16.81896487982607%26panoid%3DEWM7DXh8dVDK8L93ESRamQ%26yaw%3D253.14276677995363!7i13312!8i6656?hl=da&entry=ttu&g_ep=EgoyMDI1MDEyNi4wIKXMDSoASAFQAw%3D%3D"
"Nissan","Skyline R33","GTS-T","Silver","2022","parked","3","0","3","Drift missile","https://www.google.dk/maps/@35.7467583,139.5779351,3a,28.2y,179.71h,86.35t/data=!3m8!1e1!3m6!1sWxx_85qHkD1xiz7grSqXrw!2e0!5s20221001T000000!6shttps:%2F%2Fstreetviewpixels-pa.googleapis.com%2Fv1%2Fthumbnail%3Fcb_client%3Dmaps_sv.tactile%26w%3D900%26h%3D600%26pitch%3D3.6500000000000057%26panoid%3DWxx_85qHkD1xiz7grSqXrw%26yaw%3D179.71!7i16384!8i8192?hl=da&entry=ttu&g_ep=EgoyMDI1MDEyNi4wIKXMDSoASAFQAw%3D%3D"
"Nissan","Skyline R33","Autech 4-door GT-R","White","2014","parked","9","0","9","BBS LM","https://www.google.dk/maps/@35.563989,139.4784948,3a,29y,80.37h,75.51t/data=!3m8!1e1!3m6!1sO1VMCdUqo4msmwXoYd7Obg!2e0!5s20140201T000000!6shttps:%2F%2Fstreetviewpixels-pa.googleapis.com%2Fv1%2Fthumbnail%3Fcb_client%3Dmaps_sv.tactile%26w%3D900%26h%3D600%26pitch%3D14.4931905009676%26panoid%3DO1VMCdUqo4msmwXoYd7Obg%26yaw%3D80.36644560498962!7i13312!8i6656?hl=da&entry=ttu&g_ep=EgoyMDI1MDEyNi4wIKXMDSoASAFQAw%3D%3D"
"Nissan","Skyline R33","GT-R","Purple","2013","parked","7","0","7","","https://www.google.dk/maps/@35.6972338,139.8645138,3a,64.7y,7.76h,65.07t/data=!3m8!1e1!3m6!1seiufvZG2xneH9T6CCgMldQ!2e0!5s20130701T000000!6shttps:%2F%2Fstreetviewpixels-pa.googleapis.com%2Fv1%2Fthumbnail%3Fcb_client%3Dmaps_sv.tactile%26w%3D900%26h%3D600%26pitch%3D24.926805773195326%26panoid%3DeiufvZG2xneH9T6CCgMldQ%26yaw%3D7.760412237166993!7i13312!8i6656?hl=da&entry=ttu&g_ep=EgoyMDI1MDEyNi4wIKXMDSoASAFQAw%3D%3D"
"Nissan","Skyline R33","GT-R","White","2015","parked","7","0","7","Work Meister","https://www.google.dk/maps/@35.5202225,139.5716675,3a,30.1y,119.89h,79.57t/data=!3m8!1e1!3m6!1sae9EBN5azAVtwwiDLPUj6w!2e0!5s20090901T000000!6shttps:%2F%2Fstreetviewpixels-pa.googleapis.com%2Fv1%2Fthumbnail%3Fcb_client%3Dmaps_sv.tactile%26w%3D900%26h%3D600%26pitch%3D10.430000000000007%26panoid%3Dae9EBN5azAVtwwiDLPUj6w%26yaw%3D119.89!7i13312!8i6656?hl=da&entry=ttu&g_ep=EgoyMDI1MDEyNi4wIKXMDSoASAFQAw%3D%3D"
"Nissan","Skyline R33","GT-R","Black","2021","parked","7","0","7","Some visual mods","https://www.google.dk/maps/@35.5134987,139.5655585,3a,19.9y,60.13h,81.05t/data=!3m8!1e1!3m6!1sf7LboJmazqxqKgZUc-_ShQ!2e0!5s20210401T000000!6shttps:%2F%2Fstreetviewpixels-pa.googleapis.com%2Fv1%2Fthumbnail%3Fcb_client%3Dmaps_sv.tactile%26w%3D900%26h%3D600%26pitch%3D8.953829651434475%26panoid%3Df7LboJmazqxqKgZUc-_ShQ%26yaw%3D60.13458572164715!7i16384!8i8192?hl=da&entry=ttu&g_ep=EgoyMDI1MDEyNi4wIKXMDSoASAFQAw%3D%3D"
"Nissan","Skyline R33","GT-R","White","2018","parked","7","0","7","","https://www.google.dk/maps/@35.4816695,139.5375416,3a,22.3y,223.62h,80t/data=!3m8!1e1!3m6!1sAqG_Xo7FXUtaIZZVBpLCFw!2e0!5s20181001T000000!6shttps:%2F%2Fstreetviewpixels-pa.googleapis.com%2Fv1%2Fthumbnail%3Fcb_client%3Dmaps_sv.tactile%26w%3D900%26h%3D600%26pitch%3D9.997425076417287%26panoid%3DAqG_Xo7FXUtaIZZVBpLCFw%26yaw%3D223.62222222809436!7i16384!8i8192?hl=da&entry=ttu&g_ep=EgoyMDI1MDEyNi4wIKXMDSoASAFQAw%3D%3D"
"Nissan","Skyline R33","GT-R","White","2015","parked","7","0","7","","https://www.google.dk/maps/@35.3348804,139.4583919,3a,29y,286.02h,79.54t/data=!3m8!1e1!3m6!1sb4eUOMdGX9zy4yVWQiG1Iw!2e0!5s20150901T000000!6shttps:%2F%2Fstreetviewpixels-pa.googleapis.com%2Fv1%2Fthumbnail%3Fcb_client%3Dmaps_sv.tactile%26w%3D900%26h%3D600%26pitch%3D10.45941155254647%26panoid%3Db4eUOMdGX9zy4yVWQiG1Iw%26yaw%3D286.02445074675694!7i13312!8i6656?hl=da&entry=ttu&g_ep=EgoyMDI1MDEyNi4wIKXMDSoASAFQAw%3D%3D"
"Nissan","Skyline R33","GT-R","Purple","2010","parked","7","0","7","TE37","https://www.google.dk/maps/@35.4437111,139.4840449,3a,41.2y,302.07h,69.81t/data=!3m8!1e1!3m6!1sMQfM6GDJyXjdi-TmjMzHbg!2e0!5s20100801T000000!6shttps:%2F%2Fstreetviewpixels-pa.googleapis.com%2Fv1%2Fthumbnail%3Fcb_client%3Dmaps_sv.tactile%26w%3D900%26h%3D600%26pitch%3D20.18999930739878%26panoid%3DMQfM6GDJyXjdi-TmjMzHbg%26yaw%3D302.074835236504!7i13312!8i6656?hl=da&entry=ttu&g_ep=EgoyMDI1MDEyNi4wIKXMDSoASAFQAw%3D%3D"
"Nissan","GT-R","R35","Grey","2022","parked","7","0","7","Huge rear wing","https://www.google.dk/maps/@35.5347782,139.6427675,3a,39.4y,205.01h,67.94t/data=!3m8!1e1!3m6!1sOCWJL_gDFlquNqCkYctT3w!2e0!5s20221101T000000!6shttps:%2F%2Fstreetviewpixels-pa.googleapis.com%2Fv1%2Fthumbnail%3Fcb_client%3Dmaps_sv.tactile%26w%3D900%26h%3D600%26pitch%3D22.060000000000002%26panoid%3DOCWJL_gDFlquNqCkYctT3w%26yaw%3D205.01!7i16384!8i8192?hl=da&entry=ttu&g_ep=EgoyMDI1MDEyNi4wIKXMDSoASAFQAw%3D%3D"
"Nissan","GT-R","R35","Grey","2015","parked","7","0","7","Aftermarket spoiler","https://www.google.dk/maps/@35.6896759,140.0070285,3a,39.3y,66.64h,76.89t/data=!3m8!1e1!3m6!1sPZ9CD1Iu7zQcpQ3BMTlW6w!2e0!5s20150801T000000!6shttps:%2F%2Fstreetviewpixels-pa.googleapis.com%2Fv1%2Fthumbnail%3Fcb_client%3Dmaps_sv.tactile%26w%3D900%26h%3D600%26pitch%3D13.11%26panoid%3DPZ9CD1Iu7zQcpQ3BMTlW6w%26yaw%3D66.64!7i13312!8i6656?hl=da&entry=ttu&g_ep=EgoyMDI1MDEyNi4wIKXMDSoASAFQAw%3D%3D"
"Nissan","GT-R","R35","Silver","2009","parked","7","0","7","","https://www.google.dk/maps/@35.6383107,139.7102788,3a,69.6y,198.76h,67.2t/data=!3m8!1e1!3m6!1s6Hjnregg2mfJpc49ukaaYw!2e0!5s20091201T000000!6shttps:%2F%2Fstreetviewpixels-pa.googleapis.com%2Fv1%2Fthumbnail%3Fcb_client%3Dmaps_sv.tactile%26w%3D900%26h%3D600%26pitch%3D22.799999999999997%26panoid%3D6Hjnregg2mfJpc49ukaaYw%26yaw%3D198.76!7i13312!8i6656?hl=da&entry=ttu&g_ep=EgoyMDI1MDEyNi4wIKXMDSoASAFQAw%3D%3D"
"Nissan","GT-R","R35","White","2009","parked","7","0","7","","https://www.google.dk/maps/@35.4909439,139.5756607,3a,35.3y,13.82h,73.72t/data=!3m8!1e1!3m6!1sz6xB-VKesfjFojtSeKXn2g!2e0!5s20091001T000000!6shttps:%2F%2Fstreetviewpixels-pa.googleapis.com%2Fv1%2Fthumbnail%3Fcb_client%3Dmaps_sv.tactile%26w%3D900%26h%3D600%26pitch%3D16.27910170081364%26panoid%3Dz6xB-VKesfjFojtSeKXn2g%26yaw%3D13.823974762152197!7i13312!8i6656?hl=da&entry=ttu&g_ep=EgoyMDI1MDEyNi4wIKXMDSoASAFQAw%3D%3D"
"Nissan","GT-R","R35","Grey","2010","parked","7","0","7","","https://www.google.dk/maps/@35.519771,139.6939221,3a,15y,254.71h,87.31t/data=!3m8!1e1!3m6!1sXFg5BrbARUIIeFVmmaGzsw!2e0!5s20100201T000000!6shttps:%2F%2Fstreetviewpixels-pa.googleapis.com%2Fv1%2Fthumbnail%3Fcb_client%3Dmaps_sv.tactile%26w%3D900%26h%3D600%26pitch%3D2.6899999999999977%26panoid%3DXFg5BrbARUIIeFVmmaGzsw%26yaw%3D254.71!7i13312!8i6656?hl=da&entry=ttu&g_ep=EgoyMDI1MDEyNi4wIKXMDSoASAFQAw%3D%3D"
"Nissan","GT-R","R35","Silver","2019","parked","7","0","7","","https://www.google.dk/maps/@35.8234871,139.6772486,3a,24.9y,202.58h,87.59t/data=!3m8!1e1!3m6!1scv33k9cmBWYGXmIe4y0OOA!2e0!5s20190501T000000!6shttps:%2F%2Fstreetviewpixels-pa.googleapis.com%2Fv1%2Fthumbnail%3Fcb_client%3Dmaps_sv.tactile%26w%3D900%26h%3D600%26pitch%3D2.4099999999999966%26panoid%3Dcv33k9cmBWYGXmIe4y0OOA%26yaw%3D202.58!7i16384!8i8192?hl=da&entry=ttu&g_ep=EgoyMDI1MDEyNi4wIKXMDSoASAFQAw%3D%3D"
"Nissan","Silvia S13","K's","Silver","2009","parked","6","0","6","Two-tone paint","https://www.google.dk/maps/@35.4757262,139.538736,3a,20.4y,159.72h,85.99t/data=!3m8!1e1!3m6!1sSXlNZlxbbg7ctq6DJada7A!2e0!5s20091001T000000!6shttps:%2F%2Fstreetviewpixels-pa.googleapis.com%2Fv1%2Fthumbnail%3Fcb_client%3Dmaps_sv.tactile%26w%3D900%26h%3D600%26pitch%3D4.010000000000005%26panoid%3DSXlNZlxbbg7ctq6DJada7A%26yaw%3D159.72!7i13312!8i6656?hl=da&entry=ttu&g_ep=EgoyMDI1MDEyNi4wIKXMDSoASAFQAw%3D%3D"
"Nissan","Silvia S13","K's","White","2019","parked","6","0","6","Some visual mods","https://www.google.dk/maps/@35.4581054,139.5813043,3a,29.4y,169.39h,79.36t/data=!3m8!1e1!3m6!1sVuhfxcqy1CNPev7BYg9mTA!2e0!5s20190601T000000!6shttps:%2F%2Fstreetviewpixels-pa.googleapis.com%2Fv1%2Fthumbnail%3Fcb_client%3Dmaps_sv.tactile%26w%3D900%26h%3D600%26pitch%3D10.64%26panoid%3DVuhfxcqy1CNPev7BYg9mTA%26yaw%3D169.39!7i16384!8i8192?hl=da&entry=ttu&g_ep=EgoyMDI1MDEyNi4wIKXMDSoASAFQAw%3D%3D"
"Nissan","Silvia S13","Base","Yellow","2018","parked","5","0","5","Roll cage","https://www.google.dk/maps/@35.9205557,139.8160798,3a,57.3y,207.83h,68.96t/data=!3m8!1e1!3m6!1sCOnweS2MncXn9WzM5HMTIg!2e0!5s20180901T000000!6shttps:%2F%2Fstreetviewpixels-pa.googleapis.com%2Fv1%2Fthumbnail%3Fcb_client%3Dmaps_sv.tactile%26w%3D900%26h%3D600%26pitch%3D21.040000000000006%26panoid%3DCOnweS2MncXn9WzM5HMTIg%26yaw%3D207.83!7i16384!8i8192?hl=da&entry=ttu&g_ep=EgoyMDI1MDEyNi4wIKXMDSoASAFQAw%3D%3D"
"Nissan","Silvia S13","K's","Grey","2009","parked","6","0","6","Two-tone paint","https://www.google.dk/maps/@35.7590144,139.9310248,3a,55.3y,169.41h,69.94t/data=!3m8!1e1!3m6!1sXFvxeHGvrXAbHO2TaBI0tg!2e0!5s20090701T000000!6shttps:%2F%2Fstreetviewpixels-pa.googleapis.com%2Fv1%2Fthumbnail%3Fcb_client%3Dmaps_sv.tactile%26w%3D900%26h%3D600%26pitch%3D20.061172920200164%26panoid%3DXFvxeHGvrXAbHO2TaBI0tg%26yaw%3D169.40704358228894!7i13312!8i6656?hl=da&entry=ttu&g_ep=EgoyMDI1MDEyNi4wIKXMDSoASAFQAw%3D%3D"
"Nissan","180SX","Type X","White","2015","parked","1","5","6","Some visual mods","https://www.google.dk/maps/@35.4515425,139.4985412,3a,56.6y,141.02h,67.99t/data=!3m8!1e1!3m6!1s1eJyLMVvY7TdC3nZWTLDnQ!2e0!5s20150701T000000!6shttps:%2F%2Fstreetviewpixels-pa.googleapis.com%2Fv1%2Fthumbnail%3Fcb_client%3Dmaps_sv.tactile%26w%3D900%26h%3D600%26pitch%3D22.008145060033172%26panoid%3D1eJyLMVvY7TdC3nZWTLDnQ%26yaw%3D141.0187091435255!7i13312!8i6656?hl=da&entry=ttu&g_ep=EgoyMDI1MDEyNi4wIKXMDSoASAFQAw%3D%3D"
"Nissan","Silvia S13","K's","Silver","2022","parked","6","1","7","Yokohama Super Advan, two-tone paint","https://www.google.dk/maps/@35.5032716,139.689212,3a,17.3y,65.19h,83.37t/data=!3m8!1e1!3m6!1sV48G7WxaE0rDfaX513Lm_w!2e0!5s20221101T000000!6shttps:%2F%2Fstreetviewpixels-pa.googleapis.com%2Fv1%2Fthumbnail%3Fcb_client%3Dmaps_sv.tactile%26w%3D900%26h%3D600%26pitch%3D6.6299999999999955%26panoid%3DV48G7WxaE0rDfaX513Lm_w%26yaw%3D65.19!7i16384!8i8192?hl=da&entry=ttu&g_ep=EgoyMDI1MDEyNi4wIKXMDSoASAFQAw%3D%3D"
"Nissan","Silvia S13","K's","White","2016","parked","6","0","6","Two-tone paint","https://www.google.dk/maps/@35.5467665,139.6505322,3a,25.1y,107.72h,79.95t/data=!3m8!1e1!3m6!1sqYWhOkko4X_9a0FlRvCd3Q!2e0!5s20160501T000000!6shttps:%2F%2Fstreetviewpixels-pa.googleapis.com%2Fv1%2Fthumbnail%3Fcb_client%3Dmaps_sv.tactile%26w%3D900%26h%3D600%26pitch%3D10.049999999999997%26panoid%3DqYWhOkko4X_9a0FlRvCd3Q%26yaw%3D107.72!7i13312!8i6656?hl=da&entry=ttu&g_ep=EgoyMDI1MDEyNi4wIKXMDSoASAFQAw%3D%3D"
"Nissan","180SX","Base","White","2009","parked","4","1","5","PS13 front swap","https://www.google.dk/maps/@35.5315171,139.6082214,3a,35.5y,142.71h,71.6t/data=!3m8!1e1!3m6!1scDShIYY504_x1Xl9DV5RRA!2e0!5s20090901T000000!6shttps:%2F%2Fstreetviewpixels-pa.googleapis.com%2Fv1%2Fthumbnail%3Fcb_client%3Dmaps_sv.tactile%26w%3D900%26h%3D600%26pitch%3D18.404639815097312%26panoid%3DcDShIYY504_x1Xl9DV5RRA%26yaw%3D142.70535375615384!7i13312!8i6656?hl=da&entry=ttu&g_ep=EgoyMDI1MDEyNi4wIKXMDSoASAFQAw%3D%3D"
"Nissan","Silvia S13","Base","White","2009","parked","5","1","6","Many visual mods, roll cage","https://www.google.dk/maps/@35.5051729,139.6607616,3a,15.4y,51.68h,80.84t/data=!3m8!1e1!3m6!1sTBlDjLvidO1CXx60013Ehg!2e0!5s20090701T000000!6shttps:%2F%2Fstreetviewpixels-pa.googleapis.com%2Fv1%2Fthumbnail%3Fcb_client%3Dmaps_sv.tactile%26w%3D900%26h%3D600%26pitch%3D9.161388876596035%26panoid%3DTBlDjLvidO1CXx60013Ehg%26yaw%3D51.67934279636062!7i13312!8i6656?hl=da&entry=ttu&g_ep=EgoyMDI1MDEyNi4wIKXMDSoASAFQAw%3D%3D"
"Nissan","180SX","Base","Red","2023","parked","4","0.5","4.5","Many visual mods","https://www.google.dk/maps/@35.5754106,139.565218,3a,15y,211.56h,90.32t/data=!3m8!1e1!3m6!1snUd4ZGM2ZYA8EdeCDiJOmg!2e0!5s20230901T000000!6shttps:%2F%2Fstreetviewpixels-pa.googleapis.com%2Fv1%2Fthumbnail%3Fcb_client%3Dmaps_sv.tactile%26w%3D900%26h%3D600%26pitch%3D-0.3199999999999932%26panoid%3DnUd4ZGM2ZYA8EdeCDiJOmg%26yaw%3D211.56!7i16384!8i8192?hl=da&entry=ttu&g_ep=EgoyMDI1MDEyNi4wIKXMDSoASAFQAw%3D%3D"
"Nissan","Silvia S13","K's","Grey","2019","parked","6","0","6","","https://www.google.dk/maps/@35.7361629,139.6579291,3a,73.9y,302.39h,60.82t/data=!3m8!1e1!3m6!1sEIhwg0vckzwM3Joc88qNIg!2e0!5s20190301T000000!6shttps:%2F%2Fstreetviewpixels-pa.googleapis.com%2Fv1%2Fthumbnail%3Fcb_client%3Dmaps_sv.tactile%26w%3D900%26h%3D600%26pitch%3D29.17996089589918%26panoid%3DEIhwg0vckzwM3Joc88qNIg%26yaw%3D302.3860224487858!7i16384!8i8192?hl=da&entry=ttu&g_ep=EgoyMDI1MDEyNi4wIKXMDSoASAFQAw%3D%3D"
"Nissan","Silvia S13","K's","Black","2009","parked","6","2","8","Full unpainted widebody kit","https://www.google.dk/maps/@35.7609728,139.6184043,3a,15y,5.39h,92.01t/data=!3m8!1e1!3m6!1sFZqztg-4HoYbmUrYIIiHxw!2e0!5s20090901T000000!6shttps:%2F%2Fstreetviewpixels-pa.googleapis.com%2Fv1%2Fthumbnail%3Fcb_client%3Dmaps_sv.tactile%26w%3D900%26h%3D600%26pitch%3D-2.01319729740608%26panoid%3DFZqztg-4HoYbmUrYIIiHxw%26yaw%3D5.3860068570008135!7i13312!8i6656?hl=da&entry=ttu&g_ep=EgoyMDI1MDEyNi4wIKXMDSoASAFQAw%3D%3D"
"Nissan","180SX","Base","Black","2010","parked","4","0","4","Street drifter","https://www.google.dk/maps/@35.6888541,140.0759143,3a,35.9y,199.55h,74.91t/data=!3m8!1e1!3m6!1sfIYEdMvYGxzpULCNOl047w!2e0!5s20101201T000000!6shttps:%2F%2Fstreetviewpixels-pa.googleapis.com%2Fv1%2Fthumbnail%3Fcb_client%3Dmaps_sv.tactile%26w%3D900%26h%3D600%26pitch%3D15.091204872023127%26panoid%3DfIYEdMvYGxzpULCNOl047w%26yaw%3D199.54940002694534!7i13312!8i6656?hl=da&entry=ttu&g_ep=EgoyMDI1MDEyNi4wIKXMDSoASAFQAw%3D%3D"
"Nissan","Silvia S13","K's","Silver","2014","parked","6","2","8","Nismo LMGT2 ","https://www.google.dk/maps/@35.7624719,139.902724,3a,25.3y,96.84h,76.64t/data=!3m8!1e1!3m6!1s5zNievwNsQZkJvHHckPXnw!2e0!5s20140301T000000!6shttps:%2F%2Fstreetviewpixels-pa.googleapis.com%2Fv1%2Fthumbnail%3Fcb_client%3Dmaps_sv.tactile%26w%3D900%26h%3D600%26pitch%3D13.36419214551266%26panoid%3D5zNievwNsQZkJvHHckPXnw%26yaw%3D96.83949960700235!7i13312!8i6656?hl=da&entry=ttu&g_ep=EgoyMDI1MDEyNi4wIKXMDSoASAFQAw%3D%3D"
"Nissan","180SX","Type X","White","2010","parked","1","6","7","","https://www.google.dk/maps/@35.7685233,139.93442,3a,21.3y,189.71h,78.33t/data=!3m8!1e1!3m6!1sPD6qMWQCGhoNwYROcN7YCg!2e0!5s20100401T000000!6shttps:%2F%2Fstreetviewpixels-pa.googleapis.com%2Fv1%2Fthumbnail%3Fcb_client%3Dmaps_sv.tactile%26w%3D900%26h%3D600%26pitch%3D11.66596709543164%26panoid%3DPD6qMWQCGhoNwYROcN7YCg%26yaw%3D189.70833704560715!7i13312!8i6656?hl=da&entry=ttu&g_ep=EgoyMDI1MDEyNi4wIKXMDSoASAFQAw%3D%3D"
"Nissan","Silvia S13","K's","Purple","2010","parked","6","1","7","Many visual mods","https://www.google.dk/maps/@35.8260978,139.8270419,3a,15.6y,44.53h,86.62t/data=!3m8!1e1!3m6!1sCpHXXJ626zJdDZTR93OCrQ!2e0!5s20100301T000000!6shttps:%2F%2Fstreetviewpixels-pa.googleapis.com%2Fv1%2Fthumbnail%3Fcb_client%3Dmaps_sv.tactile%26w%3D900%26h%3D600%26pitch%3D3.3793715518121417%26panoid%3DCpHXXJ626zJdDZTR93OCrQ%26yaw%3D44.52582326925319!7i13312!8i6656?hl=da&entry=ttu&g_ep=EgoyMDI1MDEyNi4wIKXMDSoASAFQAw%3D%3D"
"Nissan","Silvia S13","K's","White","2014","parked","6","0","6","Two-tone","https://www.google.dk/maps/@35.5177151,139.5779548,3a,15y,290.04h,87.73t/data=!3m8!1e1!3m6!1sxPVAdd0dTeIEC4ADr7Pqdg!2e0!5s20140201T000000!6shttps:%2F%2Fstreetviewpixels-pa.googleapis.com%2Fv1%2Fthumbnail%3Fcb_client%3Dmaps_sv.tactile%26w%3D900%26h%3D600%26pitch%3D2.2718614724923043%26panoid%3DxPVAdd0dTeIEC4ADr7Pqdg%26yaw%3D290.0351860411217!7i13312!8i6656?hl=da&entry=ttu&g_ep=EgoyMDI1MDEyNi4wIKXMDSoASAFQAw%3D%3D"
"Nissan","Silvia S13","K's","Silver","2019","parked","6","0","6","Street drifter with mad front camber","https://www.google.dk/maps/@35.5226232,139.541902,3a,24.5y,97.98h,78.89t/data=!3m8!1e1!3m6!1sdLrlM6Td1EBbOkpDq1ESow!2e0!5s20190501T000000!6shttps:%2F%2Fstreetviewpixels-pa.googleapis.com%2Fv1%2Fthumbnail%3Fcb_client%3Dmaps_sv.tactile%26w%3D900%26h%3D600%26pitch%3D11.107553294545255%26panoid%3DdLrlM6Td1EBbOkpDq1ESow%26yaw%3D97.97987641773021!7i16384!8i8192?hl=da&entry=ttu&g_ep=EgoyMDI1MDEyNi4wIKXMDSoASAFQAw%3D%3D"
"Nissan","180SX","Base","Red","2014","parked","4","0","4","Full GT bodykit","https://www.google.dk/maps/@35.3418947,139.4601685,3a,21.1y,230.26h,80.64t/data=!3m8!1e1!3m6!1s8UdVFZPRkf091gikEKfzIQ!2e0!5s20201201T000000!6shttps:%2F%2Fstreetviewpixels-pa.googleapis.com%2Fv1%2Fthumbnail%3Fcb_client%3Dmaps_sv.tactile%26w%3D900%26h%3D600%26pitch%3D9.356630184806946%26panoid%3D8UdVFZPRkf091gikEKfzIQ%26yaw%3D230.26005711895021!7i13312!8i6656?hl=da&entry=ttu&g_ep=EgoyMDI1MDEyNi4wIKXMDSoASAFQAw%3D%3D"
"Nissan","Silvia S13","K's","Red","2024","parked","6","0","6","Heavily modified full show spec","https://www.google.dk/maps/@35.5916537,139.3612864,3a,22.3y,340.25h,76.72t/data=!3m8!1e1!3m6!1sPvUZT5SJvugsYsTnxuKsGA!2e0!5s20190601T000000!6shttps:%2F%2Fstreetviewpixels-pa.googleapis.com%2Fv1%2Fthumbnail%3Fcb_client%3Dmaps_sv.tactile%26w%3D900%26h%3D600%26pitch%3D13.275937691880458%26panoid%3DPvUZT5SJvugsYsTnxuKsGA%26yaw%3D340.2537247411605!7i16384!8i8192?hl=da&entry=ttu&g_ep=EgoyMDI1MDEyNi4wIKXMDSoASAFQAw%3D%3D"
"Nissan","Silvia S12","Base","Black","2009","parked","5","0","5","","https://www.google.dk/maps/@35.7841838,139.8673152,3a,63.8y,50.08h,63.09t/data=!3m8!1e1!3m6!1sKtohQpUj2N_lgbkw1nwTJw!2e0!5s20090701T000000!6shttps:%2F%2Fstreetviewpixels-pa.googleapis.com%2Fv1%2Fthumbnail%3Fcb_client%3Dmaps_sv.tactile%26w%3D900%26h%3D600%26pitch%3D26.914344228489213%26panoid%3DKtohQpUj2N_lgbkw1nwTJw%26yaw%3D50.08272860697549!7i13312!8i6656?hl=da&entry=ttu&g_ep=EgoyMDI1MDEyNi4wIKXMDSoASAFQAw%3D%3D"
"Mitsubishi","Lancer Evolution","IX Wagon","Silver","2009","parked","7","0","7","","https://www.google.dk/maps/@35.6238496,139.6012742,3a,36.4y,19.86h,75.59t/data=!3m8!1e1!3m6!1sF8h4FPozJVTYUwTY1xbMyg!2e0!5s20090801T000000!6shttps:%2F%2Fstreetviewpixels-pa.googleapis.com%2Fv1%2Fthumbnail%3Fcb_client%3Dmaps_sv.tactile%26w%3D900%26h%3D600%26pitch%3D14.409377977603143%26panoid%3DF8h4FPozJVTYUwTY1xbMyg%26yaw%3D19.86402621070304!7i13312!8i6656?hl=da&entry=ttu&g_ep=EgoyMDI1MDEyNi4wIKXMDSoASAFQAw%3D%3D"
"Mitsubishi","Lancer Evolution","VII","Blue","2019","parked","6","0","6","","https://www.google.dk/maps/@35.829009,139.5654333,3a,32.1y,282.93h,76.6t/data=!3m8!1e1!3m6!1sNkxh4DC-cI76-cqdrO0Asw!2e0!5s20190801T000000!6shttps:%2F%2Fstreetviewpixels-pa.googleapis.com%2Fv1%2Fthumbnail%3Fcb_client%3Dmaps_sv.tactile%26w%3D900%26h%3D600%26pitch%3D13.403544527366535%26panoid%3DNkxh4DC-cI76-cqdrO0Asw%26yaw%3D282.9285473618655!7i16384!8i8192?hl=da&entry=ttu&g_ep=EgoyMDI1MDEyNi4wIKXMDSoASAFQAw%3D%3D"
"Mitsubishi","Lancer Evolution","VI","Silver","2009","parked","5","0","5","","https://www.google.dk/maps/@35.4445836,139.6050777,3a,23.9y,151.69h,78.47t/data=!3m8!1e1!3m6!1sKRO5B6YYW3efkeLd28WABQ!2e0!5s20090901T000000!6shttps:%2F%2Fstreetviewpixels-pa.googleapis.com%2Fv1%2Fthumbnail%3Fcb_client%3Dmaps_sv.tactile%26w%3D900%26h%3D600%26pitch%3D11.532851989079035%26panoid%3DKRO5B6YYW3efkeLd28WABQ%26yaw%3D151.68861116603847!7i13312!8i6656?hl=da&entry=ttu&g_ep=EgoyMDI1MDEyNi4wIKXMDSoASAFQAw%3D%3D"
"Mitsubishi","Lancer Evolution","IV","Orange","2022","parked","5","0","5","Many mods including roll cage","https://www.google.dk/maps/@35.6302193,140.1522555,3a,18.4y,301.23h,80.88t/data=!3m8!1e1!3m6!1sUlmLFEHuJO3c5i1KAIe2XA!2e0!5s20221101T000000!6shttps:%2F%2Fstreetviewpixels-pa.googleapis.com%2Fv1%2Fthumbnail%3Fcb_client%3Dmaps_sv.tactile%26w%3D900%26h%3D600%26pitch%3D9.122076795616707%26panoid%3DUlmLFEHuJO3c5i1KAIe2XA%26yaw%3D301.2311880929796!7i16384!8i8192?hl=da&entry=ttu&g_ep=EgoyMDI1MDEyNi4wIKXMDSoASAFQAw%3D%3D"
"Mitsubishi","Lancer Evolution","VII","Blue","2015","parked","6","0","6","Roof rack and some visual mods","https://www.google.dk/maps/@35.5999201,139.6803616,3a,37.2y,208.91h,72.68t/data=!3m8!1e1!3m6!1s70zunzheeQ6cO-2WXgJ4qA!2e0!5s20150301T000000!6shttps:%2F%2Fstreetviewpixels-pa.googleapis.com%2Fv1%2Fthumbnail%3Fcb_client%3Dmaps_sv.tactile%26w%3D900%26h%3D600%26pitch%3D17.316763861857268%26panoid%3D70zunzheeQ6cO-2WXgJ4qA%26yaw%3D208.91379938963823!7i13312!8i6656?hl=da&entry=ttu&g_ep=EgoyMDI1MDEyNi4wIKXMDSoASAFQAw%3D%3D"
"Mitsubishi","Lancer Evolution","IX","White","2019","parked","7","0","7","TE37 and some visual mods","https://www.google.dk/maps/@35.6974245,140.0412343,3a,19.3y,104.47h,83.27t/data=!3m7!1e1!3m5!1s2X-wXeiJR2D2NthXaEvzfg!2e0!6shttps:%2F%2Fstreetviewpixels-pa.googleapis.com%2Fv1%2Fthumbnail%3Fcb_client%3Dmaps_sv.tactile%26w%3D900%26h%3D600%26pitch%3D6.734222134867565%26panoid%3D2X-wXeiJR2D2NthXaEvzfg%26yaw%3D104.47335033390561!7i16384!8i8192?hl=da&entry=ttu&g_ep=EgoyMDI1MDEyNi4wIKXMDSoASAFQAw%3D%3D"
"Mitsubishi","Lancer Evolution","X","Black","2019","parked","4","1","5","Some visual mods","https://www.google.dk/maps/@35.4632324,139.4381367,3a,32.1y,122.39h,77t/data=!3m8!1e1!3m6!1sVMJXLR8mcyIk_8cuyrURww!2e0!5s20190601T000000!6shttps:%2F%2Fstreetviewpixels-pa.googleapis.com%2Fv1%2Fthumbnail%3Fcb_client%3Dmaps_sv.tactile%26w%3D900%26h%3D600%26pitch%3D12.99885259620207%26panoid%3DVMJXLR8mcyIk_8cuyrURww%26yaw%3D122.38928013361337!7i16384!8i8192?hl=da&entry=ttu&g_ep=EgoyMDI1MDEyNi4wIKXMDSoASAFQAw%3D%3D"
"Mitsubishi","Lancer Evolution","IV","White","2010","parked","5","1","6","Some visual mods","https://www.google.dk/maps/@35.8699033,139.7502501,3a,15.1y,11.23h,83.92t/data=!3m8!1e1!3m6!1sWbyIuv2stY6jZ6AMQ_Msog!2e0!5s20100901T000000!6shttps:%2F%2Fstreetviewpixels-pa.googleapis.com%2Fv1%2Fthumbnail%3Fcb_client%3Dmaps_sv.tactile%26w%3D900%26h%3D600%26pitch%3D6.0765465460902135%26panoid%3DWbyIuv2stY6jZ6AMQ_Msog%26yaw%3D11.225247077471284!7i13312!8i6656?hl=da&entry=ttu&g_ep=EgoyMDI1MDEyNi4wIKXMDSoASAFQAw%3D%3D"
"Mitsubishi","Lancer Evolution","VI","Blue","2019","parked","5","0","5","Disrespected","https://www.google.dk/maps/@35.5395678,139.4364666,3a,31.3y,100.57h,76.23t/data=!3m8!1e1!3m6!1sxhHc6CZf61dLDjoeKbLqYA!2e0!5s20190901T000000!6shttps:%2F%2Fstreetviewpixels-pa.googleapis.com%2Fv1%2Fthumbnail%3Fcb_client%3Dmaps_sv.tactile%26w%3D900%26h%3D600%26pitch%3D13.769787088580387%26panoid%3DxhHc6CZf61dLDjoeKbLqYA%26yaw%3D100.57125209877326!7i16384!8i8192?hl=da&entry=ttu&g_ep=EgoyMDI1MDEyNi4wIKXMDSoASAFQAw%3D%3D"
"Mitsubishi","Lancer Evolution","IV","White","2014","parked","5","1","6","Full race spec","https://www.google.dk/maps/@35.5240866,139.4456475,3a,31.3y,153.85h,78.18t/data=!3m8!1e1!3m6!1sbI5ANa90zfuP2RpObBkvyA!2e0!5s20140301T000000!6shttps:%2F%2Fstreetviewpixels-pa.googleapis.com%2Fv1%2Fthumbnail%3Fcb_client%3Dmaps_sv.tactile%26w%3D900%26h%3D600%26pitch%3D11.820057690959786%26panoid%3DbI5ANa90zfuP2RpObBkvyA%26yaw%3D153.84592372054124!7i13312!8i6656?hl=da&entry=ttu&g_ep=EgoyMDI1MDEyNi4wIKXMDSoASAFQAw%3D%3D"
"Nissan","Skyline R30","2000 RS-X Turbo","Red","2015","parked","7","0","7","","https://www.google.dk/maps/@35.9686846,139.7422614,3a,15y,135.93h,86.35t/data=!3m8!1e1!3m6!1sMdx_XFrkKRTnCcKYCm-l_A!2e0!5s20150301T000000!6shttps:%2F%2Fstreetviewpixels-pa.googleapis.com%2Fv1%2Fthumbnail%3Fcb_client%3Dmaps_sv.tactile%26w%3D900%26h%3D600%26pitch%3D3.6496000476699635%26panoid%3DMdx_XFrkKRTnCcKYCm-l_A%26yaw%3D135.9276093005281!7i13312!8i6656?hl=da&entry=ttu&g_ep=EgoyMDI1MDEyNi4wIKXMDSoASAFQAw%3D%3D"
"Nissan","Skyline R30","2000 RS-X Turbo","Red","2010","parked","7","0","7","Watanabe R-type","https://www.google.dk/maps/@35.7103442,139.3559044,3a,15.1y,96.02h,88.77t/data=!3m8!1e1!3m6!1sk6YhUw6dOcc_EpOTczX99g!2e0!5s20101201T000000!6shttps:%2F%2Fstreetviewpixels-pa.googleapis.com%2Fv1%2Fthumbnail%3Fcb_client%3Dmaps_sv.tactile%26w%3D900%26h%3D600%26pitch%3D1.2301011760549159%26panoid%3Dk6YhUw6dOcc_EpOTczX99g%26yaw%3D96.01771991720149!7i13312!8i6656?hl=da&entry=ttu&g_ep=EgoyMDI1MDEyNi4wIKXMDSoASAFQAw%3D%3D"
"Nissan","Skyline R30","2000 RS-X Turbo","Red","2016","parked","7","0","7","A little disrespected","https://www.google.dk/maps/@35.3692047,139.5450685,3a,40.7y,88.97h,76.48t/data=!3m8!1e1!3m6!1sOZ87Yt5UapnV6AcOjw8Rcg!2e0!5s20160601T000000!6shttps:%2F%2Fstreetviewpixels-pa.googleapis.com%2Fv1%2Fthumbnail%3Fcb_client%3Dmaps_sv.tactile%26w%3D900%26h%3D600%26pitch%3D13.518635860596888%26panoid%3DOZ87Yt5UapnV6AcOjw8Rcg%26yaw%3D88.96558813149592!7i13312!8i6656?hl=da&entry=ttu&g_ep=EgoyMDI1MDEyNi4wIKXMDSoASAFQAw%3D%3D"
"Nissan","Skyline R31","2000 GTS-R","Black","2019","parked","7","0","7","Many visual mods","https://www.google.dk/maps/@35.5064075,139.6350163,3a,15y,298.2h,84.21t/data=!3m8!1e1!3m6!1sh-sM9YJ5cZmmpmX-aytr4A!2e0!5s20190701T000000!6shttps:%2F%2Fstreetviewpixels-pa.googleapis.com%2Fv1%2Fthumbnail%3Fcb_client%3Dmaps_sv.tactile%26w%3D900%26h%3D600%26pitch%3D5.793983605418703%26panoid%3Dh-sM9YJ5cZmmpmX-aytr4A%26yaw%3D298.2009134073218!7i16384!8i8192?hl=da&entry=ttu&g_ep=EgoyMDI1MDEyNi4wIKXMDSoASAFQAw%3D%3D"
"Nissan","Skyline R31","2000 GTS-R","Blue","2015","parked","7","0","7","Disrespected","https://www.google.dk/maps/@35.7947186,139.4773901,3a,46.2y,46.57h,81.15t/data=!3m8!1e1!3m6!1sjdsRTP3KPf2mU2ergYLnFQ!2e0!5s20100801T000000!6shttps:%2F%2Fstreetviewpixels-pa.googleapis.com%2Fv1%2Fthumbnail%3Fcb_client%3Dmaps_sv.tactile%26w%3D900%26h%3D600%26pitch%3D8.851201753010216%26panoid%3DjdsRTP3KPf2mU2ergYLnFQ%26yaw%3D46.56682335401975!7i13312!8i6656?hl=da&entry=ttu&g_ep=EgoyMDI1MDEyNi4wIKXMDSoASAFQAw%3D%3D"
"Nissan","Silvia S15","Spec R","Red","2014","parked","6","0","6","","https://www.google.dk/maps/@35.4574119,139.5808163,3a,19.3y,204.58h,82.83t/data=!3m8!1e1!3m6!1sc_GpTOjvAMzvHW2C7w8lgQ!2e0!5s20140201T000000!6shttps:%2F%2Fstreetviewpixels-pa.googleapis.com%2Fv1%2Fthumbnail%3Fcb_client%3Dmaps_sv.tactile%26w%3D900%26h%3D600%26pitch%3D7.172117545793398%26panoid%3Dc_GpTOjvAMzvHW2C7w8lgQ%26yaw%3D204.58117686339594!7i13312!8i6656?hl=da&entry=ttu&g_ep=EgoyMDI1MDEyNi4wIKXMDSoASAFQAw%3D%3D"
"Nissan","Silvia S15","Spec R","White","2020","parked","6","0","6","","https://www.google.dk/maps/@35.793261,139.4700616,3a,28.4y,123.85h,80.99t/data=!3m8!1e1!3m6!1s7vnrnlwi-ckHvrzcmojrEA!2e0!5s20201201T000000!6shttps:%2F%2Fstreetviewpixels-pa.googleapis.com%2Fv1%2Fthumbnail%3Fcb_client%3Dmaps_sv.tactile%26w%3D900%26h%3D600%26pitch%3D9.010000000000005%26panoid%3D7vnrnlwi-ckHvrzcmojrEA%26yaw%3D123.85!7i16384!8i8192?hl=da&entry=ttu&g_ep=EgoyMDI1MDEyNi4wIKXMDSoASAFQAw%3D%3D"
"Nissan","Silvia S15","Varietta","Red","2014","parked","7","0","7","","https://www.google.dk/maps/@35.4907459,139.5780392,3a,42.7y,234.01h,75.29t/data=!3m8!1e1!3m6!1saYuj4hJQEctboHsy8qUAVg!2e0!5s20140301T000000!6shttps:%2F%2Fstreetviewpixels-pa.googleapis.com%2Fv1%2Fthumbnail%3Fcb_client%3Dmaps_sv.tactile%26w%3D900%26h%3D600%26pitch%3D14.710848506937765%26panoid%3DaYuj4hJQEctboHsy8qUAVg%26yaw%3D234.00502446579668!7i13312!8i6656?hl=da&entry=ttu&g_ep=EgoyMDI1MDEyNi4wIKXMDSoASAFQAw%3D%3D"
"Nissan","Silvia S15","Varietta","Blue","2015","parked","7","0","7","","https://www.google.dk/maps/@35.6986763,140.0106552,3a,33.1y,234.86h,80.14t/data=!3m8!1e1!3m6!1sWkAcUj0uh8kWnutwVRJSPw!2e0!5s20150501T000000!6shttps:%2F%2Fstreetviewpixels-pa.googleapis.com%2Fv1%2Fthumbnail%3Fcb_client%3Dmaps_sv.tactile%26w%3D900%26h%3D600%26pitch%3D9.86%26panoid%3DWkAcUj0uh8kWnutwVRJSPw%26yaw%3D234.86!7i13312!8i6656?hl=da&entry=ttu&g_ep=EgoyMDI1MDEyNi4wIKXMDSoASAFQAw%3D%3D"
"Nissan","Silvia S15","Varietta","Red","2010","parked","7","0","7","","https://www.google.dk/maps/@35.6883227,140.0719804,3a,19.6y,250.58h,84.38t/data=!3m8!1e1!3m6!1s3ZSGPu6AoD24HkQcT2f1og!2e0!5s20101201T000000!6shttps:%2F%2Fstreetviewpixels-pa.googleapis.com%2Fv1%2Fthumbnail%3Fcb_client%3Dmaps_sv.tactile%26w%3D900%26h%3D600%26pitch%3D5.620632088366236%26panoid%3D3ZSGPu6AoD24HkQcT2f1og%26yaw%3D250.58475283548466!7i13312!8i6656?hl=da&entry=ttu&g_ep=EgoyMDI1MDEyNi4wIKXMDSoASAFQAw%3D%3D"
"Nissan","Silvia S15","Base","Blue","2010","parked","4","0","4","Some visual mods","https://www.google.dk/maps/@35.7565066,140.0256449,3a,17.8y,282.9h,86.29t/data=!3m7!1e1!3m5!1sAAFGmRhB6nxJo6OE0OKwqA!2e0!6shttps:%2F%2Fstreetviewpixels-pa.googleapis.com%2Fv1%2Fthumbnail%3Fcb_client%3Dmaps_sv.tactile%26w%3D900%26h%3D600%26pitch%3D3.7092616585032943%26panoid%3DAAFGmRhB6nxJo6OE0OKwqA%26yaw%3D282.8976758120771!7i13312!8i6656?hl=da&entry=ttu&g_ep=EgoyMDI1MDEyNi4wIKXMDSoASAFQAw%3D%3D"
"Nissan","Silvia S15","Spec R","White","2014","parked","6","0","6","C-West bodykit, Spec R wing, SSR Type 6","https://www.google.dk/maps/@35.863008,139.7277778,3a,44.9y,126.82h,71.86t/data=!3m8!1e1!3m6!1slk6iBTaAClLrsmXEllhZMA!2e0!5s20140401T000000!6shttps:%2F%2Fstreetviewpixels-pa.googleapis.com%2Fv1%2Fthumbnail%3Fcb_client%3Dmaps_sv.tactile%26w%3D900%26h%3D600%26pitch%3D18.135368068576852%26panoid%3Dlk6iBTaAClLrsmXEllhZMA%26yaw%3D126.81816727760447!7i13312!8i6656?hl=da&entry=ttu&g_ep=EgoyMDI1MDEyNi4wIKXMDSoASAFQAw%3D%3D"
"Nissan","Silvia S15","Varietta","Red","2010","parked","7","0","7","","https://www.google.dk/maps/@35.8747619,139.7469895,3a,37.6y,320.9h,80.38t/data=!3m8!1e1!3m6!1s7SQRKL_D1i8ikcBD5n8oJg!2e0!5s20100901T000000!6shttps:%2F%2Fstreetviewpixels-pa.googleapis.com%2Fv1%2Fthumbnail%3Fcb_client%3Dmaps_sv.tactile%26w%3D900%26h%3D600%26pitch%3D9.615075721624294%26panoid%3D7SQRKL_D1i8ikcBD5n8oJg%26yaw%3D320.90296798180566!7i13312!8i6656?hl=da&entry=ttu&g_ep=EgoyMDI1MDEyNi4wIKXMDSoASAFQAw%3D%3D"
"Nissan","Silvia S15","Varietta","Blue","2010","parked","7","0","7","","https://www.google.dk/maps/@35.9055565,139.783464,3a,27.3y,253.61h,76.99t/data=!3m8!1e1!3m6!1sqOJpe_3KeOzCKuQa9Fd6NQ!2e0!5s20100801T000000!6shttps:%2F%2Fstreetviewpixels-pa.googleapis.com%2Fv1%2Fthumbnail%3Fcb_client%3Dmaps_sv.tactile%26w%3D900%26h%3D600%26pitch%3D13.010401278665157%26panoid%3DqOJpe_3KeOzCKuQa9Fd6NQ%26yaw%3D253.61127655677666!7i13312!8i6656?hl=da&entry=ttu&g_ep=EgoyMDI1MDEyNi4wIKXMDSoASAFQAw%3D%3D"
"Nissan","Silvia S15","Varietta","Blue","2022","parked","7","0","7","Some visual mods","https://www.google.dk/maps/@35.7105719,140.0958649,3a,41.4y,84h,70.71t/data=!3m8!1e1!3m6!1sXPw1J2CVk7KpCkOysiE1dQ!2e0!5s20221201T000000!6shttps:%2F%2Fstreetviewpixels-pa.googleapis.com%2Fv1%2Fthumbnail%3Fcb_client%3Dmaps_sv.tactile%26w%3D900%26h%3D600%26pitch%3D19.29141825060951%26panoid%3DXPw1J2CVk7KpCkOysiE1dQ%26yaw%3D83.99541029280452!7i16384!8i8192?hl=da&entry=ttu&g_ep=EgoyMDI1MDEyNi4wIKXMDSoASAFQAw%3D%3D"
"Nissan","Silvia S15","Base","Red","2009","parked","4","1","5","Lots of mods","https://www.google.dk/maps/@35.539077,139.615783,3a,23.7y,40.65h,78t/data=!3m8!1e1!3m6!1sKopwfEIV2iKXItILyAt4Vg!2e0!5s20090701T000000!6shttps:%2F%2Fstreetviewpixels-pa.googleapis.com%2Fv1%2Fthumbnail%3Fcb_client%3Dmaps_sv.tactile%26w%3D900%26h%3D600%26pitch%3D12.003674089903427%26panoid%3DKopwfEIV2iKXItILyAt4Vg%26yaw%3D40.653546196562914!7i13312!8i6656?hl=da&entry=ttu&g_ep=EgoyMDI1MDEyNi4wIKXMDSoASAFQAw%3D%3D"
"Nissan","Silvia S15","Base","Red","2012","parked","4","0","4","Full drift spec competition car","https://www.google.dk/maps/@35.791612,139.9665263,3a,27.8y,286.84h,76t/data=!3m7!1e1!3m5!1sL_31h3-_nyGwYMz-_O107g!2e0!6shttps:%2F%2Fstreetviewpixels-pa.googleapis.com%2Fv1%2Fthumbnail%3Fcb_client%3Dmaps_sv.tactile%26w%3D900%26h%3D600%26pitch%3D13.999152158934962%26panoid%3DL_31h3-_nyGwYMz-_O107g%26yaw%3D286.83639897893414!7i13312!8i6656?hl=da&entry=ttu&g_ep=EgoyMDI1MDEyNi4wIKXMDSoASAFQAw%3D%3D"
"Nissan","Silvia S15","Varietta","Grey","2015","parked","7","0","7","","https://www.google.dk/maps/@35.331949,139.4420789,3a,41.2y,146.98h,79.31t/data=!3m8!1e1!3m6!1sKu92xMupgYCPK11TiUzuEQ!2e0!5s20110101T000000!6shttps:%2F%2Fstreetviewpixels-pa.googleapis.com%2Fv1%2Fthumbnail%3Fcb_client%3Dmaps_sv.tactile%26w%3D900%26h%3D600%26pitch%3D10.689999999999998%26panoid%3DKu92xMupgYCPK11TiUzuEQ%26yaw%3D146.98!7i13312!8i6656?hl=da&entry=ttu&g_ep=EgoyMDI1MDEyNi4wIKXMDSoASAFQAw%3D%3D"
"Nissan","Silvia S14","Base","Red","2009","parked","4","1","5","","https://www.google.dk/maps/@35.4832679,139.5361746,3a,25.9y,95.79h,79.31t/data=!3m8!1e1!3m6!1ss5d91YXbuE0ov4mKjbFgNA!2e0!5s20091001T000000!6shttps:%2F%2Fstreetviewpixels-pa.googleapis.com%2Fv1%2Fthumbnail%3Fcb_client%3Dmaps_sv.tactile%26w%3D900%26h%3D600%26pitch%3D10.689698118711704%26panoid%3Ds5d91YXbuE0ov4mKjbFgNA%26yaw%3D95.78780122109742!7i13312!8i6656?hl=da&entry=ttu&g_ep=EgoyMDI1MDEyNi4wIKXMDSoASAFQAw%3D%3D"
"Nissan","Silvia S14","Base","Blue","2015","parked","4","1","5","S14 with S13 hatchback front end swap","https://www.google.dk/maps/@35.3570852,139.5380671,3a,19.3y,1.37h,86.56t/data=!3m8!1e1!3m6!1sHb83bCpPS-pNKDFv70LC_Q!2e0!5s20150901T000000!6shttps:%2F%2Fstreetviewpixels-pa.googleapis.com%2Fv1%2Fthumbnail%3Fcb_client%3Dmaps_sv.tactile%26w%3D900%26h%3D600%26pitch%3D3.4412582731410737%26panoid%3DHb83bCpPS-pNKDFv70LC_Q%26yaw%3D1.368940498200899!7i13312!8i6656?hl=da&entry=ttu&g_ep=EgoyMDI1MDEyNi4wIKXMDSoASAFQAw%3D%3D"
"Nissan","Silvia S14","Base","Red","2014","parked","4","1","5","Perfect Style drift car, R33 GT-R rear wheels","https://www.google.com/maps/@35.6728867,139.627201,3a,35.8y,245.85h,78.64t/data=!3m8!1e1!3m6!1s3VDQvl4XFpYxCjktvHPQBQ!2e0!5s20140501T000000!6shttps:%2F%2Fstreetviewpixels-pa.googleapis.com%2Fv1%2Fthumbnail%3Fcb_client%3Dmaps_sv.tactile%26w%3D900%26h%3D600%26pitch%3D11.362921730185363%26panoid%3D3VDQvl4XFpYxCjktvHPQBQ%26yaw%3D245.8499527885247!7i13312!8i6656?entry=ttu&g_ep=EgoyMDI1MDEyNi4wIKXMDSoASAFQAw%3D%3D"
"Nissan","Silvia S14","K's","Black","2014","parked","5","0","5","Work VSKF","https://www.google.dk/maps/@35.4899667,139.461941,3a,21.9y,188.36h,80.84t/data=!3m8!1e1!3m6!1sv10p6ZnCWASBsRwjU247yQ!2e0!5s20140301T000000!6shttps:%2F%2Fstreetviewpixels-pa.googleapis.com%2Fv1%2Fthumbnail%3Fcb_client%3Dmaps_sv.tactile%26w%3D900%26h%3D600%26pitch%3D9.164184953099479%26panoid%3Dv10p6ZnCWASBsRwjU247yQ%26yaw%3D188.35781511003665!7i13312!8i6656?hl=da&entry=ttu&g_ep=EgoyMDI1MDEyNi4wIKXMDSoASAFQAw%3D%3D"
"Nissan","Skyline R30","2000 RS-X Turbo","Red","2022","parked","7","0","7","","https://www.google.dk/maps/@35.4384069,139.5725181,3a,15y,36.41h,86.78t/data=!3m8!1e1!3m6!1s7uEzoeksDKJdjbFcNpc7Kw!2e0!5s20221001T000000!6shttps:%2F%2Fstreetviewpixels-pa.googleapis.com%2Fv1%2Fthumbnail%3Fcb_client%3Dmaps_sv.tactile%26w%3D900%26h%3D600%26pitch%3D3.220997350993855%26panoid%3D7uEzoeksDKJdjbFcNpc7Kw%26yaw%3D36.41443067136074!7i16384!8i8192?hl=da&entry=ttu&g_ep=EgoyMDI1MDEyNi4wIKXMDSoASAFQAw%3D%3D"
"Nissan","Skyline R31","2000 GTS-R","Blue","2015","parked","7","0","7","Looks abandoned, it never moves throughout the years","https://www.google.com/maps/@35.7151446,139.9282714,3a,40.5y,184.9h,80.56t,0.09r/data=!3m8!1e1!3m6!1sRoEg3s6Hr5Y5nsL6vtGA9Q!2e0!5s20150401T000000!6shttps:%2F%2Fstreetviewpixels-pa.googleapis.com%2Fv1%2Fthumbnail%3Fcb_client%3Dmaps_sv.tactile%26w%3D900%26h%3D600%26pitch%3D9.440783784192902%26panoid%3DRoEg3s6Hr5Y5nsL6vtGA9Q%26yaw%3D184.8984503202927!7i13312!8i6656?entry=ttu&g_ep=EgoyMDI1MDEyNi4wIKXMDSoASAFQAw%3D%3D"
"Nissan","Skyline R30","2000 RS-X Turbo","Green","2015","parked","7","1","8","Work Equip","https://www.google.dk/maps/@35.8512563,139.7764821,3a,29.7y,151.32h,77.85t/data=!3m8!1e1!3m6!1sxSaJliUSL7eEkqTscgTJcA!2e0!5s20150501T000000!6shttps:%2F%2Fstreetviewpixels-pa.googleapis.com%2Fv1%2Fthumbnail%3Fcb_client%3Dmaps_sv.tactile%26w%3D900%26h%3D600%26pitch%3D12.14735591541509%26panoid%3DxSaJliUSL7eEkqTscgTJcA%26yaw%3D151.31954064046408!7i13312!8i6656?hl=da&entry=ttu&g_ep=EgoyMDI1MDEyNi4wIKXMDSoASAFQAw%3D%3D"
"Subaru","Impreza Meaneye","WRX STi","Blue","2009","parked","6","1","7","Roof scoop","https://www.google.dk/maps/@35.716249,139.8693375,3a,40.7y,69.24h,79.63t/data=!3m8!1e1!3m6!1sY9brD23nTlrTrbe1ew6rXQ!2e0!5s20090801T000000!6shttps:%2F%2Fstreetviewpixels-pa.googleapis.com%2Fv1%2Fthumbnail%3Fcb_client%3Dmaps_sv.tactile%26w%3D900%26h%3D600%26pitch%3D10.369135985531841%26panoid%3DY9brD23nTlrTrbe1ew6rXQ%26yaw%3D69.2403568113139!7i13312!8i6656?hl=da&entry=ttu&g_ep=EgoyMDI1MDEyNi4wIKXMDSoASAFQAw%3D%3D"
"Subaru","Impreza Meaneye","WRX","Silver","2012","parked","4","1","5","","https://www.google.dk/maps/@35.8252211,139.664609,3a,25.1y,26.05h,82.64t/data=!3m8!1e1!3m6!1sKq-7su-CI71bCPasotZ38w!2e0!5s20120401T000000!6shttps:%2F%2Fstreetviewpixels-pa.googleapis.com%2Fv1%2Fthumbnail%3Fcb_client%3Dmaps_sv.tactile%26w%3D900%26h%3D600%26pitch%3D7.359999999999999%26panoid%3DKq-7su-CI71bCPasotZ38w%26yaw%3D26.05!7i13312!8i6656?hl=da&entry=ttu&g_ep=EgoyMDI1MDEyNi4wIKXMDSoASAFQAw%3D%3D"
"Mitsubishi","Lancer Evolution","V","Red","2011","parked","5","4","9","Tommi Makinen Edition","https://www.google.dk/maps/@35.4900735,139.4618927,3a,15.1y,213.61h,86.47t/data=!3m8!1e1!3m6!1sBboMiu0TbsdUIW8SVjX8sQ!2e0!5s20110201T000000!6shttps:%2F%2Fstreetviewpixels-pa.googleapis.com%2Fv1%2Fthumbnail%3Fcb_client%3Dmaps_sv.tactile%26w%3D900%26h%3D600%26pitch%3D3.525465591779607%26panoid%3DBboMiu0TbsdUIW8SVjX8sQ%26yaw%3D213.61304064751542!7i13312!8i6656?hl=da&entry=ttu&g_ep=EgoyMDI1MDEyNi4wIKXMDSoASAFQAw%3D%3D"
"Nissan","Skyline R32","GT-R","Grey","2017","driving","7","1","8","VeilSide bodykit","https://www.google.dk/maps/@35.9461683,139.708538,3a,28.6y,316.26h,83.15t/data=!3m8!1e1!3m6!1s-LkaDnQtAQKTA_9cVOC_8g!2e0!5s20170801T000000!6shttps:%2F%2Fstreetviewpixels-pa.googleapis.com%2Fv1%2Fthumbnail%3Fcb_client%3Dmaps_sv.tactile%26w%3D900%26h%3D600%26pitch%3D6.848481929367239%26panoid%3D-LkaDnQtAQKTA_9cVOC_8g%26yaw%3D316.26161920066875!7i13312!8i6656?hl=da&entry=ttu&g_ep=EgoyMDI1MDEyNi4wIKXMDSoASAFQAw%3D%3D"
"Honda","Civic EK","EK9 Type R","White","2019","parked","6","0","6","","https://www.google.dk/maps/@35.7591401,139.9304384,3a,30.4y,247.35h,76.65t/data=!3m8!1e1!3m6!1snMwy57yF8jZ8Csz17a-uXA!2e0!5s20190801T000000!6shttps:%2F%2Fstreetviewpixels-pa.googleapis.com%2Fv1%2Fthumbnail%3Fcb_client%3Dmaps_sv.tactile%26w%3D900%26h%3D600%26pitch%3D13.350163688643576%26panoid%3DnMwy57yF8jZ8Csz17a-uXA%26yaw%3D247.34612999801087!7i16384!8i8192?hl=da&entry=ttu&g_ep=EgoyMDI1MDEyNi4wIKXMDSoASAFQAw%3D%3D"
"Honda","Civic EK","EK9 Type R","White","2009","parked","6","0","6","","https://www.google.dk/maps/@35.5916834,139.586298,3a,42.8y,54.29h,85.84t/data=!3m7!1e1!3m5!1siostyvzB3u6DFZ40SxvANQ!2e0!6shttps:%2F%2Fstreetviewpixels-pa.googleapis.com%2Fv1%2Fthumbnail%3Fcb_client%3Dmaps_sv.tactile%26w%3D900%26h%3D600%26pitch%3D4.163201000199749%26panoid%3DiostyvzB3u6DFZ40SxvANQ%26yaw%3D54.286932513754444!7i13312!8i6656?hl=da&entry=ttu&g_ep=EgoyMDI1MDEyNi4wIKXMDSoASAFQAw%3D%3D"
"Honda","Civic EK","EK9 Type R","Yellow","2009","parked","6","0","6","All riced out","https://www.google.dk/maps/@35.4963204,139.6132902,3a,29y,202.16h,81.06t/data=!3m8!1e1!3m6!1snLcQqGABKlfakEA3DyKDdA!2e0!5s20090801T000000!6shttps:%2F%2Fstreetviewpixels-pa.googleapis.com%2Fv1%2Fthumbnail%3Fcb_client%3Dmaps_sv.tactile%26w%3D900%26h%3D600%26pitch%3D8.941479230384402%26panoid%3DnLcQqGABKlfakEA3DyKDdA%26yaw%3D202.15588310734316!7i13312!8i6656?hl=da&entry=ttu&g_ep=EgoyMDI1MDEyNi4wIKXMDSoASAFQAw%3D%3D"
"Honda","Civic EK","EK9 Type R","White","2013","parked","6","0","6","Some visual mods","https://www.google.dk/maps/@35.7363764,139.6607459,3a,20.5y,43.94h,83.99t/data=!3m8!1e1!3m6!1sXxf3YPIcmdMUcxDrXGi3pw!2e0!5s20130601T000000!6shttps:%2F%2Fstreetviewpixels-pa.googleapis.com%2Fv1%2Fthumbnail%3Fcb_client%3Dmaps_sv.tactile%26w%3D900%26h%3D600%26pitch%3D6.006083861559617%26panoid%3DXxf3YPIcmdMUcxDrXGi3pw%26yaw%3D43.94008337475368!7i13312!8i6656?hl=da&entry=ttu&g_ep=EgoyMDI1MDEyNi4wIKXMDSoASAFQAw%3D%3D"
"Honda","Civic EK","EK9 Type R","Yellow","2009","parked","6","0","6","All riced out","https://www.google.dk/maps/@35.716101,139.6150283,3a,48.9y,35.12h,72.45t/data=!3m8!1e1!3m6!1sZb-GKjQeH_6FY64URwna5A!2e0!5s20091101T000000!6shttps:%2F%2Fstreetviewpixels-pa.googleapis.com%2Fv1%2Fthumbnail%3Fcb_client%3Dmaps_sv.tactile%26w%3D900%26h%3D600%26pitch%3D17.55416288130489%26panoid%3DZb-GKjQeH_6FY64URwna5A%26yaw%3D35.119728166828814!7i13312!8i6656?hl=da&entry=ttu&g_ep=EgoyMDI1MDEyNi4wIKXMDSoASAFQAw%3D%3D"
"Honda","Civic EK","EK9 Type R","Silver","2011","parked","6","0","6","","https://www.google.dk/maps/@35.6801528,140.0785122,3a,37.5y,83.74h,79.01t/data=!3m8!1e1!3m6!1sXsr3667m0kr9aX-6Lic5WA!2e0!5s20110101T000000!6shttps:%2F%2Fstreetviewpixels-pa.googleapis.com%2Fv1%2Fthumbnail%3Fcb_client%3Dmaps_sv.tactile%26w%3D900%26h%3D600%26pitch%3D10.994806208630422%26panoid%3DXsr3667m0kr9aX-6Lic5WA%26yaw%3D83.73771853600978!7i13312!8i6656?hl=da&entry=ttu&g_ep=EgoyMDI1MDEyNi4wIKXMDSoASAFQAw%3D%3D"
"Honda","Civic EK","EK4 SiR","Blue","2015","parked","6","0","6","","https://www.google.dk/maps/@35.8697201,139.7497577,3a,75y,344.46h,69.23t/data=!3m8!1e1!3m6!1sWiywcX0c3mBVwcy06b5eTQ!2e0!5s20150401T000000!6shttps:%2F%2Fstreetviewpixels-pa.googleapis.com%2Fv1%2Fthumbnail%3Fcb_client%3Dmaps_sv.tactile%26w%3D900%26h%3D600%26pitch%3D20.77442275203832%26panoid%3DWiywcX0c3mBVwcy06b5eTQ%26yaw%3D344.4624219265035!7i13312!8i6656?hl=da&entry=ttu&g_ep=EgoyMDI1MDEyNi4wIKXMDSoASAFQAw%3D%3D"
"Honda","Civic EK","EK4 SiR","Grey","2009","parked","6","0","6","","https://www.google.dk/maps/@35.4956957,139.6415914,3a,58.8y,45.25h,67.8t/data=!3m8!1e1!3m6!1sMWTx9fdmD9QAZXpGLfl-Ug!2e0!5s20090701T000000!6shttps:%2F%2Fstreetviewpixels-pa.googleapis.com%2Fv1%2Fthumbnail%3Fcb_client%3Dmaps_sv.tactile%26w%3D900%26h%3D600%26pitch%3D22.195536930067675%26panoid%3DMWTx9fdmD9QAZXpGLfl-Ug%26yaw%3D45.249189845003094!7i13312!8i6656?hl=da&entry=ttu&g_ep=EgoyMDI1MDEyNi4wIKXMDSoASAFQAw%3D%3D"
"Honda","Civic EK","EK4 SiR","Black","2009","parked","6","0","6","","https://www.google.dk/maps/@35.4781883,139.6350155,3a,41.2y,234.25h,74.09t/data=!3m8!1e1!3m6!1sD-zW87IhcuFQiuVNenMFhw!2e0!5s20090801T000000!6shttps:%2F%2Fstreetviewpixels-pa.googleapis.com%2Fv1%2Fthumbnail%3Fcb_client%3Dmaps_sv.tactile%26w%3D900%26h%3D600%26pitch%3D15.908391494841482%26panoid%3DD-zW87IhcuFQiuVNenMFhw%26yaw%3D234.25170677307415!7i13312!8i6656?hl=da&entry=ttu&g_ep=EgoyMDI1MDEyNi4wIKXMDSoASAFQAw%3D%3D"
"Honda","Civic EK","EK9 Type R","Yellow","2011","parked","6","0","6","Some visual mods","https://www.google.dk/maps/@35.5007841,139.4109549,3a,22.7y,329.01h,83.55t/data=!3m8!1e1!3m6!1sCpp_7J1MsDSoxh8D1Us2aA!2e0!5s20110401T000000!6shttps:%2F%2Fstreetviewpixels-pa.googleapis.com%2Fv1%2Fthumbnail%3Fcb_client%3Dmaps_sv.tactile%26w%3D900%26h%3D600%26pitch%3D6.4535335964212805%26panoid%3DCpp_7J1MsDSoxh8D1Us2aA%26yaw%3D329.00717050222624!7i13312!8i6656?hl=da&entry=ttu&g_ep=EgoyMDI1MDEyNi4wIKXMDSoASAFQAw%3D%3D"
"Honda","Civic EK","EK9 Type R","Yellow","2022","parked","6","0","6","","https://www.google.dk/maps/@35.8364238,139.8223593,3a,32.7y,0.47h,86.07t/data=!3m8!1e1!3m6!1s_R4gnZKFDSMI3e3h1E-OBQ!2e0!5s20190501T000000!6shttps:%2F%2Fstreetviewpixels-pa.googleapis.com%2Fv1%2Fthumbnail%3Fcb_client%3Dmaps_sv.tactile%26w%3D900%26h%3D600%26pitch%3D3.930000000000007%26panoid%3D_R4gnZKFDSMI3e3h1E-OBQ%26yaw%3D0.47!7i16384!8i8192?hl=da&entry=ttu&g_ep=EgoyMDI1MDEyNi4wIKXMDSoASAFQAw%3D%3D"
"Honda","Civic EK","EK9 Type R","White","2013","parked","6","1","7","Work Meister","https://www.google.dk/maps/@35.804504,139.8032311,3a,20.5y,6.45h,84.11t/data=!3m8!1e1!3m6!1sJRWblBUSM2S17Lq7U1IS3w!2e0!5s20130601T000000!6shttps:%2F%2Fstreetviewpixels-pa.googleapis.com%2Fv1%2Fthumbnail%3Fcb_client%3Dmaps_sv.tactile%26w%3D900%26h%3D600%26pitch%3D5.8933790025900095%26panoid%3DJRWblBUSM2S17Lq7U1IS3w%26yaw%3D6.4459798378505875!7i13312!8i6656?hl=da&entry=ttu&g_ep=EgoyMDI1MDEyNi4wIKXMDSoASAFQAw%3D%3D"
"Honda","Civic EG","EG6 SiR","Black","2009","parked","5","1","6","","https://www.google.dk/maps/@35.7651023,139.7849548,3a,34.3y,164.71h,74.99t/data=!3m8!1e1!3m6!1skrWTHvBdXx_gKm3-WsXLlg!2e0!5s20091101T000000!6shttps:%2F%2Fstreetviewpixels-pa.googleapis.com%2Fv1%2Fthumbnail%3Fcb_client%3Dmaps_sv.tactile%26w%3D900%26h%3D600%26pitch%3D15.00654364665725%26panoid%3DkrWTHvBdXx_gKm3-WsXLlg%26yaw%3D164.71082594308606!7i13312!8i6656?hl=da&entry=ttu&g_ep=EgoyMDI1MDEyNi4wIKXMDSoASAFQAw%3D%3D"
"Honda","Civic EG","Del Sol","Red","2014","parked","3","0","3","","https://www.google.dk/maps/@35.8228547,139.6918482,3a,40.9y,31.71h,72.99t/data=!3m8!1e1!3m6!1smCQgS5y04Pn8oXEgLUHeSQ!2e0!5s20140401T000000!6shttps:%2F%2Fstreetviewpixels-pa.googleapis.com%2Fv1%2Fthumbnail%3Fcb_client%3Dmaps_sv.tactile%26w%3D900%26h%3D600%26pitch%3D17.0065149574355%26panoid%3DmCQgS5y04Pn8oXEgLUHeSQ%26yaw%3D31.7075223048551!7i13312!8i6656?hl=da&entry=ttu&g_ep=EgoyMDI1MDEyNi4wIKXMDSoASAFQAw%3D%3D"
"Honda","Civic EF","EF8 CR-X","Grey","2022","parked","5","0","5","","https://www.google.dk/maps/@35.6390171,139.6533554,3a,27.2y,101.44h,78.54t/data=!3m8!1e1!3m6!1s4ZOaa8z0HIcZEH7eRUWKeg!2e0!5s20220901T000000!6shttps:%2F%2Fstreetviewpixels-pa.googleapis.com%2Fv1%2Fthumbnail%3Fcb_client%3Dmaps_sv.tactile%26w%3D900%26h%3D600%26pitch%3D11.460665379049772%26panoid%3D4ZOaa8z0HIcZEH7eRUWKeg%26yaw%3D101.43545048054962!7i16384!8i8192?hl=da&entry=ttu&g_ep=EgoyMDI1MDEyNi4wIKXMDSoASAFQAw%3D%3D"
"Honda","Civic EF","EF9 SiR","Black","2019","parked","5","0","5","Disrespected","https://www.google.dk/maps/@35.4755747,139.5536024,3a,31.3y,18.17h,82.76t/data=!3m8!1e1!3m6!1s_cKkMzgfQym-TrO9q6nRuQ!2e0!5s20190401T000000!6shttps:%2F%2Fstreetviewpixels-pa.googleapis.com%2Fv1%2Fthumbnail%3Fcb_client%3Dmaps_sv.tactile%26w%3D900%26h%3D600%26pitch%3D7.239999999999995%26panoid%3D_cKkMzgfQym-TrO9q6nRuQ%26yaw%3D18.17!7i16384!8i8192?hl=da&entry=ttu&g_ep=EgoyMDI1MDEyNi4wIKXMDSoASAFQAw%3D%3D"
"Honda","Civic EF","EF8 CR-X","White","2022","parked","5","4","9","Mugen bodykit and rims","https://www.google.dk/maps/@35.3800841,139.4630833,3a,37.4y,249.6h,73.26t/data=!3m8!1e1!3m6!1sLOD2TQ1RYbgOcC7bGKj6Dw!2e0!5s20220201T000000!6shttps:%2F%2Fstreetviewpixels-pa.googleapis.com%2Fv1%2Fthumbnail%3Fcb_client%3Dmaps_sv.tactile%26w%3D900%26h%3D600%26pitch%3D16.739999999999995%26panoid%3DLOD2TQ1RYbgOcC7bGKj6Dw%26yaw%3D249.6!7i16384!8i8192?hl=da&entry=ttu&g_ep=EgoyMDI1MDEyNi4wIKXMDSoASAFQAw%3D%3D"
"Nissan","Skyline R34","GT-R","White","2014","parked","8","0","8","","https://www.google.dk/maps/@35.6243993,139.5968951,3a,29.9y,222.6h,88.39t/data=!3m7!1e1!3m5!1sd2f1MpDHZiMgin4oYDHLiA!2e0!6shttps:%2F%2Fstreetviewpixels-pa.googleapis.com%2Fv1%2Fthumbnail%3Fcb_client%3Dmaps_sv.tactile%26w%3D900%26h%3D600%26pitch%3D1.6080680924205524%26panoid%3Dd2f1MpDHZiMgin4oYDHLiA%26yaw%3D222.60175953524683!7i13312!8i6656?hl=da&entry=ttu&g_ep=EgoyMDI1MDEyMi4wIKXMDSoASAFQAw%3D%3D"
"Nissan","Skyline R34","GT-R","White","2018","parked","8","0","8","","https://www.google.dk/maps/@35.8569217,139.6983397,3a,26.8y,186.13h,87.7t/data=!3m7!1e1!3m5!1s63nM5OE8vtwcWGX1w-4kRA!2e0!6shttps:%2F%2Fstreetviewpixels-pa.googleapis.com%2Fv1%2Fthumbnail%3Fcb_client%3Dmaps_sv.tactile%26w%3D900%26h%3D600%26pitch%3D2.3049835147049436%26panoid%3D63nM5OE8vtwcWGX1w-4kRA%26yaw%3D186.12687491522217!7i16384!8i8192?hl=da&entry=ttu&g_ep=EgoyMDI1MDEyMi4wIKXMDSoASAFQAw%3D%3D"
"Nissan","Skyline R34","GT-R","Grey","2020","parked","8","0","8","","https://www.google.dk/maps/@35.6587056,139.6292664,3a,48.1y,322.74h,77.99t/data=!3m8!1e1!3m6!1sxE7GwUhyQY9V9yCRN8IwTg!2e0!5s20200701T000000!6shttps:%2F%2Fstreetviewpixels-pa.googleapis.com%2Fv1%2Fthumbnail%3Fcb_client%3Dmaps_sv.tactile%26w%3D900%26h%3D600%26pitch%3D12.01325035877069%26panoid%3DxE7GwUhyQY9V9yCRN8IwTg%26yaw%3D322.7418566292127!7i16384!8i8192?hl=da&entry=ttu&g_ep=EgoyMDI1MDEyMi4wIKXMDSoASAFQAw%3D%3D"
"Nissan","Skyline R34","GT-R","Blue","2016","parked","8","0","8","","https://www.google.dk/maps/@35.4768596,139.5860427,3a,48y,304.13h,76.66t/data=!3m8!1e1!3m6!1s9ysmTZ4Vvfx0rVf8fbJ3hw!2e0!5s20160501T000000!6shttps:%2F%2Fstreetviewpixels-pa.googleapis.com%2Fv1%2Fthumbnail%3Fcb_client%3Dmaps_sv.tactile%26w%3D900%26h%3D600%26pitch%3D13.343187574767114%26panoid%3D9ysmTZ4Vvfx0rVf8fbJ3hw%26yaw%3D304.1308200629325!7i13312!8i6656?hl=da&entry=ttu&g_ep=EgoyMDI1MDEyMi4wIKXMDSoASAFQAw%3D%3D"
"Nissan","Skyline R34","GT-R","Blue","2009","parked","8","0","8","","https://www.google.dk/maps/@35.4477744,139.5029728,3a,41.1y,214.46h,74.14t/data=!3m8!1e1!3m6!1sTj8PVtSCfZpE9fcXjV8ZTg!2e0!5s20091101T000000!6shttps:%2F%2Fstreetviewpixels-pa.googleapis.com%2Fv1%2Fthumbnail%3Fcb_client%3Dmaps_sv.tactile%26w%3D900%26h%3D600%26pitch%3D15.86%26panoid%3DTj8PVtSCfZpE9fcXjV8ZTg%26yaw%3D214.46!7i13312!8i6656?hl=da&entry=ttu&g_ep=EgoyMDI1MDEyMi4wIKXMDSoASAFQAw%3D%3D"
"Nissan","Skyline R34","GT-R","Blue","2014","parked","8","0","8","TE37","https://www.google.dk/maps/@35.6380386,139.6515006,3a,29.9y,271.67h,87.29t/data=!3m8!1e1!3m6!1svP3qV9x3kRZHcsLTMj04RA!2e0!5s20140401T000000!6shttps:%2F%2Fstreetviewpixels-pa.googleapis.com%2Fv1%2Fthumbnail%3Fcb_client%3Dmaps_sv.tactile%26w%3D900%26h%3D600%26pitch%3D2.7121547027127804%26panoid%3DvP3qV9x3kRZHcsLTMj04RA%26yaw%3D271.6706760716673!7i13312!8i6656?hl=da&entry=ttu&g_ep=EgoyMDI1MDEyMi4wIKXMDSoASAFQAw%3D%3D"
"Nissan","Skyline R34","Sedan","Grey","2023","parked","3","4","7","Uras bodykit","https://www.google.dk/maps/@35.5064032,139.6350256,3a,51.9y,231.79h,73.39t/data=!3m8!1e1!3m6!1soZ_tFtcdCLf-wGB-PJCELg!2e0!5s20230301T000000!6shttps:%2F%2Fstreetviewpixels-pa.googleapis.com%2Fv1%2Fthumbnail%3Fcb_client%3Dmaps_sv.tactile%26w%3D900%26h%3D600%26pitch%3D16.609045940975236%26panoid%3DoZ_tFtcdCLf-wGB-PJCELg%26yaw%3D231.79017920182946!7i16384!8i8192?hl=da&entry=ttu&g_ep=EgoyMDI1MDEyMi4wIKXMDSoASAFQAw%3D%3D"
"Nissan","Skyline R34","GT-R","White","2015","driving","8","0","8","","https://www.google.dk/maps/@35.7745745,139.562966,3a,26.1y,334.24h,83.98t/data=!3m8!1e1!3m6!1sqkQJHn-Iqt-ihyjKvewB2w!2e0!5s20150301T000000!6shttps:%2F%2Fstreetviewpixels-pa.googleapis.com%2Fv1%2Fthumbnail%3Fcb_client%3Dmaps_sv.tactile%26w%3D900%26h%3D600%26pitch%3D6.023095159445461%26panoid%3DqkQJHn-Iqt-ihyjKvewB2w%26yaw%3D334.23632635577866!7i13312!8i6656?hl=da&entry=ttu&g_ep=EgoyMDI1MDEyMi4wIKXMDSoASAFQAw%3D%3D"
"Nissan","Skyline R34","GT-R","White","2019","parked","8","0","8","TE37, raised wing","https://www.google.com/maps/@35.9690205,139.3651944,3a,19.1y,127.08h,84.9t/data=!3m8!1e1!3m6!1snOBe-NAA-b3EaNeTcTImiw!2e0!5s20190401T000000!6shttps:%2F%2Fstreetviewpixels-pa.googleapis.com%2Fv1%2Fthumbnail%3Fcb_client%3Dmaps_sv.tactile%26w%3D900%26h%3D600%26pitch%3D5.099999999999994%26panoid%3DnOBe-NAA-b3EaNeTcTImiw%26yaw%3D127.08!7i16384!8i8192?entry=ttu&g_ep=EgoyMDI1MDEyMi4wIKXMDSoASAFQAw%3D%3D"
"Nissan","Skyline R34","GT-R","White","2015","parked","8","0","8","Work Emotion","https://www.google.com/maps/@35.4955582,139.4540187,3a,53.6y,168.86h,79.14t/data=!3m8!1e1!3m6!1sBn9VtJYJv3eqWgUU745ftg!2e0!5s20150601T000000!6shttps:%2F%2Fstreetviewpixels-pa.googleapis.com%2Fv1%2Fthumbnail%3Fcb_client%3Dmaps_sv.tactile%26w%3D900%26h%3D600%26pitch%3D10.86%26panoid%3DBn9VtJYJv3eqWgUU745ftg%26yaw%3D168.86!7i13312!8i6656?entry=ttu&g_ep=EgoyMDI1MDEyMi4wIKXMDSoASAFQAw%3D%3D"
"Nissan","Skyline R34","GT-R","Silver","2010","parked","8","0","8","","https://www.google.com/maps/@35.3119159,139.51545,3a,53.4y,229.29h,75.06t/data=!3m7!1e1!3m5!1swbeFsqwOCGx0CUnEPdHhlQ!2e0!6shttps:%2F%2Fstreetviewpixels-pa.googleapis.com%2Fv1%2Fthumbnail%3Fcb_client%3Dmaps_sv.tactile%26w%3D900%26h%3D600%26pitch%3D14.941699889901187%26panoid%3DwbeFsqwOCGx0CUnEPdHhlQ%26yaw%3D229.2943618394047!7i13312!8i6656?entry=ttu&g_ep=EgoyMDI1MDEyMi4wIKXMDSoASAFQAw%3D%3D"
"Nissan","Skyline R34","GT-R","Blue","2012","parked","8","0","8","Funky spoiler","https://www.google.com/maps/@35.9205821,139.8960766,3a,43.2y,237.39h,79.93t/data=!3m8!1e1!3m6!1s0uhCF1P0xj-RMRiMje2EPQ!2e0!5s20121101T000000!6shttps:%2F%2Fstreetviewpixels-pa.googleapis.com%2Fv1%2Fthumbnail%3Fcb_client%3Dmaps_sv.tactile%26w%3D900%26h%3D600%26pitch%3D10.069999999999993%26panoid%3D0uhCF1P0xj-RMRiMje2EPQ%26yaw%3D237.39!7i13312!8i6656?entry=ttu&g_ep=EgoyMDI1MDEyMi4wIKXMDSoASAFQAw%3D%3D"
"Nissan","Skyline R34","GT-R","Black","2020","parked","8","1","9","Nismo bodykit, Nismo LMGT4, all blacked out","https://www.google.com/maps/@35.6694575,139.6390064,3a,37.3y,352.02h,77.41t/data=!3m8!1e1!3m6!1sZFXkE8nL8mj4aEKNQFh5tA!2e0!5s20201201T000000!6shttps:%2F%2Fstreetviewpixels-pa.googleapis.com%2Fv1%2Fthumbnail%3Fcb_client%3Dmaps_sv.tactile%26w%3D900%26h%3D600%26pitch%3D12.590000000000003%26panoid%3DZFXkE8nL8mj4aEKNQFh5tA%26yaw%3D352.02!7i16384!8i8192?entry=ttu&g_ep=EgoyMDI1MDEyMi4wIKXMDSoASAFQAw%3D%3D"
"Nissan","Skyline R34","GT-R","White","2009","parked","8","0","8","","https://www.google.dk/maps/@35.4916937,139.6077732,3a,59.7y,62.42h,76.88t/data=!3m8!1e1!3m6!1sWtGu9MtmmooyIUmrw9qnAg!2e0!5s20090801T000000!6shttps:%2F%2Fstreetviewpixels-pa.googleapis.com%2Fv1%2Fthumbnail%3Fcb_client%3Dmaps_sv.tactile%26w%3D900%26h%3D600%26pitch%3D13.117255406031404%26panoid%3DWtGu9MtmmooyIUmrw9qnAg%26yaw%3D62.42217229449733!7i13312!8i6656?hl=da&entry=ttu&g_ep=EgoyMDI1MDEyMi4wIKXMDSoASAFQAw%3D%3D"
"Nissan","Skyline R34","GT-R","White","2009","parked","8","0","8","","https://www.google.dk/maps/@35.5017951,139.6270871,3a,27.7y,225.01h,85.7t/data=!3m8!1e1!3m6!1s1NUIoQOPEC1xFedNbqYvgg!2e0!5s20090701T000000!6shttps:%2F%2Fstreetviewpixels-pa.googleapis.com%2Fv1%2Fthumbnail%3Fcb_client%3Dmaps_sv.tactile%26w%3D900%26h%3D600%26pitch%3D4.301289243348506%26panoid%3D1NUIoQOPEC1xFedNbqYvgg%26yaw%3D225.00992073069324!7i13312!8i6656?hl=da&entry=ttu&g_ep=EgoyMDI1MDEyMi4wIKXMDSoASAFQAw%3D%3D"
"Nissan","Skyline R34","GT-R","Purple","2014","parked","8","0","8","Midnight Purple I, some visual mods","https://www.google.com/maps/@35.7866914,139.7665806,3a,19.3y,137.43h,84.83t/data=!3m8!1e1!3m6!1sCDWXjPrvieulM_Bmz9lHjw!2e0!5s20140401T000000!6shttps:%2F%2Fstreetviewpixels-pa.googleapis.com%2Fv1%2Fthumbnail%3Fcb_client%3Dmaps_sv.tactile%26w%3D900%26h%3D600%26pitch%3D5.172769939567175%26panoid%3DCDWXjPrvieulM_Bmz9lHjw%26yaw%3D137.42839626039412!7i13312!8i6656?entry=ttu&g_ep=EgoyMDI1MDEyMi4wIKXMDSoASAFQAw%3D%3D"
"Nissan","Skyline R34","GT-R","Silver","2014","parked","8","0","8","","https://www.google.com/maps/@35.7866914,139.7665806,3a,51.7y,218.41h,73.15t/data=!3m8!1e1!3m6!1sCDWXjPrvieulM_Bmz9lHjw!2e0!5s20140401T000000!6shttps:%2F%2Fstreetviewpixels-pa.googleapis.com%2Fv1%2Fthumbnail%3Fcb_client%3Dmaps_sv.tactile%26w%3D900%26h%3D600%26pitch%3D16.849999999999994%26panoid%3DCDWXjPrvieulM_Bmz9lHjw%26yaw%3D218.41!7i13312!8i6656?entry=ttu&g_ep=EgoyMDI1MDEyMi4wIKXMDSoASAFQAw%3D%3D"
"Nissan","Skyline R34","GT-R","Blue","2023","parked","8","0","8","","https://www.google.dk/maps/@35.7318371,139.6584693,3a,47.8y,7.82h,79.6t/data=!3m8!1e1!3m6!1sXTMI-0_YkvsLm0iP4-Fxeg!2e0!5s20230201T000000!6shttps:%2F%2Fstreetviewpixels-pa.googleapis.com%2Fv1%2Fthumbnail%3Fcb_client%3Dmaps_sv.tactile%26w%3D900%26h%3D600%26pitch%3D10.397989562112002%26panoid%3DXTMI-0_YkvsLm0iP4-Fxeg%26yaw%3D7.81738276276921!7i16384!8i8192?hl=da&entry=ttu&g_ep=EgoyMDI1MDEyMi4wIKXMDSoASAFQAw%3D%3D"
"Nissan","Skyline R34","GT-R","Blue","2021","parked","8","0.5","8.5","Nismo bodykit, BBS LM","https://www.google.dk/maps/@35.6930842,140.0342155,3a,45.8y,159.63h,74.31t/data=!3m8!1e1!3m6!1sAM4SDaE0X2g3vtfXQzsebw!2e0!5s20210701T000000!6shttps:%2F%2Fstreetviewpixels-pa.googleapis.com%2Fv1%2Fthumbnail%3Fcb_client%3Dmaps_sv.tactile%26w%3D900%26h%3D600%26pitch%3D15.689022033896379%26panoid%3DAM4SDaE0X2g3vtfXQzsebw%26yaw%3D159.6257688924381!7i16384!8i8192?hl=da&entry=ttu&g_ep=EgoyMDI1MDEyMi4wIKXMDSoASAFQAw%3D%3D"
"Nissan","Skyline R34","GT-R","Black","2015","parked","8","0.5","8.5","Nismo bodykit, Nismo LMGT4","https://www.google.com/maps/@35.6617887,139.8848631,3a,28.7y,292.77h,80.08t/data=!3m8!1e1!3m6!1s1zzY3SY267Imq9SCWgR6Fw!2e0!5s20150401T000000!6shttps:%2F%2Fstreetviewpixels-pa.googleapis.com%2Fv1%2Fthumbnail%3Fcb_client%3Dmaps_sv.tactile%26w%3D900%26h%3D600%26pitch%3D9.921244112116938%26panoid%3D1zzY3SY267Imq9SCWgR6Fw%26yaw%3D292.77293866691235!7i13312!8i6656?entry=ttu&g_ep=EgoyMDI1MDEyMi4wIKXMDSoASAFQAw%3D%3D"
"Nissan","Skyline R34","GT-R","Red","2015","parked","8","0","8","Lots of mods","https://www.google.dk/maps/@35.8906207,139.7711485,3a,60.2y,76.2h,74.02t/data=!3m8!1e1!3m6!1s6uRrE2rSKvX_TXaWIRde3w!2e0!5s20150501T000000!6shttps:%2F%2Fstreetviewpixels-pa.googleapis.com%2Fv1%2Fthumbnail%3Fcb_client%3Dmaps_sv.tactile%26w%3D900%26h%3D600%26pitch%3D15.983187685216151%26panoid%3D6uRrE2rSKvX_TXaWIRde3w%26yaw%3D76.1978426745152!7i13312!8i6656?hl=da&entry=ttu&g_ep=EgoyMDI1MDEyMi4wIKXMDSoASAFQAw%3D%3D"
"Nissan","Skyline R34","Sedan","White","2015","parked","3","4","7","Nissan Stagea with R34 front end","https://www.google.dk/maps/@35.7340013,139.5776997,3a,75y,199.42h,76.29t/data=!3m8!1e1!3m6!1su1kmjhH5WUSv9C71fLHrbw!2e0!5s20150301T000000!6shttps:%2F%2Fstreetviewpixels-pa.googleapis.com%2Fv1%2Fthumbnail%3Fcb_client%3Dmaps_sv.tactile%26w%3D900%26h%3D600%26pitch%3D13.714897294516376%26panoid%3Du1kmjhH5WUSv9C71fLHrbw%26yaw%3D199.42333726265525!7i13312!8i6656?hl=da&entry=ttu&g_ep=EgoyMDI1MDEyMi4wIKXMDSoASAFQAw%3D%3D"
"Nissan","Skyline R34","GT-R","Blue","2019","parked","8","0","8","Some visual mods","https://www.google.dk/maps/@35.5007796,139.5991411,3a,15y,168.66h,86.61t/data=!3m8!1e1!3m6!1snCxL6ZQhW6sVhsjf84Aubg!2e0!5s20190501T000000!6shttps:%2F%2Fstreetviewpixels-pa.googleapis.com%2Fv1%2Fthumbnail%3Fcb_client%3Dmaps_sv.tactile%26w%3D900%26h%3D600%26pitch%3D3.3900000000000006%26panoid%3DnCxL6ZQhW6sVhsjf84Aubg%26yaw%3D168.66!7i16384!8i8192?hl=da&entry=ttu&g_ep=EgoyMDI1MDEyMi4wIKXMDSoASAFQAw%3D%3D"
"Nissan","Skyline R34","GT-R","White","2015","parked","8","0","8","","https://www.google.com/maps/@35.7491334,139.868237,3a,51.7y,232.25h,72.26t/data=!3m8!1e1!3m6!1suP2BY1rghIUKLnOmyx74sw!2e0!5s20150301T000000!6shttps:%2F%2Fstreetviewpixels-pa.googleapis.com%2Fv1%2Fthumbnail%3Fcb_client%3Dmaps_sv.tactile%26w%3D900%26h%3D600%26pitch%3D17.73537462899506%26panoid%3DuP2BY1rghIUKLnOmyx74sw%26yaw%3D232.2478816228058!7i13312!8i6656?entry=ttu&g_ep=EgoyMDI1MDEyMi4wIKXMDSoASAFQAw%3D%3D"
"Nissan","Skyline R34","GT-R","White","2023","parked","8","0","8","","https://www.google.com/maps/@35.7943914,139.9117735,3a,46.2y,59.64h,83.45t/data=!3m7!1e1!3m5!1sL3R2zU9rhG5vVIdKYNsmDA!2e0!6shttps:%2F%2Fstreetviewpixels-pa.googleapis.com%2Fv1%2Fthumbnail%3Fcb_client%3Dmaps_sv.tactile%26w%3D900%26h%3D600%26pitch%3D6.553616577678639%26panoid%3DL3R2zU9rhG5vVIdKYNsmDA%26yaw%3D59.644934915784184!7i16384!8i8192?entry=ttu&g_ep=EgoyMDI1MDEyMi4wIKXMDSoASAFQAw%3D%3D"
"Nissan","Skyline R34","GT-R","Silver","2010","parked","8","0","8","","https://www.google.dk/maps/@35.8293065,139.8297598,3a,15y,127.31h,89.63t/data=!3m8!1e1!3m6!1sI5dK5QIDBpF6nLVW3qzDEw!2e0!5s20100301T000000!6shttps:%2F%2Fstreetviewpixels-pa.googleapis.com%2Fv1%2Fthumbnail%3Fcb_client%3Dmaps_sv.tactile%26w%3D900%26h%3D600%26pitch%3D0.37000000000000455%26panoid%3DI5dK5QIDBpF6nLVW3qzDEw%26yaw%3D127.31!7i13312!8i6656?hl=da&entry=ttu&g_ep=EgoyMDI1MDEyMi4wIKXMDSoASAFQAw%3D%3D"
"Nissan","Skyline R34","GT-R","White","2010","parked","8","0","8","TE37","https://www.google.dk/maps/@35.8311752,139.8258742,3a,30y,34.81h,82.22t/data=!3m8!1e1!3m6!1sWQwv-2kHBXiGXZEFiQfDGw!2e0!5s20221001T000000!6shttps:%2F%2Fstreetviewpixels-pa.googleapis.com%2Fv1%2Fthumbnail%3Fcb_client%3Dmaps_sv.tactile%26w%3D900%26h%3D600%26pitch%3D7.780000000000001%26panoid%3DWQwv-2kHBXiGXZEFiQfDGw%26yaw%3D34.81!7i13312!8i6656?hl=da&entry=ttu&g_ep=EgoyMDI1MDEyMi4wIKXMDSoASAFQAw%3D%3D"
"Nissan","Skyline R34","GT-R","White","2020","parked","8","0","8","","https://www.google.dk/maps/@35.8240203,139.6589996,3a,27.5y,63.85h,84.51t/data=!3m8!1e1!3m6!1sDCrKLvS-JNuehbuAHg8UjA!2e0!5s20200801T000000!6shttps:%2F%2Fstreetviewpixels-pa.googleapis.com%2Fv1%2Fthumbnail%3Fcb_client%3Dmaps_sv.tactile%26w%3D900%26h%3D600%26pitch%3D5.491510613733368%26panoid%3DDCrKLvS-JNuehbuAHg8UjA%26yaw%3D63.84801541658838!7i16384!8i8192?hl=da&entry=ttu&g_ep=EgoyMDI1MDEyMi4wIKXMDSoASAFQAw%3D%3D"
"Nissan","Skyline R34","GT-R","Purple","2018","parked","8","1","9","Midnight Purple II, some visual mods","https://www.google.dk/maps/@35.5184362,139.5690366,3a,25.4y,331.69h,86.51t/data=!3m8!1e1!3m6!1s5fcPPb0qsRlgjybcL9WcLw!2e0!5s20180801T000000!6shttps:%2F%2Fstreetviewpixels-pa.googleapis.com%2Fv1%2Fthumbnail%3Fcb_client%3Dmaps_sv.tactile%26w%3D900%26h%3D600%26pitch%3D3.494824586219977%26panoid%3D5fcPPb0qsRlgjybcL9WcLw%26yaw%3D331.6904707474398!7i16384!8i8192?hl=da&entry=ttu&g_ep=EgoyMDI1MDEyMi4wIKXMDSoASAFQAw%3D%3D"
"Nissan","Skyline R34","GT-R","White","2014","parked","8","0","8","","https://www.google.dk/maps/@35.5139563,139.5697149,3a,31.2y,340.5h,80.64t/data=!3m8!1e1!3m6!1sZgdLcaCNNRN-JVgZmD6HTw!2e0!5s20140201T000000!6shttps:%2F%2Fstreetviewpixels-pa.googleapis.com%2Fv1%2Fthumbnail%3Fcb_client%3Dmaps_sv.tactile%26w%3D900%26h%3D600%26pitch%3D9.364739334829025%26panoid%3DZgdLcaCNNRN-JVgZmD6HTw%26yaw%3D340.4999659476516!7i13312!8i6656?hl=da&entry=ttu&g_ep=EgoyMDI1MDEyMi4wIKXMDSoASAFQAw%3D%3D"
"Toyota","Supra A80","Base","Grey","2015","parked","7","2","9","Chargespeed widebody kit","https://www.google.dk/maps/@35.5139436,139.569685,3a,48.9y,357.71h,70.33t/data=!3m8!1e1!3m6!1sFx-viQJZTyYiRN4OHIaNdA!2e0!5s20150501T000000!6shttps:%2F%2Fstreetviewpixels-pa.googleapis.com%2Fv1%2Fthumbnail%3Fcb_client%3Dmaps_sv.tactile%26w%3D900%26h%3D600%26pitch%3D19.667655848883214%26panoid%3DFx-viQJZTyYiRN4OHIaNdA%26yaw%3D357.70609503464675!7i13312!8i6656?hl=da&entry=ttu&g_ep=EgoyMDI1MDEyMi4wIKXMDSoASAFQAw%3D%3D"
"Nissan","Skyline R34","GT-R","Silver","2009","parked","8","0","8","","https://www.google.dk/maps/@35.5458377,139.5321406,3a,15y,166.87h,87.9t/data=!3m8!1e1!3m6!1sunhFVYTJDlvK_OAzJBtBxQ!2e0!5s20091001T000000!6shttps:%2F%2Fstreetviewpixels-pa.googleapis.com%2Fv1%2Fthumbnail%3Fcb_client%3Dmaps_sv.tactile%26w%3D900%26h%3D600%26pitch%3D2.101612925433912%26panoid%3DunhFVYTJDlvK_OAzJBtBxQ%26yaw%3D166.87026159627214!7i13312!8i6656?hl=da&entry=ttu&g_ep=EgoyMDI1MDEyMi4wIKXMDSoASAFQAw%3D%3D"
"Nissan","Skyline R34","GT-R","Black","2015","parked","8","1.5","9.5","Nismo bodykit, Mine's green carbon side mirrors, TE37, all blacked out","https://www.google.dk/maps/@35.4645758,139.4749857,3a,48.9y,235.16h,71.53t/data=!3m8!1e1!3m6!1szZ6aSl6E_9Vkrlc07A6_1A!2e0!5s20100801T000000!6shttps:%2F%2Fstreetviewpixels-pa.googleapis.com%2Fv1%2Fthumbnail%3Fcb_client%3Dmaps_sv.tactile%26w%3D900%26h%3D600%26pitch%3D18.47211815646959%26panoid%3DzZ6aSl6E_9Vkrlc07A6_1A%26yaw%3D235.1555010859513!7i13312!8i6656?hl=da&entry=ttu&g_ep=EgoyMDI1MDEyMi4wIKXMDSoASAFQAw%3D%3D"
"Nissan","Skyline R34","GT-R","White","2018","parked","8","0","8","Nismo rear bumper","https://www.google.dk/maps/@35.4618595,139.4366501,3a,15y,175.49h,86.35t/data=!3m8!1e1!3m6!1snkaqSoTNc7aL9jbUB99aIw!2e0!5s20180801T000000!6shttps:%2F%2Fstreetviewpixels-pa.googleapis.com%2Fv1%2Fthumbnail%3Fcb_client%3Dmaps_sv.tactile%26w%3D900%26h%3D600%26pitch%3D3.6465193813711494%26panoid%3DnkaqSoTNc7aL9jbUB99aIw%26yaw%3D175.4853644289787!7i16384!8i8192?hl=da&entry=ttu&g_ep=EgoyMDI1MDEyMi4wIKXMDSoASAFQAw%3D%3D"
"Nissan","Skyline R34","GT-R","White","2009","parked","8","0","8","","https://www.google.dk/maps/@35.546055,139.6585426,3a,29.9y,354.55h,86.55t/data=!3m8!1e1!3m6!1slKJsfJhHrk_AZDKQIcIskA!2e0!5s20090901T000000!6shttps:%2F%2Fstreetviewpixels-pa.googleapis.com%2Fv1%2Fthumbnail%3Fcb_client%3Dmaps_sv.tactile%26w%3D900%26h%3D600%26pitch%3D3.4466835258326967%26panoid%3DlKJsfJhHrk_AZDKQIcIskA%26yaw%3D354.5516579701298!7i13312!8i6656?hl=da&entry=ttu&g_ep=EgoyMDI1MDEyMi4wIKXMDSoASAFQAw%3D%3D"
"Nissan","Skyline R34","GT-R","Silver","2018","parked","8","0","8","","https://www.google.dk/maps/@35.7049502,139.420659,3a,22.1y,90.65h,86.47t/data=!3m8!1e1!3m6!1svfQQAnuKKmYqNxOetkelSA!2e0!5s20181001T000000!6shttps:%2F%2Fstreetviewpixels-pa.googleapis.com%2Fv1%2Fthumbnail%3Fcb_client%3Dmaps_sv.tactile%26w%3D900%26h%3D600%26pitch%3D3.53264131261912%26panoid%3DvfQQAnuKKmYqNxOetkelSA%26yaw%3D90.64734652329722!7i13312!8i6656?hl=da&entry=ttu&g_ep=EgoyMDI1MDEyMi4wIKXMDSoASAFQAw%3D%3D"
"Nissan","Skyline R34","GT-R","White","2009","parked","8","0","8","","https://www.google.dk/maps/@35.4973807,139.5960043,3a,38.7y,34.67h,66.96t/data=!3m8!1e1!3m6!1sNg7G7YJvIjw1QAbXwkpEPw!2e0!5s20091001T000000!6shttps:%2F%2Fstreetviewpixels-pa.googleapis.com%2Fv1%2Fthumbnail%3Fcb_client%3Dmaps_sv.tactile%26w%3D900%26h%3D600%26pitch%3D23.037484312957034%26panoid%3DNg7G7YJvIjw1QAbXwkpEPw%26yaw%3D34.66848839311917!7i13312!8i6656?hl=da&entry=ttu&g_ep=EgoyMDI1MDEyMi4wIKXMDSoASAFQAw%3D%3D"
"Nissan","Skyline R34","GT-R","Blue","2015","parked","8","0","8","Nismo LMGT4","https://www.google.dk/maps/@35.5134358,139.6330874,3a,52.4y,151.05h,79.89t/data=!3m8!1e1!3m6!1ssmJCZqufm-y5dHxwgW6R9w!2e0!5s20150501T000000!6shttps:%2F%2Fstreetviewpixels-pa.googleapis.com%2Fv1%2Fthumbnail%3Fcb_client%3Dmaps_sv.tactile%26w%3D900%26h%3D600%26pitch%3D10.107409871714921%26panoid%3DsmJCZqufm-y5dHxwgW6R9w%26yaw%3D151.04568268535698!7i13312!8i6656?hl=da&entry=ttu&g_ep=EgoyMDI1MDEyMi4wIKXMDSoASAFQAw%3D%3D"
"Nissan","Skyline R34","GT-R","Silver","2014","parked","8","0","8","","https://www.google.dk/maps/@35.618073,139.6603111,3a,48.9y,160.69h,76.17t/data=!3m8!1e1!3m6!1sq9_TJhLH6UshTN5H-0Kahw!2e0!5s20140301T000000!6shttps:%2F%2Fstreetviewpixels-pa.googleapis.com%2Fv1%2Fthumbnail%3Fcb_client%3Dmaps_sv.tactile%26w%3D900%26h%3D600%26pitch%3D13.827626155059065%26panoid%3Dq9_TJhLH6UshTN5H-0Kahw%26yaw%3D160.68914561008995!7i13312!8i6656?hl=da&entry=ttu&g_ep=EgoyMDI1MDEyMi4wIKXMDSoASAFQAw%3D%3D"
"Nissan","Skyline R34","GT-R","Blue","2014","parked","8","0","8","Some visual mods","https://www.google.dk/maps/@35.5174399,139.4611826,3a,32.1y,204.75h,84.48t/data=!3m8!1e1!3m6!1sJGXA7pNFMC25x0j_HCipqQ!2e0!5s20140301T000000!6shttps:%2F%2Fstreetviewpixels-pa.googleapis.com%2Fv1%2Fthumbnail%3Fcb_client%3Dmaps_sv.tactile%26w%3D900%26h%3D600%26pitch%3D5.521721252819859%26panoid%3DJGXA7pNFMC25x0j_HCipqQ%26yaw%3D204.74714981392572!7i13312!8i6656?hl=da&entry=ttu&g_ep=EgoyMDI1MDEyMi4wIKXMDSoASAFQAw%3D%3D"
"Nissan","Skyline R34","GT-R","Blue","2009","parked","8","0","8","","https://www.google.dk/maps/@35.7579601,139.6043809,3a,23.7y,279.6h,83.88t/data=!3m8!1e1!3m6!1s_k2IAlAiFj_5t3USNYfY3A!2e0!5s20090901T000000!6shttps:%2F%2Fstreetviewpixels-pa.googleapis.com%2Fv1%2Fthumbnail%3Fcb_client%3Dmaps_sv.tactile%26w%3D900%26h%3D600%26pitch%3D6.119929678450546%26panoid%3D_k2IAlAiFj_5t3USNYfY3A%26yaw%3D279.5995855297696!7i13312!8i6656?hl=da&entry=ttu&g_ep=EgoyMDI1MDEyMi4wIKXMDSoASAFQAw%3D%3D"
"Nissan","Skyline R34","GT-R","Blue","2009","parked","8","0","8","","https://www.google.dk/maps/@35.6742886,139.5040948,3a,56y,328.37h,73.65t/data=!3m8!1e1!3m6!1shquIFMuOgBB7xs5fwNbaxQ!2e0!5s20090701T000000!6shttps:%2F%2Fstreetviewpixels-pa.googleapis.com%2Fv1%2Fthumbnail%3Fcb_client%3Dmaps_sv.tactile%26w%3D900%26h%3D600%26pitch%3D16.35312225176358%26panoid%3DhquIFMuOgBB7xs5fwNbaxQ%26yaw%3D328.36678343912143!7i13312!8i6656?hl=da&entry=ttu&g_ep=EgoyMDI1MDEyMi4wIKXMDSoASAFQAw%3D%3D"
"Nissan","Skyline R34","GT-R","Blue","2014","parked","8","0","8","","https://www.google.dk/maps/@35.6722631,139.5033001,3a,54.3y,47.62h,84.26t/data=!3m8!1e1!3m6!1s8sxGn43Rv6XrpYqz-YN3Qg!2e0!5s20140601T000000!6shttps:%2F%2Fstreetviewpixels-pa.googleapis.com%2Fv1%2Fthumbnail%3Fcb_client%3Dmaps_sv.tactile%26w%3D900%26h%3D600%26pitch%3D5.740824095540447%26panoid%3D8sxGn43Rv6XrpYqz-YN3Qg%26yaw%3D47.62055935074835!7i13312!8i6656?hl=da&entry=ttu&g_ep=EgoyMDI1MDEyMi4wIKXMDSoASAFQAw%3D%3D"
"Nissan","Skyline R34","GT-R","Silver","2019","parked","8","0","8","","https://www.google.dk/maps/@35.6587275,139.6292644,3a,48.9y,344.99h,79.7t/data=!3m8!1e1!3m6!1sYn0PfwR-jNZHgpGIdytsQw!2e0!5s20190301T000000!6shttps:%2F%2Fstreetviewpixels-pa.googleapis.com%2Fv1%2Fthumbnail%3Fcb_client%3Dmaps_sv.tactile%26w%3D900%26h%3D600%26pitch%3D10.30080751388553%26panoid%3DYn0PfwR-jNZHgpGIdytsQw%26yaw%3D344.9903799223736!7i16384!8i8192?hl=da&entry=ttu&g_ep=EgoyMDI1MDEyMi4wIKXMDSoASAFQAw%3D%3D"
"Nissan","Skyline R34","GT-R","Black","2016","parked","8","0","8","","https://www.google.dk/maps/@35.8313503,139.6425768,3a,39.8y,331.43h,72.56t/data=!3m8!1e1!3m6!1spOpRLeaSEalJculw2mKO3w!2e0!5s20160801T000000!6shttps:%2F%2Fstreetviewpixels-pa.googleapis.com%2Fv1%2Fthumbnail%3Fcb_client%3Dmaps_sv.tactile%26w%3D900%26h%3D600%26pitch%3D17.43544397754549%26panoid%3DpOpRLeaSEalJculw2mKO3w%26yaw%3D331.4307955961031!7i13312!8i6656?hl=da&entry=ttu&g_ep=EgoyMDI1MDEyMi4wIKXMDSoASAFQAw%3D%3D"
"Nissan","Skyline R34","GT-R","White","2018","parked","8","0","8","Some visual mods","https://www.google.dk/maps/@35.6830449,139.8220902,3a,79.6y,86.11h,75.78t/data=!3m8!1e1!3m6!1sZM7Ged7hsCh0LHsqqLzrWA!2e0!5s20180401T000000!6shttps:%2F%2Fstreetviewpixels-pa.googleapis.com%2Fv1%2Fthumbnail%3Fcb_client%3Dmaps_sv.tactile%26w%3D900%26h%3D600%26pitch%3D14.219545106946995%26panoid%3DZM7Ged7hsCh0LHsqqLzrWA%26yaw%3D86.1075877714231!7i16384!8i8192?hl=da&entry=ttu&g_ep=EgoyMDI1MDEyMi4wIKXMDSoASAFQAw%3D%3D"
"Nissan","Skyline R34","GT-R","Blue","2015","parked","8","0","8","TE37","https://www.google.dk/maps/@35.2294506,139.7000509,3a,44.6y,2.1h,70.52t/data=!3m8!1e1!3m6!1szspNAjEbwd1--yJASWD6Ng!2e0!5s20150601T000000!6shttps:%2F%2Fstreetviewpixels-pa.googleapis.com%2Fv1%2Fthumbnail%3Fcb_client%3Dmaps_sv.tactile%26w%3D900%26h%3D600%26pitch%3D19.480690232086246%26panoid%3DzspNAjEbwd1--yJASWD6Ng%26yaw%3D2.1020372757507175!7i13312!8i6656?hl=da&entry=ttu&g_ep=EgoyMDI1MDEyMi4wIKXMDSoASAFQAw%3D%3D"
"Nissan","Skyline R34","GT-R","White","2019","parked","8","0.5","8.5","Carbon hood and spoiler","https://www.google.dk/maps/@35.2985695,139.1848304,3a,15.2y,75.66h,85.63t/data=!3m8!1e1!3m6!1sJTl4mgiHH8uwsJncO-yM0w!2e0!5s20190401T000000!6shttps:%2F%2Fstreetviewpixels-pa.googleapis.com%2Fv1%2Fthumbnail%3Fcb_client%3Dmaps_sv.tactile%26w%3D900%26h%3D600%26pitch%3D4.372841848281041%26panoid%3DJTl4mgiHH8uwsJncO-yM0w%26yaw%3D75.65798338908125!7i16384!8i8192?hl=da&entry=ttu&g_ep=EgoyMDI1MDEyMi4wIKXMDSoASAFQAw%3D%3D"
"Nissan","Skyline R34","GT-R","White","2010","parked","8","0","8","TE37","https://www.google.dk/maps/@35.4463114,139.4967371,3a,54y,16.82h,77.8t/data=!3m8!1e1!3m6!1s0uTXs96i468OK3_w1WhGLA!2e0!5s20100801T000000!6shttps:%2F%2Fstreetviewpixels-pa.googleapis.com%2Fv1%2Fthumbnail%3Fcb_client%3Dmaps_sv.tactile%26w%3D900%26h%3D600%26pitch%3D12.195601918564208%26panoid%3D0uTXs96i468OK3_w1WhGLA%26yaw%3D16.81853173935455!7i13312!8i6656?hl=da&entry=ttu&g_ep=EgoyMDI1MDEyMi4wIKXMDSoASAFQAw%3D%3D"
"Nissan","Skyline R34","GT-R","Blue","2013","parked","8","0","8","","https://www.google.dk/maps/@35.3431392,139.3478089,3a,41.8y,319.98h,84.45t/data=!3m8!1e1!3m6!1seMGhCr5tfd76JsDwiH2imQ!2e0!5s20130701T000000!6shttps:%2F%2Fstreetviewpixels-pa.googleapis.com%2Fv1%2Fthumbnail%3Fcb_client%3Dmaps_sv.tactile%26w%3D900%26h%3D600%26pitch%3D5.552178017067831%26panoid%3DeMGhCr5tfd76JsDwiH2imQ%26yaw%3D319.98462583870554!7i13312!8i6656?hl=da&entry=ttu&g_ep=EgoyMDI1MDEyMi4wIKXMDSoASAFQAw%3D%3D"
"Nissan","Skyline R34","GT-R","Purple","2019","parked","8","1.5","9.5","Midnight Purple III, Nismo bumper","https://www.google.dk/maps/@35.6292112,139.6444509,3a,58.4y,86.39h,74t/data=!3m7!1e1!3m5!1sVmAwB-wV6fXTI6FQ-oJH4Q!2e0!6shttps:%2F%2Fstreetviewpixels-pa.googleapis.com%2Fv1%2Fthumbnail%3Fcb_client%3Dmaps_sv.tactile%26w%3D900%26h%3D600%26pitch%3D15.997349625181371%26panoid%3DVmAwB-wV6fXTI6FQ-oJH4Q%26yaw%3D86.38531037653482!7i16384!8i8192?hl=da&entry=ttu&g_ep=EgoyMDI1MDEyMi4wIKXMDSoASAFQAw%3D%3D"